"crash_unit_id","crash_record_id","crash_date","unit_no","unit_type","num_passengers","vehicle_id","cmrc_veh_i","make","model","lic_plate_state","vehicle_year","vehicle_defect","vehicle_type","vehicle_use","travel_direction","maneuver","towed_i","fire_i","occupant_cnt","exceed_speed_limit_i","towed_by","towed_to","area_00_i","area_01_i","area_02_i","area_03_i","area_04_i","area_05_i","area_06_i","area_07_i","area_08_i","area_09_i","area_10_i","area_11_i","area_12_i","area_99_i","first_contact_point","cmv_id","usdot_no","ccmc_no","ilcc_no","commercial_src","gvwr","carrier_name","carrier_state","carrier_city","hazmat_placards_i","hazmat_name","un_no","hazmat_present_i","hazmat_report_i","hazmat_report_no","mcs_report_i","mcs_report_no","hazmat_vio_cause_crash_i","mcs_vio_cause_crash_i","idot_permit_no","wide_load_i","trailer1_width","trailer2_width","trailer1_length","trailer2_length","total_vehicle_length","axle_cnt","vehicle_config","cargo_body_type","load_type","hazmat_out_of_service_i","mcs_out_of_service_i","hazmat_class"
"2322299","b96207e401e13da346d1b4469311b42b078fee2f51a52c0f27212161376c56c81ba4df7e7849116513ca8e68c0b54837810a10b07b3ddb0bc78b2e597913b7ae","2026-06-08T17:00:00.000","1","DRIVER","1","2214914",,"LEXUS","ES","IL","2006","UNKNOWN","PASSENGER","PERSONAL","S","STRAIGHT AHEAD",,,"2",,,,,,"Y",,,,,,,,,,,,"REAR",,,,,,,,,,,,,,,,,,,,,,,,,,,,,,,,,
"2322300","b96207e401e13da346d1b4469311b42b078fee2f51a52c0f27212161376c56c81ba4df7e7849116513ca8e68c0b54837810a10b07b3ddb0bc78b2e597913b7ae","2026-06-08T17:00:00.000","2","DRIVER",,"2214954",,"VOLKSWAGEN","JETTA","IL",,"UNKNOWN","PASSENGER","PERSONAL","E","STRAIGHT AHEAD",,,"1",,,,,,,,,,,,,,,"Y","Y",,"FRONT",,,,,,,,,,,,,,,,,,,,,,,,,,,,,,,,,
"2322295","fe7837c556cd9bcd7fba7fcf8e5653039a814948bd215931cd22523f3f9b4c4429bb05eed81005288928884b66fc29417191f97b049a2343cbb2464a9de29450","2026-06-08T17:00:00.000","1","DRIVER",,"2214992",,"MITSUBISHI","OUTLANDER","IL","2018","UNKNOWN","PASSENGER","PERSONAL","E","STRAIGHT AHEAD",,,"1",,,,,"Y",,,,,,,,,,"Y","Y",,"FRONT",,,,,,,,,,,,,,,,,,,,,,,,,,,,,,,,,
"2322296","fe7837c556cd9bcd7fba7fcf8e5653039a814948bd215931cd22523f3f9b4c4429bb05eed81005288928884b66fc29417191f97b049a2343cbb2464a9de29450","2026-06-08T17:00:00.000","2","DRIVER",,"2214897",,"CHEVROLET","OTHER (EXPLAIN IN NARRATIVE)","IL","2014","UNKNOWN","PASSENGER","PERSONAL","N","STRAIGHT AHEAD",,,"1",,,,,"N",,,,,,,,"Y","Y","Y","N",,"SIDE-LEFT",,,,,,,,,,,,,,,,,,,,,,,,,,,,,,,,,
"2322336","4c1270922a792e9eed1e4e6bd3dc9815a2fefa513b61366b3cbfa85c2813c95e05c8fe747e5bc704f8170cdf9b574f939f1d59400ef14df9b5cdeed70733a439","2026-06-08T16:50:00.000","1","DRIVER",,"2214926",,"FORD","FUSION","IL","2010","UNKNOWN","PASSENGER","PERSONAL","E","STRAIGHT AHEAD",,,"1",,,,,,,,,,,,,,,,,"Y","UNKNOWN",,,,,,,,,,,,,,,,,,,,,,,,,,,,,,,,,
"2322337","4c1270922a792e9eed1e4e6bd3dc9815a2fefa513b61366b3cbfa85c2813c95e05c8fe747e5bc704f8170cdf9b574f939f1d59400ef14df9b5cdeed70733a439","2026-06-08T16:50:00.000","2","DRIVER","2","2214940",,"NISSAN","SENTRA","IL","2025","NONE","PASSENGER","PERSONAL","E","SLOW/STOP IN TRAFFIC",,,"3",,,,,,,,,,"Y",,,,,,,,"REAR",,,,,,,,,,,,,,,,,,,,,,,,,,,,,,,,,
"2322220","e3973c68d9be5657c07adef6b3af3620b344999b5dab16d52b221b69a8ab3a86b5917006612e3c010b9d0ca73bf4296df48ba99740a069faab6c02cc25cb9dce","2026-06-08T16:44:00.000","1","DRIVER",,"2214833",,"KIA","TELLURIDE","IL","2020","UNKNOWN","PASSENGER","PERSONAL","UNKNOWN","U-TURN",,,"1",,,,,"Y",,,,,,,,,,"Y","Y",,"FRONT",,,,,,,,,,,,,,,,,,,,,,,,,,,,,,,,,
"2322221","e3973c68d9be5657c07adef6b3af3620b344999b5dab16d52b221b69a8ab3a86b5917006612e3c010b9d0ca73bf4296df48ba99740a069faab6c02cc25cb9dce","2026-06-08T16:44:00.000","2","DRIVER",,"2214838",,"LEXUS","NX","IL","2019","UNKNOWN","PASSENGER","PERSONAL","E","UNKNOWN/NA",,,"1",,,,,"N",,,,,,,,"N","N","Y",,,"SIDE-LEFT-FRONT",,,,,,,,,,,,,,,,,,,,,,,,,,,,,,,,,
"2322316","e34a5eec40f391051339a16de398a9644b3593e3b9faf80cb7ba7046b178ad7c2c6861883e3050c5401f5df812291b6fd7a39e43e6006034a3602bf421bbc41f","2026-06-08T16:42:00.000","1","DRIVER",,"2214924",,"MAZDA","MAZDA2","IL","2012","UNKNOWN","PASSENGER","UNKNOWN/NA","E","STRAIGHT AHEAD",,,"1",,,,,"Y",,,,,,"N",,,,"Y","Y",,"FRONT",,,,,,,,,,,,,,,,,,,,,,,,,,,,,,,,,
"2322317","e34a5eec40f391051339a16de398a9644b3593e3b9faf80cb7ba7046b178ad7c2c6861883e3050c5401f5df812291b6fd7a39e43e6006034a3602bf421bbc41f","2026-06-08T16:42:00.000","2","DRIVER",,"2214936",,"CHEVROLET","EQUINOX","IL","2026","UNKNOWN","SPORT UTILITY VEHICLE (SUV)","UNKNOWN/NA","E","SLOW/STOP IN TRAFFIC",,,"1",,,,,,,,,"Y","Y","Y",,,,,,,"REAR",,,,,,,,,,,,,,,,,,,,,,,,,,,,,,,,,
"2322226","e02f285a74d0add6ab978de4f5b6737e9d65fe802336341a90954ced5b3047f7a6671022586d0cfbab1435c89901fe0203b437a1170638c74ad3b4bb31b54816","2026-06-08T16:40:00.000","1","DRIVER",,"2214830",,"UNKNOWN","OTHER (EXPLAIN IN NARRATIVE)",,,"UNKNOWN","UNKNOWN/NA","UNKNOWN/NA","W","STRAIGHT AHEAD",,,"1",,,,,,,,,,,,,,,,,"Y","UNKNOWN",,,,,,,,,,,,,,,,,,,,,,,,,,,,,,,,,
"2322227","e02f285a74d0add6ab978de4f5b6737e9d65fe802336341a90954ced5b3047f7a6671022586d0cfbab1435c89901fe0203b437a1170638c74ad3b4bb31b54816","2026-06-08T16:40:00.000","2","DRIVER",,"2214839",,"MAZDA","OTHER (EXPLAIN IN NARRATIVE)","IL","2021","NONE","PASSENGER","PERSONAL","W","STRAIGHT AHEAD",,,"1",,,,,"Y",,,,,,"Y","Y",,,"Y","Y",,"REAR-LEFT-CORNER",,,,,,,,,,,,,,,,,,,,,,,,,,,,,,,,,
"2322228","e02f285a74d0add6ab978de4f5b6737e9d65fe802336341a90954ced5b3047f7a6671022586d0cfbab1435c89901fe0203b437a1170638c74ad3b4bb31b54816","2026-06-08T16:40:00.000","3","PARKED",,"2214843",,"HONDA","CIVIC","IL","2009","NONE","PASSENGER","PERSONAL","W","PARKED",,,"0",,,,,"Y",,,,,,"Y","Y",,,"Y","Y",,"REAR-LEFT-CORNER",,,,,,,,,,,,,,,,,,,,,,,,,,,,,,,,,
"2322229","e02f285a74d0add6ab978de4f5b6737e9d65fe802336341a90954ced5b3047f7a6671022586d0cfbab1435c89901fe0203b437a1170638c74ad3b4bb31b54816","2026-06-08T16:40:00.000","4","PARKED",,"2214880",,"INFINITI","OTHER (EXPLAIN IN NARRATIVE)","IL","2015","NONE","PASSENGER","PERSONAL","W","PARKED",,,"0",,,,,,,,,"Y","Y","Y",,,,,,,"REAR",,,,,,,,,,,,,,,,,,,,,,,,,,,,,,,,,
"2322361","9eaaf98fca594f4839d041df522b8b689d9c1b1308d11a3660c9509f41f58420c0beca3eb9383435e61f45ed8ddf83eb8b362c2f6d29b22849089d8b13f60cdb","2026-06-08T16:37:00.000","1","DRIVER",,"2214967",,"HYUNDAI","TUCSON","IL","2016","UNKNOWN","SPORT UTILITY VEHICLE (SUV)","UNKNOWN/NA","UNKNOWN","UNKNOWN/NA",,,"1",,,,,,,,,,,,,,,,,"Y","UNKNOWN",,,,,,,,,,,,,,,,,,,,,,,,,,,,,,,,,
"2322362","9eaaf98fca594f4839d041df522b8b689d9c1b1308d11a3660c9509f41f58420c0beca3eb9383435e61f45ed8ddf83eb8b362c2f6d29b22849089d8b13f60cdb","2026-06-08T16:37:00.000","2","DRIVERLESS",,"2214975",,"VOLKSWAGEN","ATLAS","IL","2026","UNKNOWN","SPORT UTILITY VEHICLE (SUV)","UNKNOWN/NA","UNKNOWN","PARKED",,,"0",,,,,,,,,,,,"Y","Y","Y",,,,"SIDE-LEFT",,,,,,,,,,,,,,,,,,,,,,,,,,,,,,,,,
"2322306","d7e7b8a6b6808ebe6e616d0c02ded9105662586aa20e4d195e7f790a50629f219d5b2fbfbb35bed3a7eed266050752f0e2b5420cbf37cf353e5f87c4efbaced6","2026-06-08T16:36:00.000","1","DRIVER",,"2214904",,"NISSAN","ROGUE","IL","2018","UNKNOWN","PASSENGER","PERSONAL","UNKNOWN","STRAIGHT AHEAD",,,"1",,,,,"Y",,,,,,,,,,"Y","Y",,"FRONT",,,,,,,,,,,,,,,,,,,,,,,,,,,,,,,,,
"2322307","d7e7b8a6b6808ebe6e616d0c02ded9105662586aa20e4d195e7f790a50629f219d5b2fbfbb35bed3a7eed266050752f0e2b5420cbf37cf353e5f87c4efbaced6","2026-06-08T16:36:00.000","2","DRIVER",,"2214910",,"TOYOTA","PRIUS","IL","2021","NONE","PASSENGER","PERSONAL","UNKNOWN","STRAIGHT AHEAD",,,"1",,,,,,,,,,,"Y","Y","Y","Y",,,,"SIDE-LEFT",,,,,,,,,,,,,,,,,,,,,,,,,,,,,,,,,
"2322289","26d2847369538752476d11f76d4e1f71917a79246b9d8ced97257bc81dd14022d350961d336c160f9b94af6fca81cbb193f135ebdf05dcda3c9471009e0d9acb","2026-06-08T16:30:00.000","1","DRIVER",,"2214923",,"HYUNDAI","ELANTRA",,"2016","NONE","PASSENGER","PERSONAL","N","STRAIGHT AHEAD",,,"1",,,,,,,,,,,,,,,"Y",,,"FRONT-LEFT-CORNER",,,,,,,,,,,,,,,,,,,,,,,,,,,,,,,,,
"2322290","26d2847369538752476d11f76d4e1f71917a79246b9d8ced97257bc81dd14022d350961d336c160f9b94af6fca81cbb193f135ebdf05dcda3c9471009e0d9acb","2026-06-08T16:30:00.000","2","DRIVER",,"2214943",,"CHEVROLET","CONFEDERATE","IL","2024","NONE","PICKUP","PERSONAL","S","STRAIGHT AHEAD",,,"1",,,,,"N",,,,,,,,,,"Y","Y",,"FRONT-LEFT-CORNER",,,,,,,,,,,,,,,,,,,,,,,,,,,,,,,,,
"2322243","7edade390e5e5e9c405ddc9a1d371b8dab3465cd8d34e0429597400c91dae85c1725c810655df088ccf4de7f7cd0dbe7abf503993d832b388240bae368ba22f9","2026-06-08T16:30:00.000","1","DRIVER",,"2214850",,"UNKNOWN","OTHER (EXPLAIN IN NARRATIVE)","IL",,"UNKNOWN","UNKNOWN/NA","UNKNOWN/NA","UNKNOWN","UNKNOWN/NA",,,"1",,,,,,,,,,,,,,,,,,"UNKNOWN",,,,,,,,,,,,,,,,,,,,,,,,,,,,,,,,,
"2322244","7edade390e5e5e9c405ddc9a1d371b8dab3465cd8d34e0429597400c91dae85c1725c810655df088ccf4de7f7cd0dbe7abf503993d832b388240bae368ba22f9","2026-06-08T16:30:00.000","2","PARKED",,"2214852",,"MERCEDES-BENZ","OTHER (EXPLAIN IN NARRATIVE)","IL","2017","NONE","PASSENGER","PERSONAL","N","PARKED",,,"0",,,,,"Y","Y","Y",,,,,,,,,,,"REAR",,,,,,,,,,,,,,,,,,,,,,,,,,,,,,,,,
"2322367","99d86f320982015039a963cf88129d800937c567054898a726ee9c762d01bcceccd0cb00368f1e3dc64dc552b73ad651096a92848935357a67e2bd49dd7a260e","2026-06-08T16:30:00.000","1","DRIVER",,"2214981",,"CHEVROLET","SILVERADO","IL","2024","NONE","PICKUP","PERSONAL","W","ENTERING TRAFFIC LANE FROM PARKING",,,"1",,,,,,,,,,,,,,,,,"Y","FRONT-LEFT-CORNER",,,,,,,,,,,,,,,,,,,,,,,,,,,,,,,,,
"2322380","99d86f320982015039a963cf88129d800937c567054898a726ee9c762d01bcceccd0cb00368f1e3dc64dc552b73ad651096a92848935357a67e2bd49dd7a260e","2026-06-08T16:30:00.000","2","DRIVER","4","2214984",,"HYUNDAI","ELANTRA","IL","2016","NONE","PASSENGER","PERSONAL","W","STRAIGHT AHEAD",,,"5",,,,,"Y","Y",,,,,,,,,,,,"FRONT-RIGHT-CORNER",,,,,,,,,,,,,,,,,,,,,,,,,,,,,,,,,
"2322271","6ce424e99c292c7a4615ea99ce6cf847845eaaa731e53a7baec2bbf6a8745e10eb54b0b6d5e07ed7709f85b6c6a47f790b7a9fc383e8bd5c97decefd7dc50666","2026-06-08T16:29:00.000","1","DRIVER",,"2214877",,"HONDA","CR-V","IL","2021","UNKNOWN","PASSENGER","PERSONAL","S","CHANGING LANES","Y",,"1",,"INTENT TO TOW","UNK",,,,,,,,,,"Y","Y","Y","N",,"SIDE-LEFT-FRONT",,,,,,,,,,,,,,,,,,,,,,,,,,,,,,,,,
"2322272","6ce424e99c292c7a4615ea99ce6cf847845eaaa731e53a7baec2bbf6a8745e10eb54b0b6d5e07ed7709f85b6c6a47f790b7a9fc383e8bd5c97decefd7dc50666","2026-06-08T16:29:00.000","2","DRIVER",,"2214884",,"TESLA","MODEL Y","IL","2021","UNKNOWN","PASSENGER","PERSONAL","S","STRAIGHT AHEAD","Y",,"1",,"INTENT TO TOW","UNK",,"Y","Y","Y",,,,,,,,,,,"SIDE-RIGHT-FRONT",,,,,,,,,,,,,,,,,,,,,,,,,,,,,,,,,
"2322218","fb1168ead7f60873f0f952fcd60928f0bd84faad8acdd147dcab1c9c84baccadd61efb3f6a457637650f68f59c992bde6d496cbb9d2623aef7cb1b4913b95c99","2026-06-08T16:23:00.000","1","DRIVER",,"2214840",,"HYUNDAI","TUCSON","IL","2013","UNKNOWN","SPORT UTILITY VEHICLE (SUV)","PERSONAL","N","STRAIGHT AHEAD",,,"1",,,,,"Y",,,,,,,,,,"Y","Y",,"FRONT",,,,,,,,,,,,,,,,,,,,,,,,,,,,,,,,,
"2322219","fb1168ead7f60873f0f952fcd60928f0bd84faad8acdd147dcab1c9c84baccadd61efb3f6a457637650f68f59c992bde6d496cbb9d2623aef7cb1b4913b95c99","2026-06-08T16:23:00.000","2","DRIVER",,"2214832",,"TOYOTA","RAV4","IL","2026","NONE","SPORT UTILITY VEHICLE (SUV)","PERSONAL","E","STRAIGHT AHEAD",,,"1",,,,,,,,,,,,"Y","Y","Y","Y",,,"SIDE-LEFT",,,,,,,,,,,,,,,,,,,,,,,,,,,,,,,,,
"2322285","4d8442af1223c1becc28298ded9f9799f536b7506ee4c5d2ae9230639bdf23a92445dd014cafae43d5fb4bb3000955f512df748616000e128e47f296e1e1e296","2026-06-08T16:15:00.000","1","DRIVER",,"2214909",,"UNKNOWN","OTHER (EXPLAIN IN NARRATIVE)",,,"UNKNOWN","UNKNOWN/NA","UNKNOWN/NA","UNKNOWN","UNKNOWN/NA",,,"1",,,,,,,,,,,,,,,,,"Y","UNKNOWN",,,,,,,,,,,,,,,,,,,,,,,,,,,,,,,,,
"2322286","4d8442af1223c1becc28298ded9f9799f536b7506ee4c5d2ae9230639bdf23a92445dd014cafae43d5fb4bb3000955f512df748616000e128e47f296e1e1e296","2026-06-08T16:15:00.000","2","PARKED",,"2214912",,"LEXUS","LS","IL","2005","UNKNOWN","PASSENGER","NOT IN USE","UNKNOWN","PARKED",,,"0",,,,,,,"Y","Y","Y",,,,,,,,,"SIDE-RIGHT-REAR",,,,,,,,,,,,,,,,,,,,,,,,,,,,,,,,,
"2322436","facd1e2d5799ff9ca1a1667581e6f6bd05c2ca2c4233bafec493047db1502f221684d8598c14cfd4974ee3383229be17454484ed683a3a5f1f68633ac373f7b9","2026-06-08T16:15:00.000","1","DRIVER",,"2215045",,"HONDA","ODYSSEY","IL","2006","NONE","SPORT UTILITY VEHICLE (SUV)","UNKNOWN/NA","E","SLOW/STOP IN TRAFFIC",,,"1",,,,,,,,,,,,,,,,"Y",,"FRONT",,,,,,,,,,,,,,,,,,,,,,,,,,,,,,,,,
"2322437","facd1e2d5799ff9ca1a1667581e6f6bd05c2ca2c4233bafec493047db1502f221684d8598c14cfd4974ee3383229be17454484ed683a3a5f1f68633ac373f7b9","2026-06-08T16:15:00.000","2","DRIVER",,"2215049",,"NISSAN","ROGUE","IL","2016","NONE","SPORT UTILITY VEHICLE (SUV)","PERSONAL","E","SLOW/STOP IN TRAFFIC",,,"1",,,,,,,,,"Y","Y",,,,,,,,"REAR",,,,,,,,,,,,,,,,,,,,,,,,,,,,,,,,,
"2322318","fae5c12ac36f5b5a092964cb555eb75b24a8508b62803692b65fdcb5f0da4c5e717ab1e31a1b1b227aa1bda493b0c8edb294bb53c069da772554d441609d4701","2026-06-08T16:15:00.000","1","DRIVER",,"2214922",,"HONDA","OTHER (EXPLAIN IN NARRATIVE)","IL","2012","UNKNOWN","PASSENGER","UNKNOWN/NA","S","STRAIGHT AHEAD",,,"1",,,,,"Y",,,,,,"N",,,,"Y","Y",,"FRONT",,,,,,,,,,,,,,,,,,,,,,,,,,,,,,,,,
"2322319","fae5c12ac36f5b5a092964cb555eb75b24a8508b62803692b65fdcb5f0da4c5e717ab1e31a1b1b227aa1bda493b0c8edb294bb53c069da772554d441609d4701","2026-06-08T16:15:00.000","2","DRIVER",,"2214941",,"HONDA","OTHER (EXPLAIN IN NARRATIVE)","IL","2008","UNKNOWN","PASSENGER","UNKNOWN/NA","S","UNKNOWN/NA",,,"1",,,,,"Y",,,,"Y","Y","Y",,,,"Y","Y",,"REAR",,,,,,,,,,,,,,,,,,,,,,,,,,,,,,,,,
"2322320","fae5c12ac36f5b5a092964cb555eb75b24a8508b62803692b65fdcb5f0da4c5e717ab1e31a1b1b227aa1bda493b0c8edb294bb53c069da772554d441609d4701","2026-06-08T16:15:00.000","3","DRIVER",,"2214968",,"TOYOTA","RAV4","IL","2022","NONE","PASSENGER","PERSONAL","S","SLOW/STOP IN TRAFFIC",,,"1",,,,,,,,,"Y","Y","Y",,,,,,,"REAR",,,,,,,,,,,,,,,,,,,,,,,,,,,,,,,,,
"2322205","4999d2e4950489a3e080d81558dd002b98acc20e8d1c57653a875495f9d48eaf4ac526bcd57559503c534dc29ecff9a6db908cbd77554822ffa0b17f872a4eb2","2026-06-08T16:08:00.000","1","DRIVER",,"2214829",,"AUDI","Q5","IL","2023","UNKNOWN","PASSENGER","PERSONAL","E","STRAIGHT AHEAD",,,"1",,,,,,,,,,,,,,,"Y","Y",,"FRONT-LEFT-CORNER",,,,,,,,,,,,,,,,,,,,,,,,,,,,,,,,,
"2322206","4999d2e4950489a3e080d81558dd002b98acc20e8d1c57653a875495f9d48eaf4ac526bcd57559503c534dc29ecff9a6db908cbd77554822ffa0b17f872a4eb2","2026-06-08T16:08:00.000","2","DRIVER",,"2214842",,"AUDI","S5","IL","2019","UNKNOWN","PASSENGER","PERSONAL","E","STRAIGHT AHEAD",,,"1",,,,,,,,,"Y","Y","Y",,,,,,,"REAR",,,,,,,,,,,,,,,,,,,,,,,,,,,,,,,,,
"2322207","d75c7b7f63f95343daa84242e61b48f4a26e48a8201b1edaccc75118e4fdc2838c0ac628912be59db6d122f08cc8c6711eb52aa38322c4a4b1491c90544d435e","2026-06-08T16:00:00.000","1","DRIVER",,"2214816",,"FORD","FOCUS","TX","2017","UNKNOWN","UNKNOWN/NA","UNKNOWN/NA","E","BACKING",,,"1",,,,,,,,,,,,,,,,,"Y","REAR",,,,,,,,,,,,,,,,,,,,,,,,,,,,,,,,,
"2322208","d75c7b7f63f95343daa84242e61b48f4a26e48a8201b1edaccc75118e4fdc2838c0ac628912be59db6d122f08cc8c6711eb52aa38322c4a4b1491c90544d435e","2026-06-08T16:00:00.000","2","DRIVER",,"2214822",,"LEXUS","RX450H","IL","2015","UNKNOWN","UNKNOWN/NA","UNKNOWN/NA","W","SLOW/STOP IN TRAFFIC",,,"1",,,,,,,,,,,,,,,,"Y",,"FRONT",,,,,,,,,,,,,,,,,,,,,,,,,,,,,,,,,
"2322215","471035bcfde16c3f4a0ca82680941fe7849351e945c2bdcf087364016208c9ef551f47c1d8d25c0a4525d7e02af3024f64e0b3d7b0ca931dfba7549ff4292eb8","2026-06-08T15:58:00.000","1","DRIVER",,"2214821",,"UNKNOWN","OTHER (EXPLAIN IN NARRATIVE)","IL",,"UNKNOWN","UNKNOWN/NA","UNKNOWN/NA","UNKNOWN","UNKNOWN/NA",,,"1",,,,,,,,,,,,,,,,,,"UNKNOWN",,,,,,,,,,,,,,,,,,,,,,,,,,,,,,,,,
"2322216","471035bcfde16c3f4a0ca82680941fe7849351e945c2bdcf087364016208c9ef551f47c1d8d25c0a4525d7e02af3024f64e0b3d7b0ca931dfba7549ff4292eb8","2026-06-08T15:58:00.000","2","DRIVER",,"2214826",,"HONDA","CR-V","IL","2012","UNKNOWN","PASSENGER","PERSONAL","N","STRAIGHT AHEAD",,,"1",,,,,,,,,,,,,,,,,,"REAR-RIGHT-CORNER",,,,,,,,,,,,,,,,,,,,,,,,,,,,,,,,,
"2322256","751601221d12366cd86c5c7896dcd9d0e17ed7c262989c9fd7b65a98f7a64931c4f852636a58f87d4b3979927f60dd3dacd46c5d9845284190707299461871c0","2026-06-08T15:57:00.000","1","PARKED","1","2214854",,"GENERAL MOTORS CORPORATION (GMC)","TERRAIN","MI","2021","NONE","PASSENGER","PERSONAL","W","PARKED",,,"1",,,,,,,,,,,,,,"Y",,,,"SIDE-LEFT",,,,,,,,,,,,,,,,,,,,,,,,,,,,,,,,,
"2322257","751601221d12366cd86c5c7896dcd9d0e17ed7c262989c9fd7b65a98f7a64931c4f852636a58f87d4b3979927f60dd3dacd46c5d9845284190707299461871c0","2026-06-08T15:57:00.000","2","BICYCLE",,,,,,,,,,,,,,,,,,,,,,,,,,,,,,,,,,,,,,,,,,,,,,,,,,,,,,,,,,,,,,,,,,
"2322245","d5ac811c84335f096f47d4ebfc8fba98fc19c10000e301548f748ecaf200fdaac86a04639280d1c4cb001417218303de36f68ecf582abd566276bce8e46943bd","2026-06-08T15:55:00.000","1","DRIVER","1","2214866",,"CHEVROLET","CRUZE","IL","2012","UNKNOWN","UNKNOWN/NA","UNKNOWN/NA","UNKNOWN","STRAIGHT AHEAD",,,"2",,,,,,,"N",,,,,,"Y","Y","Y",,,"SIDE-LEFT-FRONT",,,,,,,,,,,,,,,,,,,,,,,,,,,,,,,,,
"2322246","d5ac811c84335f096f47d4ebfc8fba98fc19c10000e301548f748ecaf200fdaac86a04639280d1c4cb001417218303de36f68ecf582abd566276bce8e46943bd","2026-06-08T15:55:00.000","2","DRIVER",,"2214887",,"HONDA","CR-V","IL","2026","UNKNOWN","UNKNOWN/NA","PERSONAL","W","STRAIGHT AHEAD",,,"1",,,,,,,,,,,,,,,,"Y",,"FRONT",,,,,,,,,,,,,,,,,,,,,,,,,,,,,,,,,
"2322522","b10cb9fed75c50239df3889f391329617a8060ee0e0a44b57754696a7fc2bbeb64e6c36adca1a6b0abe9e3576998a06c4fbbf15aecf54e5eecede4c6a71f0180","2026-06-08T15:52:00.000","1","DRIVER",,"2215123",,"CHEVROLET","COLORADO","IL","2018","NONE","TRUCK - SINGLE UNIT","PERSONAL","S","STRAIGHT AHEAD",,,"1",,,,,"Y","Y","Y","Y",,,,,,,,,,"FRONT-RIGHT-CORNER",,,,,,,,,,,,,,,,,,,,,,,,,,,,,,,,,
"2322523","b10cb9fed75c50239df3889f391329617a8060ee0e0a44b57754696a7fc2bbeb64e6c36adca1a6b0abe9e3576998a06c4fbbf15aecf54e5eecede4c6a71f0180","2026-06-08T15:52:00.000","2","DRIVER",,"2215121",,"GENERAL MOTORS CORPORATION (GMC)","ACADIA","IL","2023","NONE","SPORT UTILITY VEHICLE (SUV)","PERSONAL","S","STRAIGHT AHEAD",,,"1",,,,,,,,,,,,,,"Y","Y",,,"FRONT-LEFT-CORNER",,,,,,,,,,,,,,,,,,,,,,,,,,,,,,,,,
"2322305","d14d5b0b26ffc578abb407b502bc4819144bcb9cddda3c3c6d22f091566d367564531454ebef2a04c960dacd8aa66f887217d30983d3dfc30d21d44f8c29e234","2026-06-08T15:45:00.000","1","DRIVER","1","2214905",,"CADILLAC","XT4","IL","2019","UNKNOWN","PASSENGER","PERSONAL","W","STRAIGHT AHEAD","Y",,"2",,"Private tow","447 e 111th st",,"Y",,,,,,,,,"Y","Y","Y",,"FRONT-LEFT-CORNER",,,,,,,,,,,,,,,,,,,,,,,,,,,,,,,,,
"2322233","80124bf94ea01272cf45e8b54e4bebc107cc6075359bf0640a5f9efc36611617c3d977755f0dfcbfac05e3321412807c58667f1bf355521a0c8110c659b2c8eb","2026-06-08T15:40:00.000","1","DRIVER",,"2214841",,"MERCEDES-BENZ","GLC","IL","2012","NONE","PASSENGER","PERSONAL","S","TURNING RIGHT",,,"1",,,,,,,,,,,,,,,,"N","Y","UNKNOWN",,,,,,,,,,,,,,,,,,,,,,,,,,,,,,,,,
"2322234","80124bf94ea01272cf45e8b54e4bebc107cc6075359bf0640a5f9efc36611617c3d977755f0dfcbfac05e3321412807c58667f1bf355521a0c8110c659b2c8eb","2026-06-08T15:40:00.000","2","DRIVER","1","2214846",,"BUICK","ENCORE","WI","2021","NONE","SPORT UTILITY VEHICLE (SUV)","PERSONAL","E","STRAIGHT AHEAD","Y",,"2",,"unknown","unknown",,,,,,,,"Y","Y","Y",,,,,"REAR-LEFT-CORNER",,,,,,,,,,,,,,,,,,,,,,,,,,,,,,,,,
"2322192","b86ce06c6fb17eede1575553167780836f13c319d38bbaf7f6fb5c50e3f04bfe9b233b6235f008d72a1cc5f88f4a5ea4c363c6f68ca0b004a80e19348fdc2cb2","2026-06-08T15:39:00.000","1","DRIVER",,"2214803",,"TOYOTA","RAV4","IL","2025","UNKNOWN","SPORT UTILITY VEHICLE (SUV)","PERSONAL","S","OTHER",,,"1",,,,,,,,,,,,,"Y","Y",,,,"SIDE-LEFT",,,,,,,,,,,,,,,,,,,,,,,,,,,,,,,,,
"2322193","b86ce06c6fb17eede1575553167780836f13c319d38bbaf7f6fb5c50e3f04bfe9b233b6235f008d72a1cc5f88f4a5ea4c363c6f68ca0b004a80e19348fdc2cb2","2026-06-08T15:39:00.000","2","BICYCLE",,,,,,,,,,,,,,,,,,,,,,,,,,,,,,,,,,,,,,,,,,,,,,,,,,,,,,,,,,,,,,,,,,
"2322281","2d09ee82701080df426a670d269d16ee30365bdbaaa12c95580e583abbf32da730213bdff812b034fbd966858214ad7fb9a0331c034f05e4b780fa54ebdeed04","2026-06-08T15:37:00.000","1","DRIVER",,"2214886",,"SUBARU","CROSSTREK","IL","2014","NONE","PASSENGER","PERSONAL","NW","TURNING LEFT",,,"1",,,,,"Y",,,,,,,,"Y","Y","Y","Y",,"TOTAL (ALL AREAS)",,,,,,,,,,,,,,,,,,,,,,,,,,,,,,,,,