"crash_unit_id","crash_record_id","crash_date","unit_no","unit_type","num_passengers","vehicle_id","cmrc_veh_i","make","model","lic_plate_state","vehicle_year","vehicle_defect","vehicle_type","vehicle_use","travel_direction","maneuver","towed_i","fire_i","occupant_cnt","exceed_speed_limit_i","towed_by","towed_to","area_00_i","area_01_i","area_02_i","area_03_i","area_04_i","area_05_i","area_06_i","area_07_i","area_08_i","area_09_i","area_10_i","area_11_i","area_12_i","area_99_i","first_contact_point","cmv_id","usdot_no","ccmc_no","ilcc_no","commercial_src","gvwr","carrier_name","carrier_state","carrier_city","hazmat_placards_i","hazmat_name","un_no","hazmat_present_i","hazmat_report_i","hazmat_report_no","mcs_report_i","mcs_report_no","hazmat_vio_cause_crash_i","mcs_vio_cause_crash_i","idot_permit_no","wide_load_i","trailer1_width","trailer2_width","trailer1_length","trailer2_length","total_vehicle_length","axle_cnt","vehicle_config","cargo_body_type","load_type","hazmat_out_of_service_i","mcs_out_of_service_i","hazmat_class"
"2322262","c919eef247c8a8b769581d249ffa4e55f44a0aca6cdfcf2b93fac5c4b32913400259f420dc14d320ca63b2fb0b27de364312bd32717afdfd3c95304e7266a9ce","2026-06-08T11:15:00.000","2","PARKED",,"2214865",,"SUBARU","LEGACY","IL","2005","NONE","PASSENGER","NOT IN USE","E","PARKED",,,"0",,,,,,,,,,,"Y","Y",,,,,,"SIDE-LEFT-REAR",,,,,,,,,,,,,,,,,,,,,,,,,,,,,,,,,
"2321999","280d1db2c343fb74758f766230322091c6eaa282da75d72d22258340cddce11cc111371642b2c2ca5f7423de2e0710eeeddadb069e70481df358fe28be5398a2","2026-06-08T11:10:00.000","1","DRIVER",,"2214624",,"CHEVROLET","MALIBU","IN","2016","UNKNOWN","PASSENGER","UNKNOWN/NA","W","STRAIGHT AHEAD",,,"1",,,,,,,,,,,,,,,,,"Y","UNKNOWN",,,,,,,,,,,,,,,,,,,,,,,,,,,,,,,,,
"2322000","280d1db2c343fb74758f766230322091c6eaa282da75d72d22258340cddce11cc111371642b2c2ca5f7423de2e0710eeeddadb069e70481df358fe28be5398a2","2026-06-08T11:10:00.000","2","DRIVER","1","2214630",,"FORD","F150","IL","2017","NONE","PICKUP","UNKNOWN/NA","W","STRAIGHT AHEAD",,,"2",,,,,"Y","Y",,,,,,,,,,,,"SIDE-RIGHT",,,,,,,,,,,,,,,,,,,,,,,,,,,,,,,,,
"2322069","97bce17e2d70cbc8fbfac8d8ed5ec43d3844b2a7dda4822a9fa2e0480ab09b5b1410c65907e3c034fb7f072722bc26e127511a3d1db639de7f8c3bdf28051b9f","2026-06-08T11:00:00.000","1","DRIVER",,"2214686",,"BUICK","ENCLAVE","WI","2026","NONE","SPORT UTILITY VEHICLE (SUV)","PERSONAL","SE","ENTERING TRAFFIC LANE FROM PARKING",,,"1",,,,,,,,,,,,,,"Y",,,,"SIDE-LEFT",,,,,,,,,,,,,,,,,,,,,,,,,,,,,,,,,
"2322031","3dc1de06c89c4cf12d898405554d30a779e9e21168da4d9b868797afd4b8f4979b6de04c0f3e7f5babfd66804e6b709d1a4b93c0113469b67aaecb505900370f","2026-06-08T10:59:00.000","1","DRIVER",,"2214661","Y","MACK TRUCKS, INC.","MACK TRUCKS, INC.","IL","2004","LIGHTS","SINGLE UNIT TRUCK WITH TRAILER","CONSTRUCTION/MAINTENANCE","NE","BACKING",,,"1",,,,,,,,,,,"Y",,,,,,,"REAR-LEFT-CORNER","23633",,,,,,"PULIDO TRUCKING INC","IL","BURBANK",,,,"N","N",,"N",,"N","N",,,,,,,,,,,,"N","N",
"2322032","3dc1de06c89c4cf12d898405554d30a779e9e21168da4d9b868797afd4b8f4979b6de04c0f3e7f5babfd66804e6b709d1a4b93c0113469b67aaecb505900370f","2026-06-08T10:59:00.000","2","DRIVER",,"2214671","Y","FORD","TRANSIT","IL","2024","NONE","VAN/MINI-VAN","CONSTRUCTION/MAINTENANCE","S","STRAIGHT AHEAD",,,"1",,,,,,"Y","Y","Y",,,,,,,,,,"SIDE-RIGHT","23634",,,,,,"JCDECAUX NORTH AMERICA INC","IL","CHICAGO",,,,"N","N",,"N",,"N","N",,,,,,,,,,,,"N","N",
"2322012","c580d361c7956fdea01a9b045269cc60c945b21854e798788080202d675df44ed96b6a6df2ea48cc270a98d461815744a1ca403d18f0399b4dd2edf18e0eda8d","2026-06-08T10:58:00.000","1","DRIVER",,"2214645",,"LEXUS","ES330","IL","2005","NONE","PASSENGER","PERSONAL","S","STRAIGHT AHEAD",,,"1",,,,,"Y","Y","N",,,,,,,,,"Y",,"FRONT-RIGHT-CORNER",,,,,,,,,,,,,,,,,,,,,,,,,,,,,,,,,
"2322013","c580d361c7956fdea01a9b045269cc60c945b21854e798788080202d675df44ed96b6a6df2ea48cc270a98d461815744a1ca403d18f0399b4dd2edf18e0eda8d","2026-06-08T10:58:00.000","2","PARKED",,"2214655",,"VOLKSWAGEN","JETTA","IL","2020","NONE","PASSENGER","NOT IN USE","S","PARKED",,,"0",,,,,,,,,,"Y","Y","Y","Y",,,,,"REAR-LEFT-CORNER",,,,,,,,,,,,,,,,,,,,,,,,,,,,,,,,,
"2322075","7094664674c24313279184e3da7410da3993824ccd61e1934af9660d6c7811121317dd5e55b27b076191a942b18b7c0cc403883ae17522797348c3d1fd110fbc","2026-06-08T10:53:00.000","1","DRIVER","1","2214695",,"DODGE","GRAND CARAVAN","IL","2007","UNKNOWN","VAN/MINI-VAN","PERSONAL","N","UNKNOWN/NA","Y",,"2",,"CHICAGO POLICE DEPARTMENT","POUND#2",,"Y",,,,,,,,,,"Y","Y",,"FRONT",,,,,,,,,,,,,,,,,,,,,,,,,,,,,,,,,
"2322076","7094664674c24313279184e3da7410da3993824ccd61e1934af9660d6c7811121317dd5e55b27b076191a942b18b7c0cc403883ae17522797348c3d1fd110fbc","2026-06-08T10:53:00.000","2","PARKED",,"2214701",,"DODGE","RAM 1500 PU","IL","2003","UNKNOWN","PICKUP","NOT IN USE","W","PARKED",,,"0",,,,,,,,,,,,"Y","Y","Y",,,,"SIDE-LEFT-FRONT",,,,,,,,,,,,,,,,,,,,,,,,,,,,,,,,,
"2322008","8759792ab43675213985667e263e0b362c5b4e94b11546c602c5ef9d9362b25eb48bdf6d65f66ccc1d9cee3fdf015bd931395ac329c1f93b8eee3d2ca49d21d4","2026-06-08T10:43:00.000","1","DRIVER",,"2214631",,"FORD","EXPEDITION","WV",,"UNKNOWN","PASSENGER","UNKNOWN/NA","S","TURNING LEFT",,,"1",,,,,,,,,,,,,,,,,,"UNKNOWN",,,,,,,,,,,,,,,,,,,,,,,,,,,,,,,,,
"2322009","8759792ab43675213985667e263e0b362c5b4e94b11546c602c5ef9d9362b25eb48bdf6d65f66ccc1d9cee3fdf015bd931395ac329c1f93b8eee3d2ca49d21d4","2026-06-08T10:43:00.000","2","PEDESTRIAN",,,,,,,,,,,,,,,,,,,,,,,,,,,,,,,,,,,,,,,,,,,,,,,,,,,,,,,,,,,,,,,,,,
"2322438","c08bd0b379a13a3a461caa405d5db3f6d6aa7ec70f10e53f946ce10e9ef4a805c9d7809ff5c6a94e6fa7f4a08172edd806049a37968a2a87b505ee6a5dc096bb","2026-06-08T10:41:00.000","1","DRIVER",,"2215046",,"MERCEDES-BENZ","GLA","IL","2021","UNKNOWN","PASSENGER","PERSONAL","N","ENTERING TRAFFIC LANE FROM PARKING",,,"1",,,,,,,,,,,,,,,,,"Y","FRONT",,,,,,,,,,,,,,,,,,,,,,,,,,,,,,,,,
"2322439","c08bd0b379a13a3a461caa405d5db3f6d6aa7ec70f10e53f946ce10e9ef4a805c9d7809ff5c6a94e6fa7f4a08172edd806049a37968a2a87b505ee6a5dc096bb","2026-06-08T10:41:00.000","2","DRIVERLESS",,"2215050",,"CHEVROLET","OTHER (EXPLAIN IN NARRATIVE)","IL","2016","UNKNOWN","PASSENGER","PERSONAL","N","PARKED IN TRAFFIC LANE",,,"0",,,,,,,,,,,"Y",,,,,,,"REAR-LEFT-CORNER",,,,,,,,,,,,,,,,,,,,,,,,,,,,,,,,,
"2321963","060649f401af5da6b9d91c54fb846926185e4a4fb5df557a699c4891b2c5987983c4e60ff2a7feb4e8347f80023867d906d2ed9d59780b2059df661c18054c15","2026-06-08T10:15:00.000","1","DRIVER",,"2214583",,"BUICK","LACROSSE","IL","2011","UNKNOWN","PASSENGER","PERSONAL","E","STRAIGHT AHEAD",,,"1",,,,,"Y","Y",,,,,,,,,,"Y",,"FRONT-RIGHT-CORNER",,,,,,,,,,,,,,,,,,,,,,,,,,,,,,,,,
"2321964","060649f401af5da6b9d91c54fb846926185e4a4fb5df557a699c4891b2c5987983c4e60ff2a7feb4e8347f80023867d906d2ed9d59780b2059df661c18054c15","2026-06-08T10:15:00.000","2","DRIVER",,"2214595",,"JEEP","CHEROKEE","IL","2015","NONE","SPORT UTILITY VEHICLE (SUV)","PERSONAL","E","STARTING IN TRAFFIC","Y",,"1",,,,,,,,,,,,,"Y","Y","N",,,"SIDE-LEFT-FRONT",,,,,,,,,,,,,,,,,,,,,,,,,,,,,,,,,
"2322111","24d1de679ac3cc4bee13f40256db4e1d90371d0c07c8479ebeadc28d0d53f36473413f33125133261a66e50a8d4e0e5a6c9ea4f1d485d4cb19c150c3e519f023","2026-06-08T10:15:00.000","1","DRIVER",,"2214729",,"DODGE","RAM 1500 VAN","IL","2016","UNKNOWN","VAN/MINI-VAN","UNKNOWN/NA","E","STRAIGHT AHEAD",,,"1",,,,,,,,,,,,,,,,,"Y","FRONT",,,,,,,,,,,,,,,,,,,,,,,,,,,,,,,,,
"2322112","24d1de679ac3cc4bee13f40256db4e1d90371d0c07c8479ebeadc28d0d53f36473413f33125133261a66e50a8d4e0e5a6c9ea4f1d485d4cb19c150c3e519f023","2026-06-08T10:15:00.000","2","DRIVER","1","2214737",,"HONDA","PILOT","IL","2008","NONE","SPORT UTILITY VEHICLE (SUV)","UNKNOWN/NA","E","SLOW/STOP IN TRAFFIC",,,"2",,,,,,,,,,"Y",,,,,,,,"REAR",,,,,,,,,,,,,,,,,,,,,,,,,,,,,,,,,
"2321958","21a322a18e717d383a1e2cddaf4b8e638a9fbf38c35f4f366da3c3b1ae1b58448f3aa5d880d0b1f3b2da4fbc1d06331067f89b196c4cbb55fbe16c03f01cf74d","2026-06-08T10:10:00.000","1","DRIVER",,"2214579",,"UNKNOWN","OTHER (EXPLAIN IN NARRATIVE)","IL",,"NONE","PASSENGER","PERSONAL","S","BACKING",,,"1",,,,,,,,,,,,,,,,,"Y","REAR",,,,,,,,,,,,,,,,,,,,,,,,,,,,,,,,,
"2321959","21a322a18e717d383a1e2cddaf4b8e638a9fbf38c35f4f366da3c3b1ae1b58448f3aa5d880d0b1f3b2da4fbc1d06331067f89b196c4cbb55fbe16c03f01cf74d","2026-06-08T10:10:00.000","2","PARKED",,"2214581",,"HYUNDAI","OTHER (EXPLAIN IN NARRATIVE)","IL","2007","NONE","PASSENGER","NOT IN USE","S","PARKED",,,"0",,,,,,,,,,,,,,,,"Y",,"FRONT",,,,,,,,,,,,,,,,,,,,,,,,,,,,,,,,,
"2321934","cd936e98944de10fd38fd058834ae4ddece21a4ad6434ff2b5e12a312986274201c0d70fd7a541e23f204f36c270beeacad3b1d1ac8c1e47f3edd1cf76249a39","2026-06-08T10:10:00.000","1","DRIVER",,"2214563",,"HONDA","ACCORD","IL","2010","NONE","PASSENGER","PERSONAL","S","STRAIGHT AHEAD",,,"1",,,,,"Y",,,,,,,,,,"Y","Y",,"FRONT",,,,,,,,,,,,,,,,,,,,,,,,,,,,,,,,,
"2321935","cd936e98944de10fd38fd058834ae4ddece21a4ad6434ff2b5e12a312986274201c0d70fd7a541e23f204f36c270beeacad3b1d1ac8c1e47f3edd1cf76249a39","2026-06-08T10:10:00.000","2","DRIVER",,"2214565",,"FORD","ESCAPE","IL","2013","NONE","PASSENGER","PERSONAL","S","STRAIGHT AHEAD",,,"1",,,,,,,,,"Y","Y","Y",,,,,,,"REAR",,,,,,,,,,,,,,,,,,,,,,,,,,,,,,,,,
"2322022","168c7152bdae3829cc319ad1c8f371d8ab3a0d404bdb1b989a220b30b0863959060ee4444ad883036c0c8e4b8f2d52e27fdfe6ca0fd281260efb836b1e850365","2026-06-08T10:05:00.000","1",,,,,,,,,,,,,,,,,,,,,,,,,,,,,,,,,,,,,,,,,,,,,,,,,,,,,,,,,,,,,,,,,,,
"2322023","168c7152bdae3829cc319ad1c8f371d8ab3a0d404bdb1b989a220b30b0863959060ee4444ad883036c0c8e4b8f2d52e27fdfe6ca0fd281260efb836b1e850365","2026-06-08T10:05:00.000","1","DRIVER",,"2214644",,"NISSAN","MURANO","IL","2015","UNKNOWN","PASSENGER","PERSONAL","N","UNKNOWN/NA","Y",,"1",,,,,"Y","Y","Y",,,,,,"Y","Y","Y","Y",,"UNKNOWN",,,,,,,,,,,,,,,,,,,,,,,,,,,,,,,,,
"2321936","60da9536058a02579bfa5cd25f50fee2bee06cd1cdc04753ab91c4d2c394f8e567ff55466ef0e8f55f9c8af763d542a62f463455175496f53ae1342dc984bdfe","2026-06-08T10:05:00.000","1","DRIVER",,"2214564",,"HONDA","ODYSSEY","IL","2024","NONE","PASSENGER","PERSONAL","W","TURNING RIGHT",,,"1",,,,,"Y",,,,,,,,,,"Y","Y",,"FRONT",,,,,,,,,,,,,,,,,,,,,,,,,,,,,,,,,
"2321937","60da9536058a02579bfa5cd25f50fee2bee06cd1cdc04753ab91c4d2c394f8e567ff55466ef0e8f55f9c8af763d542a62f463455175496f53ae1342dc984bdfe","2026-06-08T10:05:00.000","2","DRIVER",,"2214593",,"PETERBILT MOTORS COMPANY (DIVISION OF PACCAR, INC.)","PETERBILT MOTORS CO., DIVISION PACCAR, INC.","IL","2019","NONE","TRUCK - SINGLE UNIT","COMMERCIAL - SINGLE UNIT","W","STRAIGHT AHEAD",,,"1",,,,"Y",,,,,"N","N","N",,,,,,,"UNKNOWN",,,,,,,,,,,,,,,,,,,,,,,,,,,,,,,,,
"2321930","779d34fbe925e924aa229c3970c6bf05f723ac09925a3004feb0f21bda59dc146539c80db1c2613fe70045420178384ecc63773c2c2ea1c0c67722bddd847f1e","2026-06-08T10:02:00.000","1","DRIVER",,"2214554",,"FORD","ESCAPE",,,"UNKNOWN","UNKNOWN/NA","UNKNOWN/NA","E","STRAIGHT AHEAD",,,"1",,,,,,,,,,,,,,,,"Y",,"FRONT",,,,,,,,,,,,,,,,,,,,,,,,,,,,,,,,,
"2321931","779d34fbe925e924aa229c3970c6bf05f723ac09925a3004feb0f21bda59dc146539c80db1c2613fe70045420178384ecc63773c2c2ea1c0c67722bddd847f1e","2026-06-08T10:02:00.000","2","DRIVER",,"2214572",,"MERCEDES-BENZ","C160","IL","2020","NONE","PASSENGER","PERSONAL","E","STRAIGHT AHEAD",,,"1",,,,,,,,,,"Y",,,,,,,,"REAR",,,,,,,,,,,,,,,,,,,,,,,,,,,,,,,,,
"2322014","702f41b5ad6ff9387bca810d3c35876b38557e0af12b76486bc0dcdf58c0fb600d2e00503d9072a8977bf0f2c897cb8c950270c2adf5af31f22137612496e872","2026-06-08T10:00:00.000","1","DRIVER","1","2214643",,"CHEVROLET","EXPRESS","TX",,"UNKNOWN","VAN/MINI-VAN","PERSONAL","S","STRAIGHT AHEAD","Y",,"2",,"owner private tow",,,"Y","Y",,,,,,,,,,,,"UNKNOWN",,,,,,,,,,,,,,,,,,,,,,,,,,,,,,,,,
"2322015","702f41b5ad6ff9387bca810d3c35876b38557e0af12b76486bc0dcdf58c0fb600d2e00503d9072a8977bf0f2c897cb8c950270c2adf5af31f22137612496e872","2026-06-08T10:00:00.000","2","DRIVER",,"2214646",,"FORD","MUSTANG","WI",,"UNKNOWN","PASSENGER","PERSONAL","E","STRAIGHT AHEAD","Y",,"1",,"1 of 1 towing",,,"Y","Y",,,,,,,,"Y","Y","Y",,"UNKNOWN",,,,,,,,,,,,,,,,,,,,,,,,,,,,,,,,,
"2321965","cfa4cf35c9967879b8eb575691c9d7a3b078b8e2226350001300979d9efde72de4251e1b58c2c328be6b7ce30f69e7a15655de1d449260f5d8e2e2e3628fb2ce","2026-06-08T09:59:00.000","1","DRIVER",,"2214589",,"FORD","EXPEDITION","IL","2023","NONE","SPORT UTILITY VEHICLE (SUV)","RIDESHARE SERVICE","S","STRAIGHT AHEAD",,,"1",,,,,"Y",,,,,,,,,,"Y","Y",,"FRONT",,,,,,,,,,,,,,,,,,,,,,,,,,,,,,,,,
"2321966","cfa4cf35c9967879b8eb575691c9d7a3b078b8e2226350001300979d9efde72de4251e1b58c2c328be6b7ce30f69e7a15655de1d449260f5d8e2e2e3628fb2ce","2026-06-08T09:59:00.000","2","DRIVER",,"2214601",,"LINCOLN","AVIATOR","IL","2023","NONE","SPORT UTILITY VEHICLE (SUV)","RIDESHARE SERVICE","S","SLOW/STOP IN TRAFFIC","Y",,"1",,"OWNER","UNKNOWN",,,,,,"Y","Y","Y",,,,,,,"REAR",,,,,,,,,,,,,,,,,,,,,,,,,,,,,,,,,
"2321978","9617a75bd5d932a4501249f18c25b74b72c0f1078618cda6cc283dc1772b6cdb069114471b6e51b906e24d13fd1150da6dc5a428c2bb9c5ebceb755c6dcdc3d9","2026-06-08T09:55:00.000","1","DRIVER","3","2214607",,"HONDA","ODYSSEY","FL","2008","UNKNOWN","VAN/MINI-VAN","UNKNOWN/NA","N","PASSING/OVERTAKING",,,"4",,,,,"Y","Y",,,,,,,,,,,,"FRONT-RIGHT-CORNER",,,,,,,,,,,,,,,,,,,,,,,,,,,,,,,,,
"2321979","9617a75bd5d932a4501249f18c25b74b72c0f1078618cda6cc283dc1772b6cdb069114471b6e51b906e24d13fd1150da6dc5a428c2bb9c5ebceb755c6dcdc3d9","2026-06-08T09:55:00.000","2","DRIVER",,"2214610",,"JEEP","CHEROKEE","IL","2004","UNKNOWN","SPORT UTILITY VEHICLE (SUV)","UNKNOWN/NA","N","TURNING LEFT",,,"1",,,,,,,,,,,,"Y","Y","Y","Y",,,"SIDE-LEFT",,,,,,,,,,,,,,,,,,,,,,,,,,,,,,,,,
"2321951","3e822834356312e7bf57437394a03ef2b984eda312819a09da42fe244f547de4a9811da0b09e8da0fd1703a5429bac1509b322328c65edb7efa99270100079bd","2026-06-08T09:54:00.000","2","PARKED","1","2214603","Y","FORD","TRANSIT","IL","2024","NONE","BUS UP TO 15 PASS.","COMMERCIAL - SINGLE UNIT","UNKNOWN","PARKED",,,"1",,,,,,,,,,,,,,"Y",,,,"SIDE-LEFT","23632","3882106",,,"DRIVER",,"RENAISSANCE CHICAGO O'HARE SUITES HOTEL","IL","CHICAGO",,,,"N","N",,"N",,"N","N",,,,,,,,,"SINGLE UNIT TRUCK, 2 AXLES, 6 TIRES","VAN/ENCLOSED BOX","OTHER","N","N",
"2321957","3e822834356312e7bf57437394a03ef2b984eda312819a09da42fe244f547de4a9811da0b09e8da0fd1703a5429bac1509b322328c65edb7efa99270100079bd","2026-06-08T09:54:00.000","1","DRIVER",,"2214582","Y","FORD","OTHER (EXPLAIN IN NARRATIVE)","IL","2024","NONE","TRUCK - SINGLE UNIT","COMMERCIAL - SINGLE UNIT","UNKNOWN","CHANGING LANES",,,"1",,,,"Y",,,,,"Y",,,,,,,,,"REAR-RIGHT-CORNER","23631",,,,"DRIVER","2","LOEWS HOTELS HOLDING CORPORATION","IL","ROSEMONT",,,,"N","N",,"N",,"N","N",,,,,,,,,"SINGLE UNIT TRUCK, 2 AXLES, 6 TIRES","VAN/ENCLOSED BOX","OTHER","N","N",
"2321920","d5e40bb3d450fff2e2f0dd226cd2f4e828e086459aabab880628e0bb090d7dabffe1a1b4397ed528ef6d277188759fc825b598147f57a164e9c0d74101db585d","2026-06-08T09:45:00.000","1","DRIVER",,"2214551",,"FORD","EXPLORER","IL","2025","NONE","SPORT UTILITY VEHICLE (SUV)","POLICE","E","BACKING",,,"1",,,,,,,,,,"Y",,,,,,,,"REAR",,,,,,,,,,,,,,,,,,,,,,,,,,,,,,,,,
"2321921","d5e40bb3d450fff2e2f0dd226cd2f4e828e086459aabab880628e0bb090d7dabffe1a1b4397ed528ef6d277188759fc825b598147f57a164e9c0d74101db585d","2026-06-08T09:45:00.000","2","DRIVER",,"2214560",,"TOYOTA","CAMRY","IL","2025","NONE","PASSENGER","PERSONAL","W","STRAIGHT AHEAD",,,"1",,,,,,,,,,,,,,,,"Y",,"FRONT",,,,,,,,,,,,,,,,,,,,,,,,,,,,,,,,,
"2321916","b38ff6a5d36bda4ceb55cb12cf2e413014d275d7ee6d6b637172bab742c41fd7779930f9baa2e9c7dd1170175cc7914ac73ffdad61b6aff9e26dc1d5c2c3da03","2026-06-08T09:43:00.000","1","DRIVER",,"2214545",,"ICL CARGO TRAILER","ICL CARGO TRAILER","IL","2015","NONE","BUS OVER 15 PASS.","SCHOOL BUS","E","TURNING LEFT",,,"1",,,,,,,,,"Y",,,,,,,,,"SIDE-RIGHT-REAR",,,,,,,,,,,,,,,,,,,,,,,,,,,,,,,,,
"2321917","b38ff6a5d36bda4ceb55cb12cf2e413014d275d7ee6d6b637172bab742c41fd7779930f9baa2e9c7dd1170175cc7914ac73ffdad61b6aff9e26dc1d5c2c3da03","2026-06-08T09:43:00.000","2","PARKED","1","2214558",,"FORD","F150","IL","2024","NONE","PICKUP","PERSONAL","E","PARKED",,,"1",,,,,,,,,,,,,,,"Y",,,"SIDE-LEFT-FRONT",,,,,,,,,,,,,,,,,,,,,,,,,,,,,,,,,
"2321960","3ed26e4faff6fd3d3f9972944a8155288e3a3e4c4e6f8bb81117ebffdbef931a4c2773070d646a7dc6c22564fd89d3a9f48f5bbccb4a86af5d75a7fe45b26493","2026-06-08T09:38:00.000","1","DRIVER",,"2214584",,"DODGE","CHARGER","IL","2018","UNKNOWN","UNKNOWN/NA","UNKNOWN/NA","S","STRAIGHT AHEAD",,,"1",,,,,,,,,,,,,,,"Y","Y",,"FRONT-LEFT-CORNER",,,,,,,,,,,,,,,,,,,,,,,,,,,,,,,,,
"2321961","3ed26e4faff6fd3d3f9972944a8155288e3a3e4c4e6f8bb81117ebffdbef931a4c2773070d646a7dc6c22564fd89d3a9f48f5bbccb4a86af5d75a7fe45b26493","2026-06-08T09:38:00.000","2","DRIVER",,"2214590",,"HYUNDAI","ELANTRA","IL","2024","UNKNOWN","PASSENGER","PERSONAL","S","STRAIGHT AHEAD",,,"1",,,,,"Y",,,,"Y","Y",,,,,"Y","Y",,"REAR-RIGHT-CORNER",,,,,,,,,,,,,,,,,,,,,,,,,,,,,,,,,
"2321962","3ed26e4faff6fd3d3f9972944a8155288e3a3e4c4e6f8bb81117ebffdbef931a4c2773070d646a7dc6c22564fd89d3a9f48f5bbccb4a86af5d75a7fe45b26493","2026-06-08T09:38:00.000","3","DRIVER",,"2214594",,"UNKNOWN","OTHER (EXPLAIN IN NARRATIVE)",,,"UNKNOWN","UNKNOWN/NA","UNKNOWN/NA","S","UNKNOWN/NA",,,"1",,,,,,,,,"Y",,"N",,,,,,,"REAR-RIGHT-CORNER",,,,,,,,,,,,,,,,,,,,,,,,,,,,,,,,,
"2321984","7b96e35dc596c9f2542ed064ba1202e896fc1080d5d6d827ced56a9b84bb3019ae58d44f5c981172b4cfc3366eed516c7fcbe939053a1a4aa86f48fc10e40629","2026-06-08T09:36:00.000","1","DRIVER",,"2214609",,"UNKNOWN","OTHER (EXPLAIN IN NARRATIVE)",,,"NONE","OTHER","PERSONAL","S","STRAIGHT AHEAD",,,"1",,,,,,,,,,,,,,,,,"Y","FRONT",,,,,,,,,,,,,,,,,,,,,,,,,,,,,,,,,
"2321985","7b96e35dc596c9f2542ed064ba1202e896fc1080d5d6d827ced56a9b84bb3019ae58d44f5c981172b4cfc3366eed516c7fcbe939053a1a4aa86f48fc10e40629","2026-06-08T09:36:00.000","2","PARKED",,"2214613",,"JEEP","GRAND CHEROKEE","IL","2019","NONE","SPORT UTILITY VEHICLE (SUV)","PERSONAL","S","PARKED","Y",,"0",,"private tow",,,,,,,,,,,"Y","Y",,,,"SIDE-LEFT",,,,,,,,,,,,,,,,,,,,,,,,,,,,,,,,,
"2321942","acc2bfb3604855b0be18bfcc7c3d960fe717f3e01618915d1c87af94e8ade484423791165f4b6a9d3f37b36c56670b2d4a3e81c64b5c86d201716a6962d72d51","2026-06-08T09:33:00.000","1","DRIVER",,"2214571",,"CHEVROLET","MALIBU","IL","2024","UNKNOWN","PASSENGER","RIDESHARE SERVICE","E","CHANGING LANES","Y",,"1",,"PERSONAL TOW",,,,,,,,,"Y","Y","Y",,,,,"SIDE-LEFT-REAR",,,,,,,,,,,,,,,,,,,,,,,,,,,,,,,,,
"2321943","acc2bfb3604855b0be18bfcc7c3d960fe717f3e01618915d1c87af94e8ade484423791165f4b6a9d3f37b36c56670b2d4a3e81c64b5c86d201716a6962d72d51","2026-06-08T09:33:00.000","2","DRIVER",,"2214576",,"TOYOTA","CAMRY","IL","2017","UNKNOWN","PASSENGER","TAXI/FOR HIRE","E","STRAIGHT AHEAD",,,"1",,,,,"Y",,,,,,,,,,"Y","Y",,"FRONT",,,,,,,,,,,,,,,,,,,,,,,,,,,,,,,,,
"2321946","0fe181c3fbc458282cc2a6005c564182ed0a9259e42c1cd72937529c8a09c71df8108d243bcc395f014bded1ea0275dfca658f462a6e8364c7860a2930c57f70","2026-06-08T09:30:00.000","1","DRIVER",,"2214580",,"ISUZU","OTHER (EXPLAIN IN NARRATIVE)","IL","2005","NONE","TRUCK - SINGLE UNIT","UNKNOWN/NA","E","STRAIGHT AHEAD",,,"1",,,,,,,,,,,,,,,,,"Y","UNKNOWN",,,,,,,,,,,,,,,,,,,,,,,,,,,,,,,,,
"2321947","0fe181c3fbc458282cc2a6005c564182ed0a9259e42c1cd72937529c8a09c71df8108d243bcc395f014bded1ea0275dfca658f462a6e8364c7860a2930c57f70","2026-06-08T09:30:00.000","2","DRIVER",,"2214588",,"CHEVROLET","TAHOE","IL","2016","NONE","PASSENGER","PERSONAL","E","STRAIGHT AHEAD",,,"1",,,,,,,,,,,,,,"Y","N",,,"FRONT-LEFT-CORNER",,,,,,,,,,,,,,,,,,,,,,,,,,,,,,,,,
"2322010","1cbab235377ac268762fe330bbcedb6a5e00e9a91cfca9499d9f7542d89e7d49bcfd6b14927689ec3bbe89a935cb005bf10286238a82e4fea6471d6aafcb0171","2026-06-08T09:30:00.000","1","DRIVER",,"2214632",,"UNKNOWN","OTHER (EXPLAIN IN NARRATIVE)","XX",,"UNKNOWN","UNKNOWN/NA","UNKNOWN/NA","S","STRAIGHT AHEAD",,,"1",,,,,"Y",,,,,,,,,,,,,"FRONT-RIGHT-CORNER",,,,,,,,,,,,,,,,,,,,,,,,,,,,,,,,,
"2322011","1cbab235377ac268762fe330bbcedb6a5e00e9a91cfca9499d9f7542d89e7d49bcfd6b14927689ec3bbe89a935cb005bf10286238a82e4fea6471d6aafcb0171","2026-06-08T09:30:00.000","2","PARKED",,"2214636",,"AUDI","A4","IL","2010","UNKNOWN","PASSENGER","NOT IN USE","S","PARKED",,,"0",,,,,,,,,,"Y","Y",,,,,,,"REAR-LEFT-CORNER",,,,,,,,,,,,,,,,,,,,,,,,,,,,,,,,,
"2322001","d721271a0993e0458fd35892c7f0e4cb4fc9434abd95976bd9c3e1bfeed47a5d474705ce22618ac034d6cbd961d48629eb1e86b605b1a0b6029c85608e0b8966","2026-06-08T09:30:00.000","1","DRIVER",,"2214627",,"FORD","EXPLORER","IL",,"UNKNOWN","PASSENGER","POLICE","W","BACKING",,,"1",,,,,,,,,"Y",,,,,,,,,"FRONT-RIGHT-CORNER",,,,,,,,,,,,,,,,,,,,,,,,,,,,,,,,,