"crash_unit_id","crash_record_id","crash_date","unit_no","unit_type","num_passengers","vehicle_id","cmrc_veh_i","make","model","lic_plate_state","vehicle_year","vehicle_defect","vehicle_type","vehicle_use","travel_direction","maneuver","towed_i","fire_i","occupant_cnt","exceed_speed_limit_i","towed_by","towed_to","area_00_i","area_01_i","area_02_i","area_03_i","area_04_i","area_05_i","area_06_i","area_07_i","area_08_i","area_09_i","area_10_i","area_11_i","area_12_i","area_99_i","first_contact_point","cmv_id","usdot_no","ccmc_no","ilcc_no","commercial_src","gvwr","carrier_name","carrier_state","carrier_city","hazmat_placards_i","hazmat_name","un_no","hazmat_present_i","hazmat_report_i","hazmat_report_no","mcs_report_i","mcs_report_no","hazmat_vio_cause_crash_i","mcs_vio_cause_crash_i","idot_permit_no","wide_load_i","trailer1_width","trailer2_width","trailer1_length","trailer2_length","total_vehicle_length","axle_cnt","vehicle_config","cargo_body_type","load_type","hazmat_out_of_service_i","mcs_out_of_service_i","hazmat_class"
"2321924","7665ebacd0524f47c200315150aa3330b8d3fe7878ad038bcd39343030b24a55357f91ed2f907440a716ae5f23eea576ff87f71483605e6666cc9fe6442c2594","2026-06-08T09:20:00.000","1","DRIVER",,"2214550",,"UNKNOWN","OTHER (EXPLAIN IN NARRATIVE)",,,"UNKNOWN","SPORT UTILITY VEHICLE (SUV)","UNKNOWN/NA","E","PASSING/OVERTAKING",,,"1",,,,,,,,,,,,,,"Y","Y",,,"FRONT-LEFT-CORNER",,,,,,,,,,,,,,,,,,,,,,,,,,,,,,,,,
"2321925","7665ebacd0524f47c200315150aa3330b8d3fe7878ad038bcd39343030b24a55357f91ed2f907440a716ae5f23eea576ff87f71483605e6666cc9fe6442c2594","2026-06-08T09:20:00.000","2","DRIVER",,"2214556",,"FORD","ECONOLINE E350","IL","2020","NONE","BUS UP TO 15 PASS.","COMMERCIAL - SINGLE UNIT","E","STRAIGHT AHEAD",,,"1",,,,,,,,"Y","Y",,,,,,,,,"SIDE-RIGHT-REAR",,,,,,,,,,,,,,,,,,,,,,,,,,,,,,,,,
"2321980","bd9eac2df3571a46a4f4c48b0d09972b2cfddbbc562dc998fdc4539e422f2264cfe89500db0e31dc1715e17bba99f2dde4076e1f1fcc3b6f226f6eb669311f69","2026-06-08T09:20:00.000","1","DRIVER",,"2214608",,"JEEP","LIBERTY","IL","2008","UNKNOWN","PASSENGER","PERSONAL","SE","STRAIGHT AHEAD",,,"1",,,,,,,,,,,,,,,,"Y",,"FRONT",,,,,,,,,,,,,,,,,,,,,,,,,,,,,,,,,
"2321981","bd9eac2df3571a46a4f4c48b0d09972b2cfddbbc562dc998fdc4539e422f2264cfe89500db0e31dc1715e17bba99f2dde4076e1f1fcc3b6f226f6eb669311f69","2026-06-08T09:20:00.000","2","DRIVER",,"2214611",,"HONDA","CIVIC","IL","2009","NONE","PASSENGER","PERSONAL","SE","STRAIGHT AHEAD",,,"1",,,,,,,,,,"Y",,,,,,,,"REAR",,,,,,,,,,,,,,,,,,,,,,,,,,,,,,,,,
"2321932","f3fdafc54d2a4d89ee9a0edaffcee570e2056fa0516878d724535a984a8d5f92318200c14ceaebe56c95d94123ca75be8a00b20bb4c9c24de2b20c59855e8eba","2026-06-08T09:20:00.000","1","DRIVER",,"2214559",,"JEEP","JEEP","IL","2023","UNKNOWN","SPORT UTILITY VEHICLE (SUV)","PERSONAL","N","PASSING/OVERTAKING",,,"1",,,,,,,,,,,,,,,,,"Y","FRONT",,,,,,,,,,,,,,,,,,,,,,,,,,,,,,,,,
"2321933","f3fdafc54d2a4d89ee9a0edaffcee570e2056fa0516878d724535a984a8d5f92318200c14ceaebe56c95d94123ca75be8a00b20bb4c9c24de2b20c59855e8eba","2026-06-08T09:20:00.000","2","DRIVER",,"2214568",,"TOYOTA","CORONA","IL","2026","NONE","PASSENGER","PERSONAL","N","STRAIGHT AHEAD",,,"1",,,,,"Y","Y","Y","Y","Y",,,,,,,,,"SIDE-LEFT",,,,,,,,,,,,,,,,,,,,,,,,,,,,,,,,,
"2321975","16e50ddc79d32255599458130948acd73ac2f257848a120288116587d55b9e39cb3bc60f221f6259df1d59e26e8905c07fc9d022c55dda316d14387d87342d47","2026-06-08T09:15:00.000","1","DRIVER",,"2214599",,"UNKNOWN","OTHER (EXPLAIN IN NARRATIVE)",,,"UNKNOWN","UNKNOWN/NA","UNKNOWN/NA","E","STRAIGHT AHEAD",,,"1",,,,,,,,,,,,,,,,,"Y","UNKNOWN",,,,,,,,,,,,,,,,,,,,,,,,,,,,,,,,,
"2321976","16e50ddc79d32255599458130948acd73ac2f257848a120288116587d55b9e39cb3bc60f221f6259df1d59e26e8905c07fc9d022c55dda316d14387d87342d47","2026-06-08T09:15:00.000","2","PARKED",,"2214602",,"FORD","OTHER (EXPLAIN IN NARRATIVE)","IL","2017","UNKNOWN","TRUCK - SINGLE UNIT","UNKNOWN/NA","E","PARKED",,,"0",,,,,,,,,,,,,"Y",,,,,"SIDE-LEFT",,,,,,,,,,,,,,,,,,,,,,,,,,,,,,,,,
"2321938","7d65959b52917fc74e071dbc92f08185814d8a0ba53ba32dc7b753116a38bd3dee9df4208ba12273bd49920b4fb6d461282b8f80863b876a661f8bd28b0f4da5","2026-06-08T09:10:00.000","1","DRIVER",,"2214570",,"DODGE","OTHER (EXPLAIN IN NARRATIVE)","IL","2017","NONE","PASSENGER","PERSONAL","W","PASSING/OVERTAKING","Y",,"1",,"private","unknown",,,,,,,,,,"Y","Y","Y",,,"SIDE-LEFT-FRONT",,,,,,,,,,,,,,,,,,,,,,,,,,,,,,,,,
"2321939","7d65959b52917fc74e071dbc92f08185814d8a0ba53ba32dc7b753116a38bd3dee9df4208ba12273bd49920b4fb6d461282b8f80863b876a661f8bd28b0f4da5","2026-06-08T09:10:00.000","2","DRIVER",,"2214585",,"UNKNOWN","OTHER (EXPLAIN IN NARRATIVE)","IL","2024","NONE","BUS OVER 15 PASS.","OTHER","W","STRAIGHT AHEAD",,,"1",,,,,"Y","Y","Y",,,,,,,,,,,"FRONT-RIGHT-CORNER",,,,,,,,,,,,,,,,,,,,,,,,,,,,,,,,,
"2321904","cb33ee7fd28f034bf60f4a3880fbc626c2dbb370ed515a277d79b98bcf783a69946d5e4c24531a0759d850c45f5c0eb284c7a58634e277eaa1e9f91e38f19e25","2026-06-08T09:08:00.000","1","BICYCLE",,,,,,,,,,,,,,,,,,,,,,,,,,,,,,,,,,,,,,,,,,,,,,,,,,,,,,,,,,,,,,,,,,
"2321905","cb33ee7fd28f034bf60f4a3880fbc626c2dbb370ed515a277d79b98bcf783a69946d5e4c24531a0759d850c45f5c0eb284c7a58634e277eaa1e9f91e38f19e25","2026-06-08T09:08:00.000","2","DRIVER",,"2214538",,"TOYOTA","COROLLA","IL","2010","NONE","PASSENGER","PERSONAL","W","STRAIGHT AHEAD",,,"1",,,,,,,,,,,,,,,,"Y",,"FRONT",,,,,,,,,,,,,,,,,,,,,,,,,,,,,,,,,
"2321922","63a16ce3a6fd1054403ddfcb2489dbd20317dc701c89ae004fd9876bd84bc12496fbd86e0108526a5d7c9674e9e4709dd1383734473916c30d3312c5392bb21c","2026-06-08T09:05:00.000","1","DRIVER",,"2214547",,"HYUNDAI","TUCSON",,,"UNKNOWN","SPORT UTILITY VEHICLE (SUV)","UNKNOWN/NA","N","TURNING RIGHT",,,"1",,,,,,,,,,,,,,"Y","Y",,,"FRONT-LEFT-CORNER",,,,,,,,,,,,,,,,,,,,,,,,,,,,,,,,,
"2321923","63a16ce3a6fd1054403ddfcb2489dbd20317dc701c89ae004fd9876bd84bc12496fbd86e0108526a5d7c9674e9e4709dd1383734473916c30d3312c5392bb21c","2026-06-08T09:05:00.000","2","DRIVER",,"2214567",,"DODGE","RAM 1500 VAN","IL","2024","UNKNOWN","VAN/MINI-VAN","COMMERCIAL - SINGLE UNIT","W","STRAIGHT AHEAD",,,"1",,,,,,,,,,,,"Y","Y","Y","Y",,,"FRONT-LEFT-CORNER",,,,,,,,,,,,,,,,,,,,,,,,,,,,,,,,,
"2321900","c7cd533cb5987632566fe79c807ee45b527834f9b33e5c86bc149f3608e27a3e3963dd005bcad63f5a966f746e8957070a6e25fc6417a121987f7fbd6566d71e","2026-06-08T09:01:00.000","1","DRIVER",,"2214533",,"W.F. MICKEY BODY COMPANY, INC.","W.F. MICKEY BODY CO., INC.","IL","2000","UNKNOWN","TRACTOR W/O SEMI-TRAILER","COMMERCIAL - SINGLE UNIT","S","BACKING",,,"1",,,,,,,,,,,"Y",,,,,,"Y","REAR-LEFT-CORNER",,,,,,,,,,,,,,,,,,,,,,,,,,,,,,,,,
"2321901","c7cd533cb5987632566fe79c807ee45b527834f9b33e5c86bc149f3608e27a3e3963dd005bcad63f5a966f746e8957070a6e25fc6417a121987f7fbd6566d71e","2026-06-08T09:01:00.000","2","PARKED",,"2214534",,"HONDA","CR-V","IL","2018","UNKNOWN","SPORT UTILITY VEHICLE (SUV)","PERSONAL","E","PARKED",,,"0",,,,,,,,"Y","Y",,,,,,,,"Y","SIDE-RIGHT-REAR",,,,,,,,,,,,,,,,,,,,,,,,,,,,,,,,,
"2321912","1d155f18117f7c281a43b1c0ba0a03b01d663bc6fc9bc82937312fe8aa7e0c33835a11c35c2ca0768ebf5207ec83b3a6788b95f867db5599c4716c52e92a9a36","2026-06-08T09:00:00.000","1","DRIVER",,"2214544",,"FORD","RANGER","IL",,"UNKNOWN","PASSENGER","PERSONAL","S","U-TURN",,,"1",,,,"Y",,,,,,,,,,,,,,"UNKNOWN",,,,,,,,,,,,,,,,,,,,,,,,,,,,,,,,,
"2321913","1d155f18117f7c281a43b1c0ba0a03b01d663bc6fc9bc82937312fe8aa7e0c33835a11c35c2ca0768ebf5207ec83b3a6788b95f867db5599c4716c52e92a9a36","2026-06-08T09:00:00.000","2","DRIVER",,"2214562",,"NISSAN","ALTIMA","IL","2015","NONE","PASSENGER","PERSONAL","N","STRAIGHT AHEAD",,,"1",,,,,,,,,"Y",,,,,,,,,"REAR-RIGHT-CORNER",,,,,,,,,,,,,,,,,,,,,,,,,,,,,,,,,
"2321898","4238ad8ed079f52e3a02be52a649d13a4f7e9789b36a3f38a4869d1aa34996fed3021ef7fa30c65d28b46428c881c9be2dae17d4fdccdc224777dedc17ac5971","2026-06-08T09:00:00.000","1","DRIVER",,"2214542",,"HONDA","OTHER (EXPLAIN IN NARRATIVE)","IL","2008","UNKNOWN","SPORT UTILITY VEHICLE (SUV)","PERSONAL","E","STRAIGHT AHEAD",,,"1",,,,,,,,,,,,,,,,"Y","N","FRONT",,,,,,,,,,,,,,,,,,,,,,,,,,,,,,,,,
"2321899","4238ad8ed079f52e3a02be52a649d13a4f7e9789b36a3f38a4869d1aa34996fed3021ef7fa30c65d28b46428c881c9be2dae17d4fdccdc224777dedc17ac5971","2026-06-08T09:00:00.000","2","DRIVER",,"2214535",,"NISSAN","ROGUE","IL","2012","NONE","SPORT UTILITY VEHICLE (SUV)","PERSONAL","E","SLOW/STOP IN TRAFFIC",,,"1",,,,,,,,,,"Y",,,,,,,,"REAR",,,,,,,,,,,,,,,,,,,,,,,,,,,,,,,,,
"2321948","ebd8e2eb89b32ce467b964fe6915afcde0a56582dc472633ce690c00741fecde241a8d909671b7b41e0b923e6a807eef55b50af4e1fb3447d30aa57c1e982bd4","2026-06-08T09:00:00.000","1","DRIVER",,"2214573",,"UNKNOWN","OTHER (EXPLAIN IN NARRATIVE)","IL",,"UNKNOWN","UNKNOWN/NA","UNKNOWN/NA","N","UNKNOWN/NA",,,"1",,,,,,,,,,,,,,,,,,"UNKNOWN",,,,,,,,,,,,,,,,,,,,,,,,,,,,,,,,,
"2321949","ebd8e2eb89b32ce467b964fe6915afcde0a56582dc472633ce690c00741fecde241a8d909671b7b41e0b923e6a807eef55b50af4e1fb3447d30aa57c1e982bd4","2026-06-08T09:00:00.000","2","PARKED",,"2214577",,"FORD","EXPLORER","IL","2018","NONE","PASSENGER","NOT IN USE","N","PARKED",,,"0",,,,,,,,,,"Y","Y",,,,,,,"REAR-LEFT-CORNER",,,,,,,,,,,,,,,,,,,,,,,,,,,,,,,,,
"2321967","f63a697ce975b9bfc91aac3e25ed938d601eae4f0543bdde2135401b6d412a33e0b9b620077c76eafcaa84caf93ffd1265c8eb5a44cf8ba25a8082abc5a8adf2","2026-06-08T09:00:00.000","1","DRIVER",,"2214591",,"HONDA","CR-V","IL","2016","NONE","SPORT UTILITY VEHICLE (SUV)","PERSONAL","N","MERGING",,,"1",,,,,"Y","Y",,,,,,,,,,,,"SIDE-RIGHT-FRONT",,,,,,,,,,,,,,,,,,,,,,,,,,,,,,,,,
"2321968","f63a697ce975b9bfc91aac3e25ed938d601eae4f0543bdde2135401b6d412a33e0b9b620077c76eafcaa84caf93ffd1265c8eb5a44cf8ba25a8082abc5a8adf2","2026-06-08T09:00:00.000","2","DRIVER",,"2214598",,"HONDA","PILOT","IL","2024","NONE","SPORT UTILITY VEHICLE (SUV)","PERSONAL","N","STRAIGHT AHEAD",,,"1",,,,,,,,,,,,,,"Y","Y",,,"SIDE-LEFT-FRONT",,,,,,,,,,,,,,,,,,,,,,,,,,,,,,,,,
"2321906","5ca58a06139433c56937c5c9f33e68f2d45428d63c39c17d9b6e7d02cd610439e8fbc6d60f6368c3c401c3615a9de355d922c55cc1bf37295c547dd6aa72f726","2026-06-08T08:59:00.000","1","DRIVER",,"2214536",,"MERCEDES-BENZ","E-CLASS","IL","2009","UNKNOWN","PASSENGER","PERSONAL","N","SLOW/STOP IN TRAFFIC",,,"1",,,,,,,,,,,,,,,,"Y",,"FRONT",,,,,,,,,,,,,,,,,,,,,,,,,,,,,,,,,
"2321907","5ca58a06139433c56937c5c9f33e68f2d45428d63c39c17d9b6e7d02cd610439e8fbc6d60f6368c3c401c3615a9de355d922c55cc1bf37295c547dd6aa72f726","2026-06-08T08:59:00.000","2","DRIVER","1","2214540",,"HONDA","CR-V","IL","2008","UNKNOWN","PASSENGER","PERSONAL","N","SLOW/STOP IN TRAFFIC",,,"2",,,,,,,,,,"Y",,,,,,,,"REAR",,,,,,,,,,,,,,,,,,,,,,,,,,,,,,,,,
"2322109","c9be1b59075ba8563f96bbf9079eaa2172791b6d281407a7c8ceb73d1e1c5e91f26eefdce033b611718040887c4d756364bdae1fec5d2ef4a5bcd5d6963c1d8b","2026-06-08T08:50:00.000","1","DRIVER",,"2214723",,"CADILLAC","ESCALADE",,,"UNKNOWN","UNKNOWN/NA","UNKNOWN/NA","W","STRAIGHT AHEAD",,,"1",,,,,,,,,,,,,,,,,"Y","UNKNOWN",,,,,,,,,,,,,,,,,,,,,,,,,,,,,,,,,
"2322110","c9be1b59075ba8563f96bbf9079eaa2172791b6d281407a7c8ceb73d1e1c5e91f26eefdce033b611718040887c4d756364bdae1fec5d2ef4a5bcd5d6963c1d8b","2026-06-08T08:50:00.000","2","DRIVER",,"2214727",,"NISSAN","MAXIMA","IL","2016","UNKNOWN","PASSENGER","PERSONAL","W","STRAIGHT AHEAD",,,"1",,,,,,,,,,"Y",,,,,,,,"REAR",,,,,,,,,,,,,,,,,,,,,,,,,,,,,,,,,
"2321886","8aee11ad1d5434f749a572f9163f724cb8972f7a1174f6c929fd99eae976fd499d25f69af9c2028d5d1b13d7eb4ea75a29d92468dc56c4cc903e34f383d21044","2026-06-08T08:30:00.000","1","DRIVER",,"2214520",,"TOYOTA","CAMRY",,"2014","NONE","PASSENGER","PERSONAL","NE","PASSING/OVERTAKING",,,"1",,,,,"Y","Y","Y","Y","Y",,,,,,,,,"SIDE-RIGHT",,,,,,,,,,,,,,,,,,,,,,,,,,,,,,,,,
"2321887","8aee11ad1d5434f749a572f9163f724cb8972f7a1174f6c929fd99eae976fd499d25f69af9c2028d5d1b13d7eb4ea75a29d92468dc56c4cc903e34f383d21044","2026-06-08T08:30:00.000","2","DRIVER",,"2214522",,"TOYOTA","MATRIX","IL","2005","NONE","SPORT UTILITY VEHICLE (SUV)","PERSONAL","NE","PASSING/OVERTAKING",,,"1",,,,,,,,,,,"Y","Y","Y","Y","Y",,,"SIDE-LEFT",,,,,,,,,,,,,,,,,,,,,,,,,,,,,,,,,
"2321991","2fa58b997ad8c8b389b2116b44f284b11e26d26058a2fcbdeb0849eec7d7195c64602fe4ab52784cb6ddb96e7236534a49135b1f54a0aa87239ae0c7e3cd77ec","2026-06-08T08:25:00.000","1","DRIVER","3","2214616",,"VOLKSWAGEN","PASSAT","IL","2015","NONE","PASSENGER","PERSONAL","W","ENTERING TRAFFIC LANE FROM PARKING",,,"4",,,,,,,,,,,,,,"Y","Y",,,"FRONT-LEFT-CORNER",,,,,,,,,,,,,,,,,,,,,,,,,,,,,,,,,
"2321992","2fa58b997ad8c8b389b2116b44f284b11e26d26058a2fcbdeb0849eec7d7195c64602fe4ab52784cb6ddb96e7236534a49135b1f54a0aa87239ae0c7e3cd77ec","2026-06-08T08:25:00.000","2","DRIVER",,"2214622",,"NISSAN","ALTIMA","IL","2012","NONE","PASSENGER","PERSONAL","W","STRAIGHT AHEAD",,,"1",,,,,"Y",,,,,,,,,,,,,"FRONT-RIGHT-CORNER",,,,,,,,,,,,,,,,,,,,,,,,,,,,,,,,,
"2322314","868724bdd99948af5ab3c90760c0b208ebaac7dc9251745367852847dceca7f028409df9a09e60d67294f6813d8079f47481d29bc493f86b2e6020539e86879f","2026-06-08T08:00:00.000","1","DRIVER",,"2214925",,"UNKNOWN","MOTORIZED",,,"NONE","UNKNOWN/NA","UNKNOWN/NA","UNKNOWN","STRAIGHT AHEAD",,,"1",,,,,,,,,,,,,,,,,,"UNKNOWN",,,,,,,,,,,,,,,,,,,,,,,,,,,,,,,,,
"2322315","868724bdd99948af5ab3c90760c0b208ebaac7dc9251745367852847dceca7f028409df9a09e60d67294f6813d8079f47481d29bc493f86b2e6020539e86879f","2026-06-08T08:00:00.000","2","PARKED",,"2214917",,"FORD","ESCAPE","IL","2024","NONE","SPORT UTILITY VEHICLE (SUV)","PERSONAL","N","PARKED",,,"0",,,,,,,,,,,,,,"Y","Y",,,"FRONT-LEFT-CORNER",,,,,,,,,,,,,,,,,,,,,,,,,,,,,,,,,
"2322440","cdb77348f4004ee2b72625251a9e20b5c141b08b20a80dba25d9bd048457287b2d12e97f86d92819790e959680eccec53b28e75e795e556c5629105468892abb","2026-06-08T08:00:00.000","1","DRIVER",,"2215047",,"UNKNOWN","OTHER (EXPLAIN IN NARRATIVE)",,,"UNKNOWN","UNKNOWN/NA","UNKNOWN/NA","W","UNKNOWN/NA",,,"1",,,,,,,,,,,,,,,,,"Y","UNKNOWN",,,,,,,,,,,,,,,,,,,,,,,,,,,,,,,,,
"2322441","cdb77348f4004ee2b72625251a9e20b5c141b08b20a80dba25d9bd048457287b2d12e97f86d92819790e959680eccec53b28e75e795e556c5629105468892abb","2026-06-08T08:00:00.000","2","PARKED",,"2215051",,"TOYOTA","RAV4","IL","2022","UNKNOWN","PASSENGER","PERSONAL","W","PARKED",,,"0",,,,,,,,,,,,"Y",,,,,,"REAR-LEFT-CORNER",,,,,,,,,,,,,,,,,,,,,,,,,,,,,,,,,
"2322328","d8165259fc497024e272567cd59b1a66aed14885404fed74664bee64d9f829f4ff96e66a2eec1184838fd65a9a761efe973cc487b30842fa190837e733aa82f5","2026-06-08T08:00:00.000","1","DRIVER",,"2214944",,"VOLKSWAGEN","JETTA","IL","2022","UNKNOWN","PASSENGER","PERSONAL","E","STRAIGHT AHEAD",,,"1",,,,,,,,,,,,,,"Y","Y",,,"SIDE-LEFT",,,,,,,,,,,,,,,,,,,,,,,,,,,,,,,,,
"2322329","d8165259fc497024e272567cd59b1a66aed14885404fed74664bee64d9f829f4ff96e66a2eec1184838fd65a9a761efe973cc487b30842fa190837e733aa82f5","2026-06-08T08:00:00.000","2","DRIVER",,"2214963",,"KENWORTH MOTOR TRUCK COMPANY","KENWORTH MOTOR TRUCK CO.","IL","2004","NONE","TRACTOR W/ SEMI-TRAILER","OTHER","E","TURNING RIGHT",,,"1",,,,"Y",,,,,,,,,,,,,,"SIDE-RIGHT",,,,,,,,,,,,,,,,,,,,,,,,,,,,,,,,,
"2321926","fea77825f958a4519ee7106829dff4625590bfd7c6cf4c11b20b6aafc040df603f73a0617e6c18c2075f5a5d7c678a88d0ce4466ad523728b0ac0c1a84fddc1c","2026-06-08T07:55:00.000","1","DRIVER",,"2214555",,"ACURA","TLX","IL","2023","NONE","PASSENGER","PERSONAL","E","STRAIGHT AHEAD",,,"1",,,,,,,,,,"Y","Y",,,,,,,"REAR",,,,,,,,,,,,,,,,,,,,,,,,,,,,,,,,,
"2321927","fea77825f958a4519ee7106829dff4625590bfd7c6cf4c11b20b6aafc040df603f73a0617e6c18c2075f5a5d7c678a88d0ce4466ad523728b0ac0c1a84fddc1c","2026-06-08T07:55:00.000","2","DRIVER",,"2214561",,"TOYOTA","HIGHLANDER","IL",,"UNKNOWN","PASSENGER","UNKNOWN/NA","E","STRAIGHT AHEAD",,,"1",,,,,"Y",,,,,,,,,,,"Y",,"FRONT-RIGHT-CORNER",,,,,,,,,,,,,,,,,,,,,,,,,,,,,,,,,
"2321881","d6470da16e8971fcfe4879b7321e8386c1ad04ecb59b71063e7c9f578d45495ef370a0ee34ebfbadf04a62e302522dbe8c890e574e89423040f505acd6dc988d","2026-06-08T07:51:00.000","1","DRIVER",,"2214512",,"HYUNDAI","ACCENT","IL","2023","UNKNOWN","PASSENGER","UNKNOWN/NA","N","STRAIGHT AHEAD",,,"1",,,,,"Y","Y",,,,,,,,,,,"Y","UNKNOWN",,,,,,,,,,,,,,,,,,,,,,,,,,,,,,,,,
"2321882","d6470da16e8971fcfe4879b7321e8386c1ad04ecb59b71063e7c9f578d45495ef370a0ee34ebfbadf04a62e302522dbe8c890e574e89423040f505acd6dc988d","2026-06-08T07:51:00.000","2","DRIVER",,"2214517",,"INFINITI","QX50","IL","2023","UNKNOWN","PASSENGER","PERSONAL","W","STRAIGHT AHEAD",,,"1",,,,,"Y",,,,,,,,,,"Y","Y",,"FRONT",,,,,,,,,,,,,,,,,,,,,,,,,,,,,,,,,
"2321879","5790cb5c11bd3bc58110fdab5279323dc5ec85a7a2a80da1575b5100fdfb6b1dd224ef4f43fb2b88ed491cb0bf59f9ccde0ddb31a7182fd29d65fe6e92036feb","2026-06-08T07:45:00.000","1","DRIVER","2","2214509",,"FORD","F250","IL","2006","UNKNOWN","PICKUP","PERSONAL","N","STRAIGHT AHEAD",,,"3",,,,,,,,,,,,,,,,"Y",,"FRONT",,,,,,,,,,,,,,,,,,,,,,,,,,,,,,,,,
"2321880","5790cb5c11bd3bc58110fdab5279323dc5ec85a7a2a80da1575b5100fdfb6b1dd224ef4f43fb2b88ed491cb0bf59f9ccde0ddb31a7182fd29d65fe6e92036feb","2026-06-08T07:45:00.000","2","DRIVER",,"2214516",,"TOYOTA","TUNDRA","IL","2019","NONE","PICKUP","PERSONAL","N","STRAIGHT AHEAD",,,"1",,,,,,,,,,"Y",,,,,,,,"REAR",,,,,,,,,,,,,,,,,,,,,,,,,,,,,,,,,
"2321914","b638f6eed74a6e1688bd2859a8f46a65fdd0e1e6a4f771d0af0332ee919609c829aee13acad96874d89d39b4a1aae18b67aa8955e5ab7df77b3400d91bb76c9e","2026-06-08T07:29:00.000","1","DRIVER",,"2214543",,"NISSAN","PATHFINDER","IL","2016","UNKNOWN","SPORT UTILITY VEHICLE (SUV)","UNKNOWN/NA","S","UNKNOWN/NA","Y",,"1",,"city of chicago","doty south",,"Y",,,,,,,,,,"Y","Y",,"FRONT-LEFT-CORNER",,,,,,,,,,,,,,,,,,,,,,,,,,,,,,,,,
"2321915","b638f6eed74a6e1688bd2859a8f46a65fdd0e1e6a4f771d0af0332ee919609c829aee13acad96874d89d39b4a1aae18b67aa8955e5ab7df77b3400d91bb76c9e","2026-06-08T07:29:00.000","2","DRIVERLESS",,"2214549",,"CADILLAC","SRX","IL","2012","UNKNOWN","SPORT UTILITY VEHICLE (SUV)","NOT IN USE","N","PARKED","Y",,"0",,"city of chicago","doty south",,"Y",,,,,,,,,,"Y","Y",,"FRONT",,,,,,,,,,,,,,,,,,,,,,,,,,,,,,,,,
"2321910","614bff784d8a2c971876987e3fc51370770789e92cd00e6cce9c98d98c941ba518c303d91adef7e66cd1efbb18cf65bc6273a8976d79a455f51139b2c6849a49","2026-06-08T07:21:00.000","1","DRIVER",,"2214548",,"UNKNOWN","OTHER (EXPLAIN IN NARRATIVE)","IL","2024","UNKNOWN","TRACTOR W/ SEMI-TRAILER","UNKNOWN/NA","W","MERGING",,,"1",,,,"Y",,,,,,,,,,,,,,"NONE",,,,,,,,,,,,,,,,,,,,,,,,,,,,,,,,,
"2321911","614bff784d8a2c971876987e3fc51370770789e92cd00e6cce9c98d98c941ba518c303d91adef7e66cd1efbb18cf65bc6273a8976d79a455f51139b2c6849a49","2026-06-08T07:21:00.000","2","PARKED","1","2214541",,"FORD","FUSION","IL","2015","NONE","PASSENGER","NOT IN USE","UNKNOWN","PARKED",,,"1",,,,,,,,,,,,,,"Y","Y",,,"FRONT-LEFT-CORNER",,,,,,,,,,,,,,,,,,,,,,,,,,,,,,,,,
"2321952","ca3f97ed0bd84996927eafd495667fb48371f825f9656ba2be785b34f6b27af23fd28c7889eccf9f09dabbab7f451beebecbc6eba0a0913b16ae6ba103254798","2026-06-08T07:20:00.000","1","DRIVER","1","2214578",,"BUICK","ENCLAVE","IL","2012","UNKNOWN","SPORT UTILITY VEHICLE (SUV)","PERSONAL","W","STRAIGHT AHEAD","Y",,"2",,"city of chicago","103rd doty",,"Y","Y","Y","Y","Y",,,,,,,,,"FRONT-RIGHT-CORNER",,,,,,,,,,,,,,,,,,,,,,,,,,,,,,,,,
"2321953","ca3f97ed0bd84996927eafd495667fb48371f825f9656ba2be785b34f6b27af23fd28c7889eccf9f09dabbab7f451beebecbc6eba0a0913b16ae6ba103254798","2026-06-08T07:20:00.000","2","PARKED",,"2214600",,"JEEP","CHEROKEE","IL","2012","UNKNOWN","SPORT UTILITY VEHICLE (SUV)","NOT IN USE","UNKNOWN","PARKED",,,"0",,,,,,,,,,,"Y","Y","Y",,,,,"SIDE-LEFT",,,,,,,,,,,,,,,,,,,,,,,,,,,,,,,,,
"2321954","ca3f97ed0bd84996927eafd495667fb48371f825f9656ba2be785b34f6b27af23fd28c7889eccf9f09dabbab7f451beebecbc6eba0a0913b16ae6ba103254798","2026-06-08T07:20:00.000","3","PARKED",,"2214604",,"HYUNDAI","OTHER (EXPLAIN IN NARRATIVE)","IL","2010","UNKNOWN","PASSENGER","NOT IN USE","UNKNOWN","PARKED",,,"0",,,,,,,,,,,"Y","Y","Y",,,,,"SIDE-LEFT",,,,,,,,,,,,,,,,,,,,,,,,,,,,,,,,,
"2321955","ca3f97ed0bd84996927eafd495667fb48371f825f9656ba2be785b34f6b27af23fd28c7889eccf9f09dabbab7f451beebecbc6eba0a0913b16ae6ba103254798","2026-06-08T07:20:00.000","4","PARKED",,"2214605",,"DODGE","OTHER (EXPLAIN IN NARRATIVE)","IL","2011","UNKNOWN","OTHER","NOT IN USE","UNKNOWN","PARKED",,,"0",,,,,,,,,,,"Y","Y","Y",,,,,"SIDE-LEFT",,,,,,,,,,,,,,,,,,,,,,,,,,,,,,,,,