"crash_unit_id","crash_record_id","crash_date","unit_no","unit_type","num_passengers","vehicle_id","cmrc_veh_i","make","model","lic_plate_state","vehicle_year","vehicle_defect","vehicle_type","vehicle_use","travel_direction","maneuver","towed_i","fire_i","occupant_cnt","exceed_speed_limit_i","towed_by","towed_to","area_00_i","area_01_i","area_02_i","area_03_i","area_04_i","area_05_i","area_06_i","area_07_i","area_08_i","area_09_i","area_10_i","area_11_i","area_12_i","area_99_i","first_contact_point","cmv_id","usdot_no","ccmc_no","ilcc_no","commercial_src","gvwr","carrier_name","carrier_state","carrier_city","hazmat_placards_i","hazmat_name","un_no","hazmat_present_i","hazmat_report_i","hazmat_report_no","mcs_report_i","mcs_report_no","hazmat_vio_cause_crash_i","mcs_vio_cause_crash_i","idot_permit_no","wide_load_i","trailer1_width","trailer2_width","trailer1_length","trailer2_length","total_vehicle_length","axle_cnt","vehicle_config","cargo_body_type","load_type","hazmat_out_of_service_i","mcs_out_of_service_i","hazmat_class"
"2321956","ca3f97ed0bd84996927eafd495667fb48371f825f9656ba2be785b34f6b27af23fd28c7889eccf9f09dabbab7f451beebecbc6eba0a0913b16ae6ba103254798","2026-06-08T07:20:00.000","5","PARKED",,"2214606",,"DODGE","OTHER (EXPLAIN IN NARRATIVE)","IL","2011","UNKNOWN","OTHER","NOT IN USE","UNKNOWN","PARKED",,,"0",,,,,,,,,,,"Y","Y","Y",,,,,"SIDE-LEFT",,,,,,,,,,,,,,,,,,,,,,,,,,,,,,,,,
"2321877","ffcce4ddf9f3201dbe377bc95f0e70904142c34246c5ffc03f1c656edbcebbda6129b2179a6dc80a6a322c985ed21c6d81b6d936eea2dd433583fc133611585e","2026-06-08T07:10:00.000","1","DRIVER",,"2214510",,"DODGE","RAM PROMASTER","IL","2015","NONE","VAN/MINI-VAN","PERSONAL","S","STRAIGHT AHEAD",,,"1",,,,,"Y",,,,,,,,,,"Y","Y",,"FRONT",,,,,,,,,,,,,,,,,,,,,,,,,,,,,,,,,
"2321878","ffcce4ddf9f3201dbe377bc95f0e70904142c34246c5ffc03f1c656edbcebbda6129b2179a6dc80a6a322c985ed21c6d81b6d936eea2dd433583fc133611585e","2026-06-08T07:10:00.000","2","DRIVER",,"2214518",,"HONDA","CR-V","IL","2016","NONE","PASSENGER","PERSONAL","S","STRAIGHT AHEAD",,,"1",,,,,,,,,"Y","Y","Y",,,,,,,"REAR",,,,,,,,,,,,,,,,,,,,,,,,,,,,,,,,,
"2321869","18d3262aa6ea0a5d26d610d02a29f596c4dba949c2f68753dcbe0cc37567d0fe01f3e7de377f8ce31a584a30483a2f76ceeaf82b2c8af13538d943c80f13a5b3","2026-06-08T07:00:00.000","1","DRIVER",,"2214508",,"FORD","ECONOLINE E250","IL","2010","NONE","PICKUP","PERSONAL","E","STRAIGHT AHEAD",,,"1",,,,,"Y",,,,,,,,,,"Y","Y",,"FRONT",,,,,,,,,,,,,,,,,,,,,,,,,,,,,,,,,
"2321870","18d3262aa6ea0a5d26d610d02a29f596c4dba949c2f68753dcbe0cc37567d0fe01f3e7de377f8ce31a584a30483a2f76ceeaf82b2c8af13538d943c80f13a5b3","2026-06-08T07:00:00.000","2","DRIVER",,"2214514",,"HONDA","CR-V","IL","2007","NONE","PASSENGER","PERSONAL","E","STRAIGHT AHEAD",,,"1",,,,,"Y",,,,"Y","Y","Y",,,,"Y","Y",,"REAR",,,,,,,,,,,,,,,,,,,,,,,,,,,,,,,,,
"2321871","18d3262aa6ea0a5d26d610d02a29f596c4dba949c2f68753dcbe0cc37567d0fe01f3e7de377f8ce31a584a30483a2f76ceeaf82b2c8af13538d943c80f13a5b3","2026-06-08T07:00:00.000","3","DRIVER",,"2214519",,"HONDA","CR-V","IL","2019","NONE","PASSENGER","PERSONAL","E","STRAIGHT AHEAD",,,"1",,,,,,,,,"Y","Y","Y",,,,,,,"REAR",,,,,,,,,,,,,,,,,,,,,,,,,,,,,,,,,
"2322004","2117e5f1a8439da1b56dfb50383f93c837733e148ebeca93dcbcd7873c06ee69ea29a55674da4ded5c74d3e66f8f3f75a3ace79f3cb10615da639aba1882c919","2026-06-08T07:00:00.000","1","DRIVER",,"2214633",,"UNKNOWN","OTHER (EXPLAIN IN NARRATIVE)","IL",,"UNKNOWN","UNKNOWN/NA","UNKNOWN/NA","E","PASSING/OVERTAKING",,,"1",,,,,,,,,,,,,,,,,"Y","UNKNOWN",,,,,,,,,,,,,,,,,,,,,,,,,,,,,,,,,
"2322005","2117e5f1a8439da1b56dfb50383f93c837733e148ebeca93dcbcd7873c06ee69ea29a55674da4ded5c74d3e66f8f3f75a3ace79f3cb10615da639aba1882c919","2026-06-08T07:00:00.000","2","PARKED",,"2214640",,"JEEP","LIBERTY","IL","2006","UNKNOWN","PASSENGER","PERSONAL","E","PARKED",,,"0",,,,,,,,,,,,,"Y","Y","Y",,,"SIDE-LEFT",,,,,,,,,,,,,,,,,,,,,,,,,,,,,,,,,
"2321858","6e22a9cd05b64cbf817766566fdfb21bd34f0f1faf3937fabd593fe555057722d788b7e3715af655cf7dd30a0c51491757b7e70ef7f21f468f304c84c77bb965","2026-06-08T07:00:00.000","1","DRIVER",,"2214500",,"DODGE","DURANGO","IL","2018","OTHER","SPORT UTILITY VEHICLE (SUV)","PERSONAL","S","OTHER",,,"1",,,,,"Y",,,,,,,,,,"Y","Y",,"FRONT",,,,,,,,,,,,,,,,,,,,,,,,,,,,,,,,,
"2321861","6e22a9cd05b64cbf817766566fdfb21bd34f0f1faf3937fabd593fe555057722d788b7e3715af655cf7dd30a0c51491757b7e70ef7f21f468f304c84c77bb965","2026-06-08T07:00:00.000","2","PARKED",,"2214501",,"HONDA","RIDGELINE","IL","2007","UNKNOWN","PICKUP","PERSONAL","S","PARKED",,,"0",,,,"Y",,,,,,,,,,,,,,"REAR",,,,,,,,,,,,,,,,,,,,,,,,,,,,,,,,,
"2322045","bef831465ad0b8f3b4cdc426cace70098e0c011edb74b6979fbfe638544d245ba27eb536ff30ab599ba8dbc2c58082cbcd9699e5109d4b022c0e8fabc9487008","2026-06-08T07:00:00.000","1","DRIVER",,"2214665",,"LEXUS","RX350","IL","2025","UNKNOWN","SPORT UTILITY VEHICLE (SUV)","UNKNOWN/NA","UNKNOWN","LEAVING TRAFFIC LANE TO PARK",,,"1",,,,,,,,,,,,,,"Y","Y",,,"FRONT-LEFT-CORNER",,,,,,,,,,,,,,,,,,,,,,,,,,,,,,,,,
"2322046","bef831465ad0b8f3b4cdc426cace70098e0c011edb74b6979fbfe638544d245ba27eb536ff30ab599ba8dbc2c58082cbcd9699e5109d4b022c0e8fabc9487008","2026-06-08T07:00:00.000","2","PARKED",,"2214670",,"SCION","XB","IL","2010","UNKNOWN","SPORT UTILITY VEHICLE (SUV)","PERSONAL","UNKNOWN","PARKED",,,"0",,,,,"Y","Y",,,,,,,,,,,,"SIDE-LEFT-FRONT",,,,,,,,,,,,,,,,,,,,,,,,,,,,,,,,,
"2322020","e3c8fc3982fa85b0922522732d946f781cb01250119395eba07f437a7cf628f31abb61b97e4da7f7bb69bedd6f534767bf7091d3cfe98621d6d6f4d6c7886ffb","2026-06-08T07:00:00.000","1","DRIVER",,"2214637",,"UNKNOWN","OTHER (EXPLAIN IN NARRATIVE)",,,"UNKNOWN","UNKNOWN/NA","UNKNOWN/NA","E","UNKNOWN/NA",,,"1",,,,,,,,,,,,,,,,,"Y","UNKNOWN",,,,,,,,,,,,,,,,,,,,,,,,,,,,,,,,,
"2322021","e3c8fc3982fa85b0922522732d946f781cb01250119395eba07f437a7cf628f31abb61b97e4da7f7bb69bedd6f534767bf7091d3cfe98621d6d6f4d6c7886ffb","2026-06-08T07:00:00.000","2","PARKED",,"2214642",,"HONDA","CIVIC","IL","2016","NONE","PASSENGER","NOT IN USE","E","PARKED",,,"0",,,,,,,,,,,"Y","Y",,,,,,"REAR-LEFT-CORNER",,,,,,,,,,,,,,,,,,,,,,,,,,,,,,,,,
"2322174","f1000c5a5cc7f4a575fc120ccd5d7d30f362c29912189a4833f54fb01dc1232bf3215f3d4f0c375cde11ccbdffd3c1a00bac8e80fd4122a3f4d058c3849d6896","2026-06-08T07:00:00.000","1","DRIVER",,"2214785",,"UNKNOWN","OTHER (EXPLAIN IN NARRATIVE)","IL",,"UNKNOWN","UNKNOWN/NA","UNKNOWN/NA","UNKNOWN","UNKNOWN/NA",,,"1",,,,,,,,,,,,,,,,,"Y","UNKNOWN",,,,,,,,,,,,,,,,,,,,,,,,,,,,,,,,,
"2322175","f1000c5a5cc7f4a575fc120ccd5d7d30f362c29912189a4833f54fb01dc1232bf3215f3d4f0c375cde11ccbdffd3c1a00bac8e80fd4122a3f4d058c3849d6896","2026-06-08T07:00:00.000","2","PARKED",,"2214788",,"TOYOTA","COROLLA","IL","2026","NONE","PASSENGER","PERSONAL","UNKNOWN","PARKED",,,"0",,,,,"Y","Y","Y","Y","Y",,,,,,,,,"SIDE-RIGHT",,,,,,,,,,,,,,,,,,,,,,,,,,,,,,,,,
"2321852","f6c374d4c2b06faeef0b2cee670429f33b9387d16e71c9d6ab30a3693b0584f39b751331080a6c489d4be0da673f7484972e2cdaa3ecfc05b628fe1a919ade16","2026-06-08T07:00:00.000","1","DRIVER","4","2214491",,"HONDA","PILOT","MN","2015","UNKNOWN","SPORT UTILITY VEHICLE (SUV)","PERSONAL","S","STRAIGHT AHEAD",,,"5",,,,,,,,,"Y",,,,,,,,,"REAR-RIGHT-CORNER",,,,,,,,,,,,,,,,,,,,,,,,,,,,,,,,,
"2321853","f6c374d4c2b06faeef0b2cee670429f33b9387d16e71c9d6ab30a3693b0584f39b751331080a6c489d4be0da673f7484972e2cdaa3ecfc05b628fe1a919ade16","2026-06-08T07:00:00.000","2","DRIVER",,"2214493",,"LEXUS","RX350","IL","2021","NONE","SPORT UTILITY VEHICLE (SUV)","PERSONAL","N","STRAIGHT AHEAD",,,"1",,,,,,,,,,,,,,,"Y","Y",,"FRONT-LEFT-CORNER",,,,,,,,,,,,,,,,,,,,,,,,,,,,,,,,,
"2322026","63a1d96cc9f16cc18b342932c84b3e52014a2afe674cca1cb2d37d117ce6a384773f6ab58f9414ea44b551dcfbfc0862ee8373b1dbee39abc711136aba33c4db","2026-06-08T06:50:00.000","2","DRIVER",,"2214648",,"HONDA","CR-V",,"2025","NONE","PASSENGER","PERSONAL","E","STRAIGHT AHEAD",,,"1",,,,,,,,,,,,,,,,,,"REAR",,,,,,,,,,,,,,,,,,,,,,,,,,,,,,,,,
"2322027","63a1d96cc9f16cc18b342932c84b3e52014a2afe674cca1cb2d37d117ce6a384773f6ab58f9414ea44b551dcfbfc0862ee8373b1dbee39abc711136aba33c4db","2026-06-08T06:50:00.000","1","DRIVER",,"2214649",,"UNKNOWN","OTHER (EXPLAIN IN NARRATIVE)",,,"UNKNOWN","PASSENGER","PERSONAL","E","STRAIGHT AHEAD",,,"1",,,,,,,,,,,,,,,,,,"FRONT",,,,,,,,,,,,,,,,,,,,,,,,,,,,,,,,,
"2321864","34e4ca3b7e725e026f15096a6f0ed39f4b91c34b6720eebd7a800a5ecc7ccb2ba838391ad5e0320a4240d345d6cfb71879edf66434e372d184cfd64d989266dc","2026-06-08T06:30:00.000","1","DRIVER",,"2214504",,"TOYOTA","PRIUS","IL","2012","NONE","PASSENGER","PERSONAL","N","TURNING LEFT","Y",,"1",,"DRIVER / OWNER","UNK",,"Y",,,,,,,,,,"Y","Y",,"FRONT",,,,,,,,,,,,,,,,,,,,,,,,,,,,,,,,,
"2321865","34e4ca3b7e725e026f15096a6f0ed39f4b91c34b6720eebd7a800a5ecc7ccb2ba838391ad5e0320a4240d345d6cfb71879edf66434e372d184cfd64d989266dc","2026-06-08T06:30:00.000","2","DRIVER",,"2214506",,"HONDA","ACCORD","IL","2017","NONE","PASSENGER","PERSONAL","S","STRAIGHT AHEAD","Y",,"1",,"DRIVER / OWNER","UNK",,"Y",,,,,,,,,,"Y","Y",,"FRONT",,,,,,,,,,,,,,,,,,,,,,,,,,,,,,,,,
"2321866","34e4ca3b7e725e026f15096a6f0ed39f4b91c34b6720eebd7a800a5ecc7ccb2ba838391ad5e0320a4240d345d6cfb71879edf66434e372d184cfd64d989266dc","2026-06-08T06:30:00.000","3","DRIVER",,"2214511",,"TOYOTA","HIGHLANDER","IL","2024","NONE","SPORT UTILITY VEHICLE (SUV)","PERSONAL","E","STRAIGHT AHEAD","Y",,"1",,"DRIVER / OWNER","UNK",,,,,,,,,,"Y","Y","Y","Y",,"SIDE-LEFT",,,,,,,,,,,,,,,,,,,,,,,,,,,,,,,,,
"2321908","5dc241a195aec88e4909be0de59951b6447b0937556260cc8c97f395b25f149d4f75ba9d0cc73d4c2e74656c7a4ffa5e7eaa4f76ed13646f23072846946f66cf","2026-06-08T06:30:00.000","1","DRIVER",,"2214537",,"UNKNOWN","OTHER (EXPLAIN IN NARRATIVE)",,,"UNKNOWN","UNKNOWN/NA","UNKNOWN/NA","S","UNKNOWN/NA",,,"1",,,,,,,,,,,,"Y",,,,,,"UNKNOWN",,,,,,,,,,,,,,,,,,,,,,,,,,,,,,,,,
"2321909","5dc241a195aec88e4909be0de59951b6447b0937556260cc8c97f395b25f149d4f75ba9d0cc73d4c2e74656c7a4ffa5e7eaa4f76ed13646f23072846946f66cf","2026-06-08T06:30:00.000","2","PARKED",,"2214539",,"HONDA","PILOT","IL","2012","NONE","SPORT UTILITY VEHICLE (SUV)","NOT IN USE","S","PARKED","Y",,"0",,,,,,,,,,,,"Y","Y","Y",,,,"SIDE-LEFT-REAR",,,,,,,,,,,,,,,,,,,,,,,,,,,,,,,,,
"2321854","799d845dfba55d7f00295f1fa4e6d3407f3088b94ce0b5ae21f95b24d3d1cf28fce43eaff7b08eab3dd622c341358bea5233be89dd8006b155f0bd35fec0f288","2026-06-08T06:15:00.000","1","DRIVER",,"2214494",,"JEEP","GRAND CHEROKEE","IL","2021","NONE","PASSENGER","PERSONAL","N","STRAIGHT AHEAD","Y",,"1",,"PRIVATE","UNKNOWN",,"Y",,,,,,,,,,"Y","Y",,"FRONT",,,,,,,,,,,,,,,,,,,,,,,,,,,,,,,,,
"2321855","799d845dfba55d7f00295f1fa4e6d3407f3088b94ce0b5ae21f95b24d3d1cf28fce43eaff7b08eab3dd622c341358bea5233be89dd8006b155f0bd35fec0f288","2026-06-08T06:15:00.000","2","DRIVER","2","2214496",,"MERCEDES-BENZ","GLC","IL","2021","NONE","PASSENGER","PERSONAL","S","STRAIGHT AHEAD","Y",,"3",,"PRIVATE","UNKNOWN",,"Y",,,,,,,,,,"Y","Y",,"FRONT",,,,,,,,,,,,,,,,,,,,,,,,,,,,,,,,,
"2321843","b82ca43877f8a6ad7f8ed4718e82a54d259682d3fe2e92649f513eabe0b89424966666cfa73979b0c8c4651fd60b263409dcce111bed7f8744d6e43e728e8d55","2026-06-08T06:05:00.000","1","DRIVER",,"2214484",,"HONDA","ACCORD","IL","2019","NONE","PASSENGER","PERSONAL","N","OTHER",,,"1",,,,,,,,,,,,"Y","Y","Y","Y","Y",,"FRONT-LEFT-CORNER",,,,,,,,,,,,,,,,,,,,,,,,,,,,,,,,,
"2321844","b82ca43877f8a6ad7f8ed4718e82a54d259682d3fe2e92649f513eabe0b89424966666cfa73979b0c8c4651fd60b263409dcce111bed7f8744d6e43e728e8d55","2026-06-08T06:05:00.000","2","DRIVER",,"2214486",,"CHRYSLER","TOWN & COUNTRY","IL","2014","NONE","VAN/MINI-VAN","PERSONAL","E","STRAIGHT AHEAD",,,"1",,,,,"Y","Y","Y","Y",,,,,,,,"Y",,"FRONT-RIGHT-CORNER",,,,,,,,,,,,,,,,,,,,,,,,,,,,,,,,,
"2321876","ceb50003d3110ccefd79b7dd0b9f896b3b23f7327eff96805fc10437a9ae5a13b9ddf14f913f7c13516567841aaba5a4c94b4ec5214108635a4fffb974ad6f22","2026-06-08T06:00:00.000","1",,,,,,,,,,,,,,,,,,,,,,,,,,,,,,,,,,,,,,,,,,,,,,,,,,,,,,,,,,,,,,,,,,,
"2321885","ceb50003d3110ccefd79b7dd0b9f896b3b23f7327eff96805fc10437a9ae5a13b9ddf14f913f7c13516567841aaba5a4c94b4ec5214108635a4fffb974ad6f22","2026-06-08T06:00:00.000","1","DRIVER",,"2214513",,"VOLKSWAGEN","TIGUAN","IL","2024","UNKNOWN","SPORT UTILITY VEHICLE (SUV)","PERSONAL","S","STRAIGHT AHEAD",,,"1",,,,,,,,,,,,,,,"Y","Y",,"FRONT",,,,,,,,,,,,,,,,,,,,,,,,,,,,,,,,,
"2321848","464b177634ecfedf5d659837a6c2917428ac861c53f63422c73ae289011589936e714894704ba2e3d2565bd19b14c73618430481d1fe3838ed5696781f28f3d1","2026-06-08T05:40:00.000","1","DRIVER",,"2214488",,"FORD","TRANSIT","IL","2018","NONE","VAN/MINI-VAN","COMMERCIAL - SINGLE UNIT","E","STRAIGHT AHEAD",,,"1",,,,,,,,,,,,,,,"Y",,,"FRONT-LEFT-CORNER",,,,,,,,,,,,,,,,,,,,,,,,,,,,,,,,,
"2321849","464b177634ecfedf5d659837a6c2917428ac861c53f63422c73ae289011589936e714894704ba2e3d2565bd19b14c73618430481d1fe3838ed5696781f28f3d1","2026-06-08T05:40:00.000","2","DRIVER",,"2214489",,"FORD","ESCAPE","IL","2013","NONE","PASSENGER","PERSONAL","S","TURNING LEFT",,,"1",,,,,,,,,,,,,,,,"Y",,"FRONT",,,,,,,,,,,,,,,,,,,,,,,,,,,,,,,,,
"2322083","b70514b9e2a870ebc224898c626486d039940ae1166ad676f05d654a7ca7aba8e4351e01d1b8e0b0e5befb07ea56d7b364bd4f8e8503abe3b9230ab07818f63a","2026-06-08T05:40:00.000","1","DRIVER",,"2214700",,"DODGE","CHALLENGER","IL","2015","UNKNOWN","PASSENGER","UNKNOWN/NA","N","PASSING/OVERTAKING",,,"1",,,,,,,,,"Y",,,,,,,,,"REAR-RIGHT-CORNER",,,,,,,,,,,,,,,,,,,,,,,,,,,,,,,,,
"2322084","b70514b9e2a870ebc224898c626486d039940ae1166ad676f05d654a7ca7aba8e4351e01d1b8e0b0e5befb07ea56d7b364bd4f8e8503abe3b9230ab07818f63a","2026-06-08T05:40:00.000","2","DRIVER",,"2214697",,"NISSAN","ALTIMA","IL","2011","UNKNOWN","PASSENGER","PERSONAL","N","STRAIGHT AHEAD",,,"1",,,,,,,,,,,"Y",,,,,,,"REAR-LEFT-CORNER",,,,,,,,,,,,,,,,,,,,,,,,,,,,,,,,,
"2321837","5b09da3e3b2a23e201b865eb6871fc79471e163208b3ca28fd7a8038afabeecc1ce57646d81032e1d38d436ded06f60fbfd86dab3674a369cd1926e35f882000","2026-06-08T05:30:00.000","1","DRIVER",,"2214479",,"HYUNDAI","TUCSON","IL","2016","UNKNOWN","PASSENGER","UNKNOWN/NA","N","STRAIGHT AHEAD","Y",,"1",,"CITY OF CHICAGO","DOTY ROAD",,"Y","Y",,,,,,,,"Y","Y","Y",,"FRONT",,,,,,,,,,,,,,,,,,,,,,,,,,,,,,,,,
"2321838","5b09da3e3b2a23e201b865eb6871fc79471e163208b3ca28fd7a8038afabeecc1ce57646d81032e1d38d436ded06f60fbfd86dab3674a369cd1926e35f882000","2026-06-08T05:30:00.000","2","PARKED",,"2214480",,"FORD","ESCAPE","IL","2017","UNKNOWN","PASSENGER","NOT IN USE","N","PARKED",,,"0",,,,,,,,,"Y","Y","Y",,,,,,,"REAR",,,,,,,,,,,,,,,,,,,,,,,,,,,,,,,,,
"2321839","5b09da3e3b2a23e201b865eb6871fc79471e163208b3ca28fd7a8038afabeecc1ce57646d81032e1d38d436ded06f60fbfd86dab3674a369cd1926e35f882000","2026-06-08T05:30:00.000","3","PARKED",,"2214481",,"CHEVROLET","EQUINOX","IL","2007","UNKNOWN","PASSENGER","NOT IN USE","N","PARKED",,,"0",,,,,"Y",,,,"Y","Y","Y",,,,"Y","Y",,"REAR",,,,,,,,,,,,,,,,,,,,,,,,,,,,,,,,,
"2321840","5b09da3e3b2a23e201b865eb6871fc79471e163208b3ca28fd7a8038afabeecc1ce57646d81032e1d38d436ded06f60fbfd86dab3674a369cd1926e35f882000","2026-06-08T05:30:00.000","4","PARKED",,"2214482",,"VOLKSWAGEN","BEETLE","IN","2007","UNKNOWN","PASSENGER","NOT IN USE","N","PARKED",,,"0",,,,,,,,,"Y","Y","Y",,,,,,,"REAR",,,,,,,,,,,,,,,,,,,,,,,,,,,,,,,,,
"2321827","1696c424894961febe112409ff373b4ec3bf9a15c39db4639ef7129fd22b76f3ea8e06dcad8c69edad7498511ebac152236d63e02520d84ddda180fe2cf38c86","2026-06-08T04:01:00.000","1","DRIVER",,"2214466",,"UNKNOWN","OTHER (EXPLAIN IN NARRATIVE)","IL",,"UNKNOWN","SPORT UTILITY VEHICLE (SUV)","UNKNOWN/NA","W","STRAIGHT AHEAD",,,"1",,,,,,,,,,,,,,,,,"Y","UNKNOWN",,,,,,,,,,,,,,,,,,,,,,,,,,,,,,,,,
"2321828","1696c424894961febe112409ff373b4ec3bf9a15c39db4639ef7129fd22b76f3ea8e06dcad8c69edad7498511ebac152236d63e02520d84ddda180fe2cf38c86","2026-06-08T04:01:00.000","2","DRIVER","1","2214469",,"HYUNDAI","SONATA","IL","2018","UNKNOWN","PASSENGER","PERSONAL","W","SLOW/STOP IN TRAFFIC",,,"2",,,,,,,,"Y","Y","Y","Y","Y",,,,,,"REAR",,,,,,,,,,,,,,,,,,,,,,,,,,,,,,,,,
"2321862","5e73fcb175a7b56ce5325cf389eb9b49a97f519eead861c158ee8e40ef03cdf69a68df783eeb4da13ca496ce30f8e291d918083b7c5252cd13c8d82d835244e5","2026-06-08T03:55:00.000","1","DRIVER",,"2214502",,"UNKNOWN","OTHER (EXPLAIN IN NARRATIVE)","IL",,"UNKNOWN","UNKNOWN/NA","UNKNOWN/NA","UNKNOWN","UNKNOWN/NA",,,"1",,,,,,,,,,,,,,,,,"Y","UNKNOWN",,,,,,,,,,,,,,,,,,,,,,,,,,,,,,,,,
"2321863","5e73fcb175a7b56ce5325cf389eb9b49a97f519eead861c158ee8e40ef03cdf69a68df783eeb4da13ca496ce30f8e291d918083b7c5252cd13c8d82d835244e5","2026-06-08T03:55:00.000","2","PARKED",,"2214503",,"DODGE","GRAND CARAVAN","IL",,"NONE","PASSENGER","PERSONAL","UNKNOWN","PARKED",,,"0",,,,,,,,,,,,,,"Y","Y","N",,"FRONT-LEFT-CORNER",,,,,,,,,,,,,,,,,,,,,,,,,,,,,,,,,
"2321829","de140b6a77bb971678618e2c5aed51abf9761283adafe1c6be41372a92da7aa4ac03ea139c7068b6ef72471abe05736d899ff5baca0775844d0e31444e68aace","2026-06-08T03:46:00.000","1","DRIVER",,"2214472",,"UNKNOWN","MOTORIZED","IL",,"UNKNOWN","PASSENGER","PERSONAL","N","STRAIGHT AHEAD",,,"1",,,,,"N","N","N",,,,,,,,,,"Y","UNKNOWN",,,,,,,,,,,,,,,,,,,,,,,,,,,,,,,,,
"2321830","de140b6a77bb971678618e2c5aed51abf9761283adafe1c6be41372a92da7aa4ac03ea139c7068b6ef72471abe05736d899ff5baca0775844d0e31444e68aace","2026-06-08T03:46:00.000","2","DRIVER",,"2214470",,"TOYOTA","CAMRY","IL","2023","NONE","PASSENGER","PERSONAL","N","STRAIGHT AHEAD",,,"1",,,,,,,,,,,"Y","Y","Y",,,,,"SIDE-LEFT",,,,,,,,,,,,,,,,,,,,,,,,,,,,,,,,,
"2321822","ef28d4f67b66aeda1a5e9773c6e1fc49ab07ef26aa3059ae15b82463083c44f0b98061325b16895805051296a349dca0fc5d6156cd413a8644f71104b1c73f8c","2026-06-08T03:00:00.000","1","DRIVER",,"2214462",,"UNKNOWN","OTHER (EXPLAIN IN NARRATIVE)",,,"UNKNOWN","UNKNOWN/NA","UNKNOWN/NA","E","STRAIGHT AHEAD",,,"1",,,,,,,,,,,,,,,,,"Y","FRONT",,,,,,,,,,,,,,,,,,,,,,,,,,,,,,,,,
"2321823","ef28d4f67b66aeda1a5e9773c6e1fc49ab07ef26aa3059ae15b82463083c44f0b98061325b16895805051296a349dca0fc5d6156cd413a8644f71104b1c73f8c","2026-06-08T03:00:00.000","2","PARKED",,"2214463",,"CHEVROLET","TRAIL BLAZER","IL","2021","UNKNOWN","SPORT UTILITY VEHICLE (SUV)","PERSONAL","E","PARKED","Y",,"0",,"PRIVATE TOW",,,,,,,,"Y","Y","Y","Y",,,,,"SIDE-LEFT-REAR",,,,,,,,,,,,,,,,,,,,,,,,,,,,,,,,,
"2321824","ef28d4f67b66aeda1a5e9773c6e1fc49ab07ef26aa3059ae15b82463083c44f0b98061325b16895805051296a349dca0fc5d6156cd413a8644f71104b1c73f8c","2026-06-08T03:00:00.000","3","PARKED",,"2214464",,"CHEVROLET","MALIBU","IL","2024","UNKNOWN","PASSENGER","UNKNOWN/NA","E","PARKED",,,"0",,,,,,,,,"Y","Y","Y",,,,,,,"REAR",,,,,,,,,,,,,,,,,,,,,,,,,,,,,,,,,
"2322156","b72559b33e405440f702a8c77a3e54501c2f8a1a3b1bc99cb9883f19a40b9254604400a4109e2a07e8e4b70f6a6f23c7d2495efc2b1b3bdc59244c92cfa13158","2026-06-08T02:30:00.000","1","DRIVER",,"2214772",,"FORD","BRONCO / BRONCO II","OH","2026","UNKNOWN","UNKNOWN/NA","UNKNOWN/NA","E","STRAIGHT AHEAD",,,"1",,,,,"Y","Y",,,,,,,,,,"Y",,"FRONT-RIGHT-CORNER",,,,,,,,,,,,,,,,,,,,,,,,,,,,,,,,,
"2322157","b72559b33e405440f702a8c77a3e54501c2f8a1a3b1bc99cb9883f19a40b9254604400a4109e2a07e8e4b70f6a6f23c7d2495efc2b1b3bdc59244c92cfa13158","2026-06-08T02:30:00.000","2","DRIVER",,"2214776",,"CHRYSLER","PACIFICA","IL","2021","UNKNOWN","PASSENGER","PERSONAL","E","STRAIGHT AHEAD",,,"1",,,,,,,,,,,,"Y","Y","Y","Y",,,"SIDE-LEFT",,,,,,,,,,,,,,,,,,,,,,,,,,,,,,,,,
"2321816","7be2802ea144a5ea28b198fddc83190e1ad4d12443a9668097306bce115a4dc96e11a9155350e456aa801a91c0f3f606f48f52bdac057c31ca01f39d3dbdd6dd","2026-06-08T02:20:00.000","1","DRIVER",,"2214457",,"CHEVROLET","MALIBU","IL","2020","NONE","PASSENGER","RIDESHARE SERVICE","W","STRAIGHT AHEAD","Y",,"1",,"PRIVATE TOW",,,,,,,,,,,"Y","Y","Y","Y",,"FRONT-LEFT-CORNER",,,,,,,,,,,,,,,,,,,,,,,,,,,,,,,,,
"2321817","7be2802ea144a5ea28b198fddc83190e1ad4d12443a9668097306bce115a4dc96e11a9155350e456aa801a91c0f3f606f48f52bdac057c31ca01f39d3dbdd6dd","2026-06-08T02:20:00.000","2","PARKED",,"2214459",,"HONDA","PILOT","IL","2016","NONE","SPORT UTILITY VEHICLE (SUV)","PERSONAL","E","PARKED",,,"0",,,,,,,,,,,,,"Y","Y","Y","Y",,"FRONT-LEFT-CORNER",,,,,,,,,,,,,,,,,,,,,,,,,,,,,,,,,
"2321820","9c254ff73455b70913d23a13aea3f01ac40a1ed8459c9f8747dff3d2bd696a6b07c230bd073a1b0a51c736d81dfdced70fc32554810f726056820f55a2246487","2026-06-08T02:20:00.000","1","DRIVER",,"2214468",,"UNKNOWN","OTHER (EXPLAIN IN NARRATIVE)","IL",,"UNKNOWN","UNKNOWN/NA","UNKNOWN/NA","S","UNKNOWN/NA",,,"1",,,,,,,,,,,,,,,,,"Y","UNKNOWN",,,,,,,,,,,,,,,,,,,,,,,,,,,,,,,,,