"crash_unit_id","crash_record_id","crash_date","unit_no","unit_type","num_passengers","vehicle_id","cmrc_veh_i","make","model","lic_plate_state","vehicle_year","vehicle_defect","vehicle_type","vehicle_use","travel_direction","maneuver","towed_i","fire_i","occupant_cnt","exceed_speed_limit_i","towed_by","towed_to","area_00_i","area_01_i","area_02_i","area_03_i","area_04_i","area_05_i","area_06_i","area_07_i","area_08_i","area_09_i","area_10_i","area_11_i","area_12_i","area_99_i","first_contact_point","cmv_id","usdot_no","ccmc_no","ilcc_no","commercial_src","gvwr","carrier_name","carrier_state","carrier_city","hazmat_placards_i","hazmat_name","un_no","hazmat_present_i","hazmat_report_i","hazmat_report_no","mcs_report_i","mcs_report_no","hazmat_vio_cause_crash_i","mcs_vio_cause_crash_i","idot_permit_no","wide_load_i","trailer1_width","trailer2_width","trailer1_length","trailer2_length","total_vehicle_length","axle_cnt","vehicle_config","cargo_body_type","load_type","hazmat_out_of_service_i","mcs_out_of_service_i","hazmat_class"
"2321821","9c254ff73455b70913d23a13aea3f01ac40a1ed8459c9f8747dff3d2bd696a6b07c230bd073a1b0a51c736d81dfdced70fc32554810f726056820f55a2246487","2026-06-08T02:20:00.000","2","PARKED",,"2214465",,"HONDA","HR-V","IL","2023","UNKNOWN","PASSENGER","PERSONAL","UNKNOWN","PARKED",,,"0",,,,,"Y",,,,,,"Y","Y","Y","Y","Y","Y",,"REAR-LEFT-CORNER",,,,,,,,,,,,,,,,,,,,,,,,,,,,,,,,,
"2321825","c0f9beac46b1002ba6323994b8ff385a6635e26b7964c5a7f2bce3233f4b7f0d6b6bd41207b578406ca149a8190f4adc4669f880ca6c96f2b518dc043bce5f70","2026-06-08T02:15:00.000","1","DRIVER",,"2214467",,"HYUNDAI","SANTA FE","IL","2013","UNKNOWN","PASSENGER","PERSONAL","E","STRAIGHT AHEAD","Y","N","1",,"STREETS & SANITATION","POUND 6",,,,,,,,,,,,,"Y",,"FRONT",,,,,,,,,,,,,,,,,,,,,,,,,,,,,,,,,
"2321826","c0f9beac46b1002ba6323994b8ff385a6635e26b7964c5a7f2bce3233f4b7f0d6b6bd41207b578406ca149a8190f4adc4669f880ca6c96f2b518dc043bce5f70","2026-06-08T02:15:00.000","2","PARKED",,"2214471",,"FORD","ESCAPE","IL","2014","UNKNOWN","PASSENGER","PERSONAL","W","PARKED",,,"0",,,,,,,,,,,,,,,,"Y",,"FRONT",,,,,,,,,,,,,,,,,,,,,,,,,,,,,,,,,
"2321833","94b62b624d5b36734cbe1b5c7a783e345c6c4c89f920f81daf76fef27aec72ad42b3643925b10d4588696687f9530a5ce4002ade7422f3187ee791d2183e7460","2026-06-08T01:50:00.000","1","DRIVER",,"2214475",,"UNKNOWN","OTHER (EXPLAIN IN NARRATIVE)",,,"UNKNOWN","UNKNOWN/NA","UNKNOWN/NA","UNKNOWN","UNKNOWN/NA",,,"1",,,,,,,,,,,,,,,,,"Y","UNKNOWN",,,,,,,,,,,,,,,,,,,,,,,,,,,,,,,,,
"2321834","94b62b624d5b36734cbe1b5c7a783e345c6c4c89f920f81daf76fef27aec72ad42b3643925b10d4588696687f9530a5ce4002ade7422f3187ee791d2183e7460","2026-06-08T01:50:00.000","2","PARKED",,"2214476",,"MERCEDES-BENZ","GLA","IL","2020","UNKNOWN","PASSENGER","NOT IN USE","N","PARKED","Y",,"0",,"state farm","owner",,,,,,,,,,,,"Y",,,"REAR-LEFT-CORNER",,,,,,,,,,,,,,,,,,,,,,,,,,,,,,,,,
"2321807","aacdaa74c7e5d750a4a83a393b232f10967cc3ddf8365ba2ffb35a82f9a294d1f947647196b6813bc7225409b18d647f59a60e83bf78d3103cc3850f861852f1","2026-06-08T01:45:00.000","1","DRIVER","1","2214445",,"FORD","OTHER (EXPLAIN IN NARRATIVE)","IL","2022","UNKNOWN","OTHER","AMBULANCE","E","BACKING","Y",,"2",,"NO TOW NEEDED","CITY VEHICLE",,,,,"Y","Y",,,,,,,,,"OTHER",,,,,,,,,,,,,,,,,,,,,,,,,,,,,,,,,
"2321812","de8530a9f82a0370274fa95f411e92e188aa08062061c5ca8f9c126ac7ea9ae0f821d037770de0e1afcdec9876768dbcfdbf005ede07e980b30ee7ced5bb99ab","2026-06-08T01:29:00.000","1","DRIVERLESS",,"2214453",,"INFINITI","Q50","IL","2014","NONE","PASSENGER","PERSONAL","W","STRAIGHT AHEAD","Y",,"0",,"city",,,"Y",,,,,,,,,,"Y","Y",,"FRONT",,,,,,,,,,,,,,,,,,,,,,,,,,,,,,,,,
"2321797","81222d43585959db5953df14f793c20a51238ec3dcffe65fa0cdc032b7b36f2413d59d20150b80817f44ce2c5634d9f2d0b6ae3da18ff1aba213aa1d64e86caa","2026-06-08T00:55:00.000","2","DRIVER",,"2214434",,"FORD","EXPEDITION","IL","2023","UNKNOWN","PASSENGER","PERSONAL","E","STRAIGHT AHEAD",,,"1",,,,,,,,,,"Y",,,,,,,,"REAR",,,,,,,,,,,,,,,,,,,,,,,,,,,,,,,,,
"2321798","81222d43585959db5953df14f793c20a51238ec3dcffe65fa0cdc032b7b36f2413d59d20150b80817f44ce2c5634d9f2d0b6ae3da18ff1aba213aa1d64e86caa","2026-06-08T00:55:00.000","1","DRIVER",,"2214436",,"TOYOTA","RAV4","IL","2007","UNKNOWN","PASSENGER","PERSONAL","E","STRAIGHT AHEAD",,,"1",,,,"Y",,,,,,,,,,,,,,"FRONT",,,,,,,,,,,,,,,,,,,,,,,,,,,,,,,,,
"2321803","8fa499679c126fc690d4ecdb5e33d4ade260e0330a9496c052dbb06397e18158636be367813702d30d7b022e57bdded3508f600de7469189c8442f5bcdcf7190","2026-06-08T00:50:00.000","1","DRIVER",,"2214439",,"HONDA","CIVIC","IL","2024","NONE","PASSENGER","PERSONAL","N","STRAIGHT AHEAD","Y",,"1",,"PRIVATE","UNK",,"Y","Y",,,,,,,,,"N",,,"FRONT-RIGHT-CORNER",,,,,,,,,,,,,,,,,,,,,,,,,,,,,,,,,
"2321804","8fa499679c126fc690d4ecdb5e33d4ade260e0330a9496c052dbb06397e18158636be367813702d30d7b022e57bdded3508f600de7469189c8442f5bcdcf7190","2026-06-08T00:50:00.000","2","PARKED",,"2214441",,"HONDA","CR-V","IL","2018","UNKNOWN","PASSENGER","NOT IN USE","UNKNOWN","PARKED",,,"0",,,,,,,,,,,,"Y","Y","Y","Y",,,"SIDE-LEFT-REAR",,,,,,,,,,,,,,,,,,,,,,,,,,,,,,,,,
"2321801","a4e68efe5cdf73e1989b44b03704f0270f70a548eaf42dc5699f05a751c8992b97fd15217afbceefae6f5fe1f45327a4b12977295baaa5daf6828092441b84db","2026-06-08T00:40:00.000","1","DRIVER",,"2214438",,"UNKNOWN","OTHER (EXPLAIN IN NARRATIVE)","XX",,"UNKNOWN","PASSENGER","UNKNOWN/NA","E","CHANGING LANES",,,"1",,,,,"Y","Y","Y",,,,,,,,,,,"FRONT-RIGHT-CORNER",,,,,,,,,,,,,,,,,,,,,,,,,,,,,,,,,
"2321802","a4e68efe5cdf73e1989b44b03704f0270f70a548eaf42dc5699f05a751c8992b97fd15217afbceefae6f5fe1f45327a4b12977295baaa5daf6828092441b84db","2026-06-08T00:40:00.000","2","DRIVER",,"2214446",,"MERCEDES-BENZ","A-CLASS","IL","2020","UNKNOWN","PASSENGER","PERSONAL","E","STRAIGHT AHEAD","Y",,"1",,"OWNER",,,,,,,,,,,"Y","Y","Y","Y",,"FRONT-LEFT-CORNER",,,,,,,,,,,,,,,,,,,,,,,,,,,,,,,,,
"2321814","74a86a2ba1a55417e2d5abcd5f9ee39f0dcdf7f2b74efd34b854e3917045df4a00be531882f9c843a891fb39576f417318da16f809418108731d96c0eda2ac78","2026-06-08T00:05:00.000","1","DRIVER",,"2214456",,"VOLVO","XC60","MI","2012","NONE","PASSENGER","PERSONAL","E","CHANGING LANES",,,"1",,,,,,,,,,,,,,"Y","Y","Y",,"FRONT-LEFT-CORNER",,,,,,,,,,,,,,,,,,,,,,,,,,,,,,,,,
"2321815","74a86a2ba1a55417e2d5abcd5f9ee39f0dcdf7f2b74efd34b854e3917045df4a00be531882f9c843a891fb39576f417318da16f809418108731d96c0eda2ac78","2026-06-08T00:05:00.000","2","DRIVER",,"2214458",,"TOYOTA","MATRIX","IL","2009","TIRES","PASSENGER","PERSONAL","E","STRAIGHT AHEAD",,,"1",,,,,,,,"Y","Y","Y",,,,,,,,"REAR-RIGHT-CORNER",,,,,,,,,,,,,,,,,,,,,,,,,,,,,,,,,
"2321971","3c063ad35cf77c4d16b6bd942093530e75a607c2715000cbd049076eef7b311916cfad502fb3424f5e626c5b9c47dcedf26589596e4ea8d4dbdcc6053f1cef5c","2026-06-08T00:01:00.000","1","DRIVER",,"2214586",,"HONDA","CIVIC","IL","2010","UNKNOWN","PASSENGER","UNKNOWN/NA","E","LEAVING TRAFFIC LANE TO PARK",,,"1",,,,,,,,,,,,,,,,"Y",,"FRONT",,,,,,,,,,,,,,,,,,,,,,,,,,,,,,,,,
"2321972","3c063ad35cf77c4d16b6bd942093530e75a607c2715000cbd049076eef7b311916cfad502fb3424f5e626c5b9c47dcedf26589596e4ea8d4dbdcc6053f1cef5c","2026-06-08T00:01:00.000","2","PARKED",,"2214592",,"TOYOTA","COROLLA","IL","2022","UNKNOWN","PASSENGER","NOT IN USE","E","PARKED",,,"0",,,,,,,,,,"Y",,,,,,,,"REAR",,,,,,,,,,,,,,,,,,,,,,,,,,,,,,,,,
"2322444","6def6b94a9415e4694b95d3eddc61bf3e947b5737fddb88be04cf86b47faa8f8555169bb6e3fac92feb170696c7b558a54b16def1cf226f3ee794ebedbec5176","2026-06-08T00:00:00.000","1","DRIVER",,"2215052",,"UNKNOWN","OTHER (EXPLAIN IN NARRATIVE)",,,"UNKNOWN","UNKNOWN/NA","UNKNOWN/NA","UNKNOWN","UNKNOWN/NA",,,"1",,,,,,,,,,,,,,,,,,"UNKNOWN",,,,,,,,,,,,,,,,,,,,,,,,,,,,,,,,,
"2322445","6def6b94a9415e4694b95d3eddc61bf3e947b5737fddb88be04cf86b47faa8f8555169bb6e3fac92feb170696c7b558a54b16def1cf226f3ee794ebedbec5176","2026-06-08T00:00:00.000","2","PARKED",,"2215054",,"NISSAN","SENTRA","IL","2016","UNKNOWN","PASSENGER","PERSONAL","S","PARKED",,,"0",,,,,,,,,,,,,,,,"Y",,"FRONT",,,,,,,,,,,,,,,,,,,,,,,,,,,,,,,,,
"2321769","8115f2e589edf06b8f1b4c51e7ecd7fc1bb1637949a339e880b708fa02da4972e7f86039f7267d790263e7c760e72e0b4cf1d651060a910e49605e342824c08a","2026-06-08T00:00:00.000","1","DRIVER",,"2214411",,"UNKNOWN","OTHER (EXPLAIN IN NARRATIVE)",,,"UNKNOWN","UNKNOWN/NA","PERSONAL","N","STRAIGHT AHEAD",,,"1",,,,,"Y","Y",,,,,,,,,,"Y",,"FRONT-RIGHT-CORNER",,,,,,,,,,,,,,,,,,,,,,,,,,,,,,,,,
"2321770","8115f2e589edf06b8f1b4c51e7ecd7fc1bb1637949a339e880b708fa02da4972e7f86039f7267d790263e7c760e72e0b4cf1d651060a910e49605e342824c08a","2026-06-08T00:00:00.000","2","PARKED",,"2214413",,"MAZDA","CX-30","IL","2020","NONE","PASSENGER","PERSONAL","N","PARKED",,,"0",,,,,,,,,,,,"Y","Y","Y","Y",,,"SIDE-LEFT",,,,,,,,,,,,,,,,,,,,,,,,,,,,,,,,,
"2321791","5d0132f0d851ca69e90af1537a9303bf701a082d21e9b0cab3eea4ccd3129a2ddf39c816be8d34c1e39d8f91354c2e0416a0d0bef8c0efbd172f3c22634f02bc","2026-06-07T23:45:00.000","1","DRIVER",,"2214435",,"HONDA","CR-V","IL","2004","NONE","PASSENGER","PERSONAL","W","TURNING LEFT",,,"1",,,,,"N",,,,"Y","Y","Y",,,,"N","N",,"FRONT",,,,,,,,,,,,,,,,,,,,,,,,,,,,,,,,,
"2321792","5d0132f0d851ca69e90af1537a9303bf701a082d21e9b0cab3eea4ccd3129a2ddf39c816be8d34c1e39d8f91354c2e0416a0d0bef8c0efbd172f3c22634f02bc","2026-06-07T23:45:00.000","2","DRIVER",,"2214443",,"HONDA","CR-V","IL","2004","UNKNOWN","PASSENGER","PERSONAL","W","TURNING LEFT",,,"1",,,,,"Y",,,,"N","N","N",,,,"Y","Y",,"REAR",,,,,,,,,,,,,,,,,,,,,,,,,,,,,,,,,
"2321771","554c139e856e9d4dbd6fdcc2900990c6b1bfda163b9d4cdfcdca0ae1fe19e52f39f72532967c75e7005a3b6b6827eecb4b2349f875c4a98f49f5b6a158333aeb","2026-06-07T23:40:00.000","1","DRIVER",,"2214414",,"TESLA","MODEL 3","IL","2019","UNKNOWN","PASSENGER","PERSONAL","E","STRAIGHT AHEAD",,,"1",,,,,"Y","Y",,,,,,,,,,"N",,"FRONT-RIGHT-CORNER",,,,,,,,,,,,,,,,,,,,,,,,,,,,,,,,,
"2321772","554c139e856e9d4dbd6fdcc2900990c6b1bfda163b9d4cdfcdca0ae1fe19e52f39f72532967c75e7005a3b6b6827eecb4b2349f875c4a98f49f5b6a158333aeb","2026-06-07T23:40:00.000","2","PARKED",,"2214417",,"LEXUS","RX350","IL","2012","UNKNOWN","PASSENGER","PERSONAL","E","PARKED",,,"0",,,,,,,,,,,"Y","Y",,,,,,"REAR-LEFT-CORNER",,,,,,,,,,,,,,,,,,,,,,,,,,,,,,,,,
"2321773","554c139e856e9d4dbd6fdcc2900990c6b1bfda163b9d4cdfcdca0ae1fe19e52f39f72532967c75e7005a3b6b6827eecb4b2349f875c4a98f49f5b6a158333aeb","2026-06-07T23:40:00.000","3","PARKED",,"2214421",,"TOYOTA","CAMRY","IL","2009","UNKNOWN","PASSENGER","PERSONAL","E","PARKED",,,"0",,,,,,,,,"Y","Y","Y",,,,,,,"REAR",,,,,,,,,,,,,,,,,,,,,,,,,,,,,,,,,
"2321789","28426745b87f9cf9fe7753b4b4a09bf5500da98e9ba97ab3dc83d6f891e21c2e7814305f1ff6729b5f3503b37b6089adff164cd02a0eddd40a0c7ac8c4568cf4","2026-06-07T23:30:00.000","1","DRIVER",,"2214425",,"UNKNOWN","OTHER (EXPLAIN IN NARRATIVE)",,,"UNKNOWN","SPORT UTILITY VEHICLE (SUV)","UNKNOWN/NA","S","UNKNOWN/NA",,,"1",,,,,,,,,,,,,,,,"Y",,"FRONT",,,,,,,,,,,,,,,,,,,,,,,,,,,,,,,,,
"2321790","28426745b87f9cf9fe7753b4b4a09bf5500da98e9ba97ab3dc83d6f891e21c2e7814305f1ff6729b5f3503b37b6089adff164cd02a0eddd40a0c7ac8c4568cf4","2026-06-07T23:30:00.000","2","DRIVER","1","2214431",,"JEEP","RENEGADE","IL","2020","UNKNOWN","SPORT UTILITY VEHICLE (SUV)","UNKNOWN/NA","S","STRAIGHT AHEAD","Y",,"2",,"CITY","400 LOWER WACKER DRIVE",,,,,,,"Y",,,,,"Y","Y",,"REAR",,,,,,,,,,,,,,,,,,,,,,,,,,,,,,,,,
"2321761","7c881e97cb3b4aba35bca5bf1b120f3364fd18789ad38f2885abd25bf38f3ad09107a0ed87d0379f15e2408ce4c9ae42125509b618379906bb220ba0c33b607d","2026-06-07T23:30:00.000","1","DRIVER","2","2214403",,"FORD","ESCAPE","IL","2021","UNKNOWN","SPORT UTILITY VEHICLE (SUV)","PERSONAL","W","PASSING/OVERTAKING",,,"3",,,,"Y","Y","Y",,,,,,,,,,"Y",,"FRONT-RIGHT-CORNER",,,,,,,,,,,,,,,,,,,,,,,,,,,,,,,,,
"2321762","7c881e97cb3b4aba35bca5bf1b120f3364fd18789ad38f2885abd25bf38f3ad09107a0ed87d0379f15e2408ce4c9ae42125509b618379906bb220ba0c33b607d","2026-06-07T23:30:00.000","2","DRIVER",,"2214408",,"VOLKSWAGEN","PASSAT","IL","2013","UNKNOWN","PASSENGER","PERSONAL","W","TURNING LEFT",,,"1",,,,,,,,,,,"Y","Y","Y","Y","N",,,"SIDE-LEFT",,,,,,,,,,,,,,,,,,,,,,,,,,,,,,,,,
"2321918","57baf309554fbb63cb7d2edbf0ae2529dabb6bf066b56c3a05df98c4b62b1e85f0ce6b2d50f782f4afdcf729fd544f3893ae2057d455977feacf57634d7d2b91","2026-06-07T23:00:00.000","1","DRIVER",,"2214546",,"MITSUBISHI","OTHER (EXPLAIN IN NARRATIVE)","IL","2019","UNKNOWN","SPORT UTILITY VEHICLE (SUV)","UNKNOWN/NA","W","STRAIGHT AHEAD",,,"1",,,,,"Y",,,,,,,,,,"Y","Y",,"FRONT",,,,,,,,,,,,,,,,,,,,,,,,,,,,,,,,,
"2321919","57baf309554fbb63cb7d2edbf0ae2529dabb6bf066b56c3a05df98c4b62b1e85f0ce6b2d50f782f4afdcf729fd544f3893ae2057d455977feacf57634d7d2b91","2026-06-07T23:00:00.000","2","DRIVER",,"2214553",,"TOYOTA","OTHER (EXPLAIN IN NARRATIVE)","IL","2023","UNKNOWN","UNKNOWN/NA","OTHER","N","STRAIGHT AHEAD",,,"1",,,,,,"Y","Y","Y",,,,,,,,,,"SIDE-RIGHT",,,,,,,,,,,,,,,,,,,,,,,,,,,,,,,,,
"2321767","ca14abb37a4c7314a53c5463c82e87db8355bae42bda6722074da3cfeed3c4c189fb53e7fee6179f845596c8df6dfbb05a34028806b75ebf09fb76591d6475c4","2026-06-07T22:53:00.000","1","DRIVER",,"2214407",,"TOYOTA","CAMRY","IL","2012","UNKNOWN","PASSENGER","PERSONAL","SE","TURNING LEFT",,,"1",,,,,"Y",,,,,,,,,,"Y","Y",,"FRONT",,,,,,,,,,,,,,,,,,,,,,,,,,,,,,,,,
"2321768","ca14abb37a4c7314a53c5463c82e87db8355bae42bda6722074da3cfeed3c4c189fb53e7fee6179f845596c8df6dfbb05a34028806b75ebf09fb76591d6475c4","2026-06-07T22:53:00.000","2","DRIVER",,"2214410",,"NISSAN","ALTIMA","IL","2011","UNKNOWN","PASSENGER","PERSONAL","N","STRAIGHT AHEAD",,,"1",,,,,,,,,,,,"Y","Y",,,,,"REAR-LEFT-CORNER",,,,,,,,,,,,,,,,,,,,,,,,,,,,,,,,,
"2321783","4237e31f5a8d8e82461a0eaf6920cd5b8e9c38812dd6310f91695a49d8ed1bc537e37bde0d3b60d6b1d04a96143ff413ea03fc2470334b4353ad1ddf7b060a06","2026-06-07T22:40:00.000","1","DRIVER",,"2214420",,"VOLKSWAGEN","JETTA","IL","2023","NONE","PASSENGER","PERSONAL","N","STRAIGHT AHEAD",,,"1",,,,,,,,,,,,,,"Y","Y",,"Y","FRONT-LEFT-CORNER",,,,,,,,,,,,,,,,,,,,,,,,,,,,,,,,,
"2321784","4237e31f5a8d8e82461a0eaf6920cd5b8e9c38812dd6310f91695a49d8ed1bc537e37bde0d3b60d6b1d04a96143ff413ea03fc2470334b4353ad1ddf7b060a06","2026-06-07T22:40:00.000","2","DRIVER",,"2214427",,"VOLKSWAGEN","OTHER (EXPLAIN IN NARRATIVE)","IL","2025","UNKNOWN","SPORT UTILITY VEHICLE (SUV)","PERSONAL","N","STRAIGHT AHEAD",,,"1",,,,,"Y","Y","Y",,,,,,,,,,"Y","SIDE-RIGHT",,,,,,,,,,,,,,,,,,,,,,,,,,,,,,,,,
"2321776","49b12b08860e26f01c63e4b915bd447d7f796491d7a8195b61590022ba7b0245cadf79a5f6d9945e2cd0f6fd517171bb4481d579c849dc475ef64d9433eafb9b","2026-06-07T22:40:00.000","1","DRIVER",,"2214416",,"TOYOTA","COROLLA","MI","2013","UNKNOWN","PASSENGER","PERSONAL","S","BACKING",,,"1",,,,,,,,,,"Y",,,,,,,,"REAR",,,,,,,,,,,,,,,,,,,,,,,,,,,,,,,,,
"2321777","49b12b08860e26f01c63e4b915bd447d7f796491d7a8195b61590022ba7b0245cadf79a5f6d9945e2cd0f6fd517171bb4481d579c849dc475ef64d9433eafb9b","2026-06-07T22:40:00.000","2","DRIVER",,"2214422",,"TOYOTA","RAV4","IL","2024","NONE","SPORT UTILITY VEHICLE (SUV)","PERSONAL","N","SLOW/STOP IN TRAFFIC",,,"1",,,,,,,,,,,,,,,"Y",,,"FRONT-LEFT-CORNER",,,,,,,,,,,,,,,,,,,,,,,,,,,,,,,,,
"2321754","e6f3c45272e19f3e783dbd54a59660f19a5558fcd968977a51e4ec1af75b9640508cb73117e8466e78f3409c7e6bdfd73366e4a5b3df0556936624e7fabf46b5","2026-06-07T22:40:00.000","1","DRIVER",,"2214399",,"VOLKSWAGEN","PASSAT","WI","2018","UNKNOWN","PASSENGER","OTHER","E","SKIDDING/CONTROL LOSS","Y",,"1",,"UNK",,,"Y","Y","Y",,,,,,,,,"Y",,"FRONT-RIGHT-CORNER",,,,,,,,,,,,,,,,,,,,,,,,,,,,,,,,,
"2321799","cb04ebd8427fbfa05a8ce51d5e503a597d2b986c8b29c1749a648a20cb3eb3a36c9d9c90c4477b3e7a5eba72fa202bfad5f4f32501188326785d2ad3ab38bb2f","2026-06-07T22:30:00.000","1","DRIVER",,"2214437",,"UNKNOWN","OTHER (EXPLAIN IN NARRATIVE)",,,"UNKNOWN","PASSENGER","UNKNOWN/NA","W","PASSING/OVERTAKING",,,"1",,,,,,,,,,,,,,,"N",,,"FRONT-LEFT-CORNER",,,,,,,,,,,,,,,,,,,,,,,,,,,,,,,,,
"2321800","cb04ebd8427fbfa05a8ce51d5e503a597d2b986c8b29c1749a648a20cb3eb3a36c9d9c90c4477b3e7a5eba72fa202bfad5f4f32501188326785d2ad3ab38bb2f","2026-06-07T22:30:00.000","2","DRIVER","3","2214440",,"GENERAL MOTORS CORPORATION (GMC)","SAVANNAH","IL","2004","NONE","VAN/MINI-VAN","PERSONAL","W","STRAIGHT AHEAD",,,"4",,,,,"Y","Y",,,,,,,,,,,,"FRONT-RIGHT-CORNER",,,,,,,,,,,,,,,,,,,,,,,,,,,,,,,,,
"2321737","dbaf14cb53d5e26c960f568e993647d1f2d58d05a2f5fb9f96e45e5e9a1a6c35a80bdb33b561d69bdead3aa2490252fb43b9c60cb091b6eacd3412c38ad530f6","2026-06-07T22:20:00.000","1","DRIVER",,"2214374",,"DODGE","RAM 1500 PU","IL","2025","NONE","PICKUP","PERSONAL","E","UNKNOWN/NA",,,"1",,,,,"Y","Y",,,,,,,,,,,,"SIDE-RIGHT-FRONT",,,,,,,,,,,,,,,,,,,,,,,,,,,,,,,,,
"2321738","dbaf14cb53d5e26c960f568e993647d1f2d58d05a2f5fb9f96e45e5e9a1a6c35a80bdb33b561d69bdead3aa2490252fb43b9c60cb091b6eacd3412c38ad530f6","2026-06-07T22:20:00.000","2","DRIVER",,"2214377",,"JEEP","CHEROKEE","IL","2016","NONE","PASSENGER","PERSONAL","E","STRAIGHT AHEAD",,,"1",,,,,"Y","Y","Y","Y","Y",,"Y","Y","Y","Y","Y",,,"SIDE-LEFT",,,,,,,,,,,,,,,,,,,,,,,,,,,,,,,,,
"2321739","dbaf14cb53d5e26c960f568e993647d1f2d58d05a2f5fb9f96e45e5e9a1a6c35a80bdb33b561d69bdead3aa2490252fb43b9c60cb091b6eacd3412c38ad530f6","2026-06-07T22:20:00.000","3","PARKED",,"2214379",,"TOYOTA","HIGHLANDER","IN",,"NONE","PASSENGER","PERSONAL","E","PARKED",,,"0",,,,,,,,,,,,,,,"Y",,,"FRONT-LEFT-CORNER",,,,,,,,,,,,,,,,,,,,,,,,,,,,,,,,,
"2322399","cf70d4a7f2c00a5fe6d3eb3e7a6f93cb7ac27c1085ec8d3ae67fd569580683e20e32772b63d80def38f241fc413f16f42f91124e2c3b3eb9529d3d889f376146","2026-06-07T22:00:00.000","1","DRIVER",,"2215007",,"UNKNOWN","OTHER (EXPLAIN IN NARRATIVE)",,,"UNKNOWN","UNKNOWN/NA","UNKNOWN/NA","UNKNOWN","UNKNOWN/NA",,,"1",,,,,,,,,,,,,,,,,"Y","UNKNOWN",,,,,,,,,,,,,,,,,,,,,,,,,,,,,,,,,
"2322400","cf70d4a7f2c00a5fe6d3eb3e7a6f93cb7ac27c1085ec8d3ae67fd569580683e20e32772b63d80def38f241fc413f16f42f91124e2c3b3eb9529d3d889f376146","2026-06-07T22:00:00.000","2","PARKED",,"2215010",,"BUICK","ENCLAVE","IL","2017","UNKNOWN","PASSENGER","PERSONAL","E","PARKED",,,"0",,,,,,,,,,,,,,"Y","Y","Y",,"FRONT-LEFT-CORNER",,,,,,,,,,,,,,,,,,,,,,,,,,,,,,,,,
"2322113","0609fee554830286df2324c49eb61b717b85cda69f808b672960b71b1ad829cbd5612b42c0cec5c4c017f43aa775e741eda7a85ea88d12608755bc04b0df0a91","2026-06-07T21:55:00.000","1","DRIVER",,"2214724",,"HONDA","CIVIC","IL","2016","UNKNOWN","PASSENGER","PERSONAL","UNKNOWN","CHANGING LANES",,,"1",,,,,,,,,,,,,"Y","Y","Y",,,"SIDE-LEFT",,,,,,,,,,,,,,,,,,,,,,,,,,,,,,,,,
"2322114","0609fee554830286df2324c49eb61b717b85cda69f808b672960b71b1ad829cbd5612b42c0cec5c4c017f43aa775e741eda7a85ea88d12608755bc04b0df0a91","2026-06-07T21:55:00.000","2","DRIVER",,"2214735",,"TOYOTA","COROLLA","IL","2014","UNKNOWN","PASSENGER","PERSONAL","UNKNOWN","STRAIGHT AHEAD",,,"1",,,,,,"Y","Y","Y",,,,,,,,,,"SIDE-RIGHT",,,,,,,,,,,,,,,,,,,,,,,,,,,,,,,,,
"2321787","96d877255266d732be25390e6bb743a680ed768ef4afffba1e7e95a1a50a7a7d4363c620d7d62deb31bad3de2916254f20fcbb4eaf2546c74de38525d0712490","2026-06-07T21:53:00.000","1","DRIVER","1","2214423",,"JEEP","WRANGLER","IL","2015","NONE","SPORT UTILITY VEHICLE (SUV)","PERSONAL","W","STRAIGHT AHEAD",,,"2",,,,,,,,,,,,,,,"Y",,,"FRONT-LEFT-CORNER",,,,,,,,,,,,,,,,,,,,,,,,,,,,,,,,,
"2321788","96d877255266d732be25390e6bb743a680ed768ef4afffba1e7e95a1a50a7a7d4363c620d7d62deb31bad3de2916254f20fcbb4eaf2546c74de38525d0712490","2026-06-07T21:53:00.000","2","DRIVER","1","2214433",,"CHRYSLER","200","IL","2015","NONE","PASSENGER","PERSONAL","S","STRAIGHT AHEAD",,,"2",,,,,,,,"Y","Y",,,,,,,,,"REAR-RIGHT-CORNER",,,,,,,,,,,,,,,,,,,,,,,,,,,,,,,,,
"2321808","2b50bb5e014a3683ab44ea3082e9ed8f9a0ab959018cab6de40b5c4ff2b4f63c7e59e5a4b6acde5fce2840ab556907593c6b7506baeeacf55f680667f1684221","2026-06-07T21:50:00.000","1","DRIVER",,"2214444",,"UNKNOWN","OTHER (EXPLAIN IN NARRATIVE)",,,"UNKNOWN","UNKNOWN/NA","UNKNOWN/NA","N","STRAIGHT AHEAD",,,"1",,,,,,,,,,,,,,,,,"Y","FRONT",,,,,,,,,,,,,,,,,,,,,,,,,,,,,,,,,
"2321809","2b50bb5e014a3683ab44ea3082e9ed8f9a0ab959018cab6de40b5c4ff2b4f63c7e59e5a4b6acde5fce2840ab556907593c6b7506baeeacf55f680667f1684221","2026-06-07T21:50:00.000","2","DRIVER","1","2214449",,"TOYOTA","COROLLA","IL","2002","NONE","PASSENGER","PERSONAL","N","STRAIGHT AHEAD",,,"2",,,,,,,,,,"Y","Y","Y",,,,,,"REAR",,,,,,,,,,,,,,,,,,,,,,,,,,,,,,,,,