"crash_unit_id","crash_record_id","crash_date","unit_no","unit_type","num_passengers","vehicle_id","cmrc_veh_i","make","model","lic_plate_state","vehicle_year","vehicle_defect","vehicle_type","vehicle_use","travel_direction","maneuver","towed_i","fire_i","occupant_cnt","exceed_speed_limit_i","towed_by","towed_to","area_00_i","area_01_i","area_02_i","area_03_i","area_04_i","area_05_i","area_06_i","area_07_i","area_08_i","area_09_i","area_10_i","area_11_i","area_12_i","area_99_i","first_contact_point","cmv_id","usdot_no","ccmc_no","ilcc_no","commercial_src","gvwr","carrier_name","carrier_state","carrier_city","hazmat_placards_i","hazmat_name","un_no","hazmat_present_i","hazmat_report_i","hazmat_report_no","mcs_report_i","mcs_report_no","hazmat_vio_cause_crash_i","mcs_vio_cause_crash_i","idot_permit_no","wide_load_i","trailer1_width","trailer2_width","trailer1_length","trailer2_length","total_vehicle_length","axle_cnt","vehicle_config","cargo_body_type","load_type","hazmat_out_of_service_i","mcs_out_of_service_i","hazmat_class"
"2321805","9f40e7f78aa143bcae06cc47cfec9cae67ae8590e816213a8a5a9ad378636fe4c925482222c43a60d311da69633ffb4a2bbde2119faf2699e9ceabb37f5fa874","2026-06-07T21:50:00.000","1","DRIVER",,"2214442",,"TOYOTA","RAV4","IL","2018","UNKNOWN","PASSENGER","TAXI/FOR HIRE","E","TURNING RIGHT",,,"1",,,,"Y",,,,,,,,,,,,,,"FRONT-LEFT-CORNER",,,,,,,,,,,,,,,,,,,,,,,,,,,,,,,,,
"2321806","9f40e7f78aa143bcae06cc47cfec9cae67ae8590e816213a8a5a9ad378636fe4c925482222c43a60d311da69633ffb4a2bbde2119faf2699e9ceabb37f5fa874","2026-06-07T21:50:00.000","2","PEDESTRIAN",,,,,,,,,,,,,,,,,,,,,,,,,,,,,,,,,,,,,,,,,,,,,,,,,,,,,,,,,,,,,,,,,,
"2321831","3d6782a1f42244046ab8b181bd9ec37bb1afcd570561cd4cfd64ba55ecc679ffa6e60e589d55a128a5df21d252200e097ab1f8dc859a56e93945443329aef2dc","2026-06-07T21:32:00.000","1","DRIVER",,"2214473",,"VOLKSWAGEN","PASSAT","IL","2015","UNKNOWN","PASSENGER","PERSONAL","N","STRAIGHT AHEAD","Y",,"1",,"CITY OF CHICAGO","103/DOTY",,,,,,,,"Y","Y","Y",,,,"Y","REAR-LEFT-CORNER",,,,,,,,,,,,,,,,,,,,,,,,,,,,,,,,,
"2321832","3d6782a1f42244046ab8b181bd9ec37bb1afcd570561cd4cfd64ba55ecc679ffa6e60e589d55a128a5df21d252200e097ab1f8dc859a56e93945443329aef2dc","2026-06-07T21:32:00.000","2","DRIVER",,"2214474",,"MERCEDES-BENZ","CLS","IL","2015","UNKNOWN","PASSENGER","PERSONAL","E","STRAIGHT AHEAD",,,"1",,,,,,,,,,,,,,"Y","Y","Y","Y","FRONT-LEFT-CORNER",,,,,,,,,,,,,,,,,,,,,,,,,,,,,,,,,
"2321721","aab2d16a6991f6221d68ef5fd79fa11e2e9af34870f97f9953c806d6cf0c1a9c70dd84fe0cac609c7f6afc0589831546295a07b50f61bfad3ddc168e223fa183","2026-06-07T21:32:00.000","1","DRIVER","2","2214362",,"HONDA","ODYSSEY","IL","2024","NONE","VAN/MINI-VAN","PERSONAL","N","STRAIGHT AHEAD",,,"3",,,,"Y",,,,,,,,,,,,,,"FRONT-LEFT-CORNER",,,,,,,,,,,,,,,,,,,,,,,,,,,,,,,,,
"2321722","aab2d16a6991f6221d68ef5fd79fa11e2e9af34870f97f9953c806d6cf0c1a9c70dd84fe0cac609c7f6afc0589831546295a07b50f61bfad3ddc168e223fa183","2026-06-07T21:32:00.000","2","PEDESTRIAN",,,,,,,,,,,,,,,,,,,,,,,,,,,,,,,,,,,,,,,,,,,,,,,,,,,,,,,,,,,,,,,,,,
"2321740","b99eb33de60736061fe83ca4ba584b15a9e7565c2646c5785ab9a9dc8d43f91c63e586b7409c650c59a0b1079d8773f9ed2f39efab81f49e1c170e687d600165","2026-06-07T21:30:00.000","1","DRIVER",,"2214372",,"UNKNOWN","OTHER (EXPLAIN IN NARRATIVE)","IL",,"UNKNOWN","PASSENGER","UNKNOWN/NA","W","STRAIGHT AHEAD",,,"1",,,,,,,,,,,,,"Y","Y","Y",,,"FRONT-LEFT-CORNER",,,,,,,,,,,,,,,,,,,,,,,,,,,,,,,,,
"2321741","b99eb33de60736061fe83ca4ba584b15a9e7565c2646c5785ab9a9dc8d43f91c63e586b7409c650c59a0b1079d8773f9ed2f39efab81f49e1c170e687d600165","2026-06-07T21:30:00.000","2","DRIVER",,"2214376",,"TESLA","MODEL 3","IL","2026","NONE","PASSENGER","PERSONAL","E","STRAIGHT AHEAD",,,"1",,,,,,,,,,,"Y","Y","Y","Y","Y",,,"FRONT-LEFT-CORNER",,,,,,,,,,,,,,,,,,,,,,,,,,,,,,,,,
"2322466","3ce22b1fabec0c94a917a46ac9f66817a7dfb5c5d769e20944a083b3b44c0b0b0f6fd9bf326c7c43a6f3815a9729696002096798289069cd090c1b594017b4ca","2026-06-07T21:20:00.000","1","DRIVER",,"2215074",,"FORD","FUSION","IL","2019","NONE","PASSENGER","PERSONAL","W","PASSING/OVERTAKING",,,"1",,,,,"Y",,,,,,,,,,"Y","Y",,"FRONT",,,,,,,,,,,,,,,,,,,,,,,,,,,,,,,,,
"2322467","3ce22b1fabec0c94a917a46ac9f66817a7dfb5c5d769e20944a083b3b44c0b0b0f6fd9bf326c7c43a6f3815a9729696002096798289069cd090c1b594017b4ca","2026-06-07T21:20:00.000","2","PARKED",,"2215067",,"CHRYSLER","300","IL","2007","NONE","PASSENGER","PERSONAL","W","PARKED",,,"0",,,,,,,,,,,,,"Y","Y","Y",,,"FRONT-LEFT-CORNER",,,,,,,,,,,,,,,,,,,,,,,,,,,,,,,,,
"2321747","055647aa336c1d27234b3932897a09e0984fcac7ff28019f4d4d9b730438d5cf3be29e4c2046b1c3e635fed5ae2a9a70795484e58c6f7ec32beecf88776e4b2f","2026-06-07T21:10:00.000","1","DRIVER",,"2214388",,"UNKNOWN","OTHER (EXPLAIN IN NARRATIVE)",,,"UNKNOWN","UNKNOWN/NA","UNKNOWN/NA","UNKNOWN","UNKNOWN/NA",,,"1",,,,,,,,,,,,,,,,,"Y","UNKNOWN",,,,,,,,,,,,,,,,,,,,,,,,,,,,,,,,,
"2321748","055647aa336c1d27234b3932897a09e0984fcac7ff28019f4d4d9b730438d5cf3be29e4c2046b1c3e635fed5ae2a9a70795484e58c6f7ec32beecf88776e4b2f","2026-06-07T21:10:00.000","2","PARKED",,"2214390",,"NISSAN","ALTIMA","IL","2017","UNKNOWN","PASSENGER","NOT IN USE","E","PARKED","N",,"0",,,,,,,,,,,"Y","Y","N","N","N",,"Y","REAR-LEFT-CORNER",,,,,,,,,,,,,,,,,,,,,,,,,,,,,,,,,
"2322369","c2f245fcd1f8a9f13290c045efa26d73f6de59e838feda46ae65db1311320a31394bfe80a41aadd4942ee17e3d39c40d41f9932e2e231586d7c148c9ae22389c","2026-06-07T21:10:00.000","1","DRIVER",,"2214989",,"LINCOLN","TOWNCAR","IL","2007","NONE","PASSENGER","PERSONAL","E","ENTER FROM DRIVE/ALLEY","Y",,"1",,"kustom towing","unk",,"Y","Y","Y","Y","N",,,,,,,,,"SIDE-RIGHT",,,,,,,,,,,,,,,,,,,,,,,,,,,,,,,,,
"2322370","c2f245fcd1f8a9f13290c045efa26d73f6de59e838feda46ae65db1311320a31394bfe80a41aadd4942ee17e3d39c40d41f9932e2e231586d7c148c9ae22389c","2026-06-07T21:10:00.000","2","DRIVER",,"2214982",,"HONDA","CIVIC","IL","2016","NONE","PASSENGER","PERSONAL","N","STRAIGHT AHEAD",,,"1",,,,,,,,,,,,,,,,"Y",,"FRONT",,,,,,,,,,,,,,,,,,,,,,,,,,,,,,,,,
"2321730","aedf55d87aa95af93cb5482efba68b9f2137b5af74fc1a5dc41a321330383183d1c3719c8af69b517da89ce938895b393dd150e583dafccb63f5d4a3d833ae94","2026-06-07T21:07:00.000","1","DRIVER",,"2214365",,"MERCEDES-BENZ","C-CLASS","IL","2023","NONE","PASSENGER","PERSONAL","SE","STRAIGHT AHEAD",,,"1",,,,,"Y",,,,,,,,,,"Y","Y",,"FRONT",,,,,,,,,,,,,,,,,,,,,,,,,,,,,,,,,
"2321731","aedf55d87aa95af93cb5482efba68b9f2137b5af74fc1a5dc41a321330383183d1c3719c8af69b517da89ce938895b393dd150e583dafccb63f5d4a3d833ae94","2026-06-07T21:07:00.000","2","DRIVER",,"2214369",,"HYUNDAI","ELANTRA","IL","2012","NONE","PASSENGER","PERSONAL","SE","SLOW/STOP IN TRAFFIC",,,"1",,,,,"Y",,,,"Y","Y","Y",,,,"Y","Y",,"REAR",,,,,,,,,,,,,,,,,,,,,,,,,,,,,,,,,
"2321732","aedf55d87aa95af93cb5482efba68b9f2137b5af74fc1a5dc41a321330383183d1c3719c8af69b517da89ce938895b393dd150e583dafccb63f5d4a3d833ae94","2026-06-07T21:07:00.000","3","DRIVER",,"2214371",,"SUBARU","CROSSTREK","OH","2023","NONE","SPORT UTILITY VEHICLE (SUV)","PERSONAL","SE","SLOW/STOP IN TRAFFIC",,,"1",,,,,,,,,"Y","Y","Y",,,,,,,"REAR",,,,,,,,,,,,,,,,,,,,,,,,,,,,,,,,,
"2321702","63748b343c7ebbfd67d1fe579ae37357a1bed37e02077db6c961b30fb954913dbcbe6c89b7eadbc163654a350aed3946778f0ee070914173476aeca0cae4985e","2026-06-07T21:02:00.000","1","DRIVER",,"2214349",,"CHEVROLET","IMPALA","IL","2015","STEERING","PASSENGER","PERSONAL","W","STRAIGHT AHEAD","Y",,"1",,"FAMILY PRIVATE TOW","5128 TOMCIN TRL OAK LAWN IL",,"Y",,,,,,,,,,"Y","Y",,"FRONT",,,,,,,,,,,,,,,,,,,,,,,,,,,,,,,,,
"2321703","63748b343c7ebbfd67d1fe579ae37357a1bed37e02077db6c961b30fb954913dbcbe6c89b7eadbc163654a350aed3946778f0ee070914173476aeca0cae4985e","2026-06-07T21:02:00.000","2","PARKED",,"2214353",,"ACURA","ADX","IL","2020","NONE","PASSENGER","PERSONAL","W","PARKED",,,"0",,,,,,,,,"Y","Y","Y",,,,,,,"REAR-RIGHT-CORNER",,,,,,,,,,,,,,,,,,,,,,,,,,,,,,,,,
"2321735","96671206474e0fa0114426c6e87ee2cdd8445ad09caaea383a79ce3b38e25d34fbb6941112439b0940133008c6678bcc461adb6b47a201f370b97fda2a387778","2026-06-07T21:00:00.000","2","DRIVER",,"2214381",,"BUICK","LESABRE","IL","2016","UNKNOWN","PASSENGER","UNKNOWN/NA","E","STRAIGHT AHEAD",,,"1",,,,,"N",,,,,,,,,,"Y",,,"FRONT-LEFT-CORNER",,,,,,,,,,,,,,,,,,,,,,,,,,,,,,,,,
"2321736","96671206474e0fa0114426c6e87ee2cdd8445ad09caaea383a79ce3b38e25d34fbb6941112439b0940133008c6678bcc461adb6b47a201f370b97fda2a387778","2026-06-07T21:00:00.000","1","DRIVER","2","2214370",,"MITSUBISHI","ECLIPSE","IL","2020","NONE","SPORT UTILITY VEHICLE (SUV)","PERSONAL","E","OTHER",,,"3",,,,,"Y",,,,,,,,,,,,,"FRONT-RIGHT-CORNER",,,,,,,,,,,,,,,,,,,,,,,,,,,,,,,,,
"2321714","4403ea55676f87348979f15e81c3004cc29e04c1b0293dc7bd4dd4c6fadf5807d46c16aa2fe5374ddbea5bac5549a5a85ef51b9fc03b170b130dbdd436ad4065","2026-06-07T20:54:00.000","1","DRIVER",,"2214357",,"DODGE","DURANGO","IL","2014","UNKNOWN","SPORT UTILITY VEHICLE (SUV)","UNKNOWN/NA","S","STRAIGHT AHEAD","Y",,"1",,"UNKNOWN TOW",,,"Y","Y","Y","Y",,,,,,,,"Y",,"FRONT-RIGHT-CORNER",,,,,,,,,,,,,,,,,,,,,,,,,,,,,,,,,
"2321715","4403ea55676f87348979f15e81c3004cc29e04c1b0293dc7bd4dd4c6fadf5807d46c16aa2fe5374ddbea5bac5549a5a85ef51b9fc03b170b130dbdd436ad4065","2026-06-07T20:54:00.000","2","PARKED",,"2214358",,"HONDA","CIVIC","IL","2017","NONE","PASSENGER","NOT IN USE","S","PARKED",,,"0",,,,,,,,,"Y","Y","Y","Y","Y","Y",,,,"REAR",,,,,,,,,,,,,,,,,,,,,,,,,,,,,,,,,
"2321716","4403ea55676f87348979f15e81c3004cc29e04c1b0293dc7bd4dd4c6fadf5807d46c16aa2fe5374ddbea5bac5549a5a85ef51b9fc03b170b130dbdd436ad4065","2026-06-07T20:54:00.000","3","PARKED",,"2214360",,"CADILLAC","OTHER (EXPLAIN IN NARRATIVE)","IL","2009","NONE","SPORT UTILITY VEHICLE (SUV)","NOT IN USE","S","PARKED",,,"0",,,,,,,,,,"Y","Y","Y","Y",,,,,"REAR-LEFT-CORNER",,,,,,,,,,,,,,,,,,,,,,,,,,,,,,,,,
"2321692","e10d50cf53af8aa7efad4ec034d38d03c86313ab0d562b630fcefa4f48a823b111507a091050d96a4c82b3ed0ed3f459db62707c90ef7111d84ca934daf028e6","2026-06-07T20:51:00.000","1","DRIVER",,"2214337",,"UNKNOWN","OTHER (EXPLAIN IN NARRATIVE)",,,"UNKNOWN","PASSENGER","UNKNOWN/NA","E","UNKNOWN/NA",,,"1",,,,,,,,,,,,,,,,,"Y","SIDE-RIGHT",,,,,,,,,,,,,,,,,,,,,,,,,,,,,,,,,
"2321693","e10d50cf53af8aa7efad4ec034d38d03c86313ab0d562b630fcefa4f48a823b111507a091050d96a4c82b3ed0ed3f459db62707c90ef7111d84ca934daf028e6","2026-06-07T20:51:00.000","2","DRIVER",,"2214341","N","NOVA BUS","OTHER (EXPLAIN IN NARRATIVE)","IL","2024","NONE","BUS UP TO 15 PASS.","CTA","E","SLOW/STOP IN TRAFFIC",,,"1",,,,,,,,,,,,,"Y",,,,,"SIDE-LEFT",,,,,,,,,,,,,,,,,,,,,,,,,,,,,,,,,
"2321728","547f3bd28744f43241cfee02698c1b6b2475a67b958b51df571ed54f72688c848ae213fa0670890bae818ea0abeee61fb497dd0f52a9f52e83905144baee19e3","2026-06-07T20:50:00.000","1","DRIVER","1","2214366",,"MAZDA","CX-5","IL","2026","NONE","PASSENGER","PERSONAL","E","STRAIGHT AHEAD","Y",,"2",,"ER TOWING","10301 S. DOTY AVE",,"Y","Y",,,,,,,,"Y","Y","Y",,"FRONT-RIGHT-CORNER",,,,,,,,,,,,,,,,,,,,,,,,,,,,,,,,,
"2321729","547f3bd28744f43241cfee02698c1b6b2475a67b958b51df571ed54f72688c848ae213fa0670890bae818ea0abeee61fb497dd0f52a9f52e83905144baee19e3","2026-06-07T20:50:00.000","2","DRIVER","1","2214378",,"FORD","EXPLORER","IL","2021","NONE","PASSENGER","POLICE","E","STRAIGHT AHEAD",,,"2",,,,,,,,,,,,,"Y","Y","Y",,,"SIDE-LEFT",,,,,,,,,,,,,,,,,,,,,,,,,,,,,,,,,
"2321744","547f3bd28744f43241cfee02698c1b6b2475a67b958b51df571ed54f72688c848ae213fa0670890bae818ea0abeee61fb497dd0f52a9f52e83905144baee19e3","2026-06-07T20:50:00.000","3","DRIVER",,"2214382",,"JEEP","GRAND CHEROKEE",,,"UNKNOWN","PASSENGER","UNKNOWN/NA","W","STRAIGHT AHEAD",,,"1",,,,,,,,,,,,"Y","Y","Y",,,,"SIDE-LEFT",,,,,,,,,,,,,,,,,,,,,,,,,,,,,,,,,
"2321704","bcb968563b1b54ca3372600e23f0785dfa6915c804406262c85912e0b680770d092f28ebf485c8c842acb573994ded71d3cf121cfc74ef522c618d3102c7fbbe","2026-06-07T20:46:00.000","1","DRIVER",,"2214350",,"PONTIAC","VIBE","IL","2003","UNKNOWN","PASSENGER","PERSONAL","E","STRAIGHT AHEAD",,,"1",,,,,"Y",,,,,,,,,,"Y","Y",,"FRONT",,,,,,,,,,,,,,,,,,,,,,,,,,,,,,,,,
"2321705","bcb968563b1b54ca3372600e23f0785dfa6915c804406262c85912e0b680770d092f28ebf485c8c842acb573994ded71d3cf121cfc74ef522c618d3102c7fbbe","2026-06-07T20:46:00.000","2","PARKED",,"2214352",,"CHEVROLET","S10","IL","2000","UNKNOWN","PICKUP","PERSONAL","E","PARKED",,,"0",,,,,"Y",,,,"Y","Y","Y",,,,"Y","Y",,"REAR",,,,,,,,,,,,,,,,,,,,,,,,,,,,,,,,,
"2321706","bcb968563b1b54ca3372600e23f0785dfa6915c804406262c85912e0b680770d092f28ebf485c8c842acb573994ded71d3cf121cfc74ef522c618d3102c7fbbe","2026-06-07T20:46:00.000","3","PARKED",,"2214355",,"SUBARU","IMPREZA","IL","2023","UNKNOWN","UNKNOWN/NA","UNKNOWN/NA","E","PARKED",,,"0",,,,,,,,,"Y","Y","Y",,,,,,,"REAR",,,,,,,,,,,,,,,,,,,,,,,,,,,,,,,,,
"2321726","547e8ca196ece3df418e7b2f56d983a528e4744e38df64a04163815e07f7c52a371dcea0f3a88db8d77d58a089e81897214550ad1d96e843685b5bf7724cb611","2026-06-07T20:45:00.000","1","DRIVER",,"2214373",,"VOLKSWAGEN","OTHER (EXPLAIN IN NARRATIVE)","IL","2019","UNKNOWN","PASSENGER","PERSONAL","E","STRAIGHT AHEAD",,,"1",,,,,"Y","Y",,,,,,,,,,,,"FRONT-RIGHT-CORNER",,,,,,,,,,,,,,,,,,,,,,,,,,,,,,,,,
"2321727","547e8ca196ece3df418e7b2f56d983a528e4744e38df64a04163815e07f7c52a371dcea0f3a88db8d77d58a089e81897214550ad1d96e843685b5bf7724cb611","2026-06-07T20:45:00.000","2","DRIVER","3","2214364",,"JEEP","GRAND CHEROKEE","IL","2018","NONE","PASSENGER","PERSONAL","E","STRAIGHT AHEAD",,,"4",,,,,,,,,,"Y","Y","Y",,,,,,"REAR-LEFT-CORNER",,,,,,,,,,,,,,,,,,,,,,,,,,,,,,,,,
"2321752","f821c5586168779ec0cb807171a461dc32e031a1e1258d71eb93ed4105d7b9746240736a85ca43820e7aa0de449a4cc083acf27d56ac43da7342ae66cad07632","2026-06-07T20:45:00.000","1","DRIVER",,"2214395",,"FORD","FOCUS","IL","2011","UNKNOWN","PASSENGER","PERSONAL","W","STRAIGHT AHEAD",,,"1",,,,,,,,,,,,,,"Y","Y","Y",,"FRONT-LEFT-CORNER",,,,,,,,,,,,,,,,,,,,,,,,,,,,,,,,,
"2321723","97e8038d4a63776d27875ed8c31de5347296d48f66f8011b907a7c211f40de2149e967a6ee52dc90ae27c0f4a9777bddcf12d1d97c00cc9fa7f3b50602770c67","2026-06-07T20:40:00.000","1","DRIVER","5","2214367",,"KIA","TELLURIDE","IL","2026","NONE","PASSENGER","PERSONAL","NW","TURNING RIGHT",,,"6",,,,,"Y",,,,"Y",,,,,,,,,"REAR-RIGHT-CORNER",,,,,,,,,,,,,,,,,,,,,,,,,,,,,,,,,
"2321724","97e8038d4a63776d27875ed8c31de5347296d48f66f8011b907a7c211f40de2149e967a6ee52dc90ae27c0f4a9777bddcf12d1d97c00cc9fa7f3b50602770c67","2026-06-07T20:40:00.000","2","DRIVER","1","2214380",,"NISSAN","ALTIMA","IL","2012","NONE","PASSENGER","PERSONAL","N","STRAIGHT AHEAD","Y",,"2",,"PRIVATE TOW","7654 S WABASH",,"Y","Y",,,,,,,,"Y","Y",,,"FRONT-LEFT-CORNER",,,,,,,,,,,,,,,,,,,,,,,,,,,,,,,,,
"2321725","97e8038d4a63776d27875ed8c31de5347296d48f66f8011b907a7c211f40de2149e967a6ee52dc90ae27c0f4a9777bddcf12d1d97c00cc9fa7f3b50602770c67","2026-06-07T20:40:00.000","3","PARKED",,"2214384",,"BMW","535 SERIES","IL","2013","NONE","PASSENGER","PERSONAL","N","PARKED",,,"0",,,,,,,,,,,"Y","Y","Y","Y","Y",,,"REAR-LEFT-CORNER",,,,,,,,,,,,,,,,,,,,,,,,,,,,,,,,,
"2322301","04dd7af75308be863e1d02e4da0eb8a596ef1498cd64e0fbf231858cd57e5fc99e9514317b23c4a99d3239abde12949f6fcc62cf4d3983545fb989b925a2f513","2026-06-07T20:34:00.000","1","DRIVER",,"2214902",,"VOLVO","OTHER (EXPLAIN IN NARRATIVE)","IL",,"UNKNOWN","SPORT UTILITY VEHICLE (SUV)","UNKNOWN/NA","W","STRAIGHT AHEAD",,,"1",,,,,,,,,,,,,,,,,"Y","FRONT",,,,,,,,,,,,,,,,,,,,,,,,,,,,,,,,,
"2322302","04dd7af75308be863e1d02e4da0eb8a596ef1498cd64e0fbf231858cd57e5fc99e9514317b23c4a99d3239abde12949f6fcc62cf4d3983545fb989b925a2f513","2026-06-07T20:34:00.000","2","DRIVER","1","2214911",,"HYUNDAI","ELANTRA","IL","2017","UNKNOWN","PASSENGER","UNKNOWN/NA","W","STRAIGHT AHEAD",,,"2",,,,,,,,,,"Y",,,,,,,,"REAR",,,,,,,,,,,,,,,,,,,,,,,,,,,,,,,,,
"2321778","6cee8a529b521b8c354478d01b99df2466569db478ea20864121d175ce2932ac469864aa19c067b24ec7c5d40cf3f3421dccb5701151acb2ba304e16ebb22c96","2026-06-07T20:34:00.000","1","DRIVER",,"2214415",,"MAZDA","CX-5","IL","2019","NONE","PASSENGER","PERSONAL","W","TURNING LEFT",,,"1",,,,,"Y",,,,,,,,"Y","Y","Y","Y",,"UNKNOWN",,,,,,,,,,,,,,,,,,,,,,,,,,,,,,,,,
"2321700","503c0c6aef5f8d9300ae5f00327d8fc4b92ac46dd7fbc172f3e3870a9794d14bc4f7a35c7d90729b086d2ede57e78c35868097a9702184a9e9898a0154cc753f","2026-06-07T20:24:00.000","1","DRIVER",,"2214346",,"GENERAL MOTORS CORPORATION (GMC)","TERRAIN","IL","2015","UNKNOWN","SPORT UTILITY VEHICLE (SUV)","PERSONAL","N","STRAIGHT AHEAD",,,"1",,,,,"Y",,,,,,,,,,"Y","Y",,"FRONT",,,,,,,,,,,,,,,,,,,,,,,,,,,,,,,,,
"2321701","503c0c6aef5f8d9300ae5f00327d8fc4b92ac46dd7fbc172f3e3870a9794d14bc4f7a35c7d90729b086d2ede57e78c35868097a9702184a9e9898a0154cc753f","2026-06-07T20:24:00.000","2","DRIVER",,"2214348",,"TOYOTA","COROLLA","IL","2014","UNKNOWN","PASSENGER","PERSONAL","N","SLOW/STOP IN TRAFFIC",,,"1",,,,,,,,,"Y","Y","Y",,,,,,,"REAR",,,,,,,,,,,,,,,,,,,,,,,,,,,,,,,,,
"2321717","e4810ffd62789254116d257d470480a6a2ee1db973a61424af8e3bee2a004e71ebb1f8f05f9c3bae3f652a2df1fa31b94d61caa49d4380ae17e86d3f0d88c841","2026-06-07T20:20:00.000","1","DRIVER",,"2214359",,"UNKNOWN","OTHER (EXPLAIN IN NARRATIVE)","IL",,"UNKNOWN","PASSENGER","UNKNOWN/NA","N","STRAIGHT AHEAD",,,"1",,,,,,,,,,,,,,,,,"Y","UNKNOWN",,,,,,,,,,,,,,,,,,,,,,,,,,,,,,,,,
"2321718","e4810ffd62789254116d257d470480a6a2ee1db973a61424af8e3bee2a004e71ebb1f8f05f9c3bae3f652a2df1fa31b94d61caa49d4380ae17e86d3f0d88c841","2026-06-07T20:20:00.000","2","DRIVER",,"2214363",,"TOYOTA","CAMRY","IL","2021","UNKNOWN","PASSENGER","PERSONAL","S","STRAIGHT AHEAD",,,"1",,,,,,,,,,,,,,,"Y","Y",,"FRONT",,,,,,,,,,,,,,,,,,,,,,,,,,,,,,,,,
"2321709","48523b05f43bf2379317cb2d1870676a4abec694ccdd01d7c13725c8b9c6cdd7187625f525913b54cfdb6365b4c687bd05f703b1a91dcc5ba32bceac74bc0530","2026-06-07T20:13:00.000","1","DRIVER","1","2214386",,"TOYOTA","CAMRY","IL","2004","UNKNOWN","PASSENGER","PERSONAL","W","TURNING LEFT","Y",,"2",,"UNKNOWN","UNKNOWN",,"Y","Y",,,,,"Y",,,,"Y","Y",,"FRONT",,,,,,,,,,,,,,,,,,,,,,,,,,,,,,,,,
"2321710","48523b05f43bf2379317cb2d1870676a4abec694ccdd01d7c13725c8b9c6cdd7187625f525913b54cfdb6365b4c687bd05f703b1a91dcc5ba32bceac74bc0530","2026-06-07T20:13:00.000","2","DRIVER","2","2214354",,"DODGE","CHALLENGER","IL","2022","UNKNOWN","PASSENGER","PERSONAL","E","STRAIGHT AHEAD","Y",,"3",,"UNKNOWN","UNKNOWN",,"Y",,,,,,,,,"Y","Y","Y",,"FRONT",,,,,,,,,,,,,,,,,,,,,,,,,,,,,,,,,
"2321711","48523b05f43bf2379317cb2d1870676a4abec694ccdd01d7c13725c8b9c6cdd7187625f525913b54cfdb6365b4c687bd05f703b1a91dcc5ba32bceac74bc0530","2026-06-07T20:13:00.000","3","DRIVER","1","2214361",,"TOYOTA","CAMRY","WI","2015","NONE","PASSENGER","PERSONAL","N","SLOW/STOP IN TRAFFIC","N",,"2",,,,,,,,,,,,,,"Y","Y","Y",,"FRONT-LEFT-CORNER",,,,,,,,,,,,,,,,,,,,,,,,,,,,,,,,,
"2321712","48523b05f43bf2379317cb2d1870676a4abec694ccdd01d7c13725c8b9c6cdd7187625f525913b54cfdb6365b4c687bd05f703b1a91dcc5ba32bceac74bc0530","2026-06-07T20:13:00.000","4","DRIVER",,"2214368",,"TOYOTA","CAMRY","IL","2009","UNKNOWN","PASSENGER","PERSONAL","N","SLOW/STOP IN TRAFFIC","Y",,"1",,"UNKNOWN","UNKNOWN",,,,,,,,,,,"Y","Y","Y",,"FRONT-LEFT-CORNER",,,,,,,,,,,,,,,,,,,,,,,,,,,,,,,,,
"2321713","48523b05f43bf2379317cb2d1870676a4abec694ccdd01d7c13725c8b9c6cdd7187625f525913b54cfdb6365b4c687bd05f703b1a91dcc5ba32bceac74bc0530","2026-06-07T20:13:00.000","5","DRIVER","1","2214375",,"TOYOTA","CAMRY","FL","2021","UNKNOWN","PASSENGER","RIDESHARE SERVICE","N","SLOW/STOP IN TRAFFIC","Y",,"2",,"UNKNOWN","UNKNOWN",,"Y","Y",,,,,,,,,,"Y",,"FRONT-RIGHT-CORNER",,,,,,,,,,,,,,,,,,,,,,,,,,,,,,,,,
"2321686","b6a5e72104dab10c345064ba13436ad3550f1ec3317f6589affa1b7e434558889db9e448ddf647523949cd5274e4d1857fc03ddc14e60784d5f20d1ed78d83c5","2026-06-07T20:00:00.000","1","DRIVER",,"2214327",,"DODGE","RAM 2500 PU","IL","2020","NONE","PICKUP","PERSONAL","N","STRAIGHT AHEAD",,,"1",,,,,"Y","Y",,,,,,,,,,,,"SIDE-RIGHT",,,,,,,,,,,,,,,,,,,,,,,,,,,,,,,,,
"2321687","b6a5e72104dab10c345064ba13436ad3550f1ec3317f6589affa1b7e434558889db9e448ddf647523949cd5274e4d1857fc03ddc14e60784d5f20d1ed78d83c5","2026-06-07T20:00:00.000","2","PARKED","1","2214330",,"LINCOLN","NAVIGATOR","IL","2015","NONE","SPORT UTILITY VEHICLE (SUV)","NOT IN USE","N","PARKED",,,"1",,,,,,,,,,,,,,"Y","Y",,,"FRONT-LEFT-CORNER",,,,,,,,,,,,,,,,,,,,,,,,,,,,,,,,,
"2321699","cb7f32fd238945bebfa05d07381f31ea28c86c11136f628fc238d81bca492a33c8a34848c7405e7ea5a853fba3d7b3582a94420aab9d85ff27f96862fcb0fc05","2026-06-07T20:00:00.000","1","DRIVER",,"2214347",,"CHEVROLET","CRUZE",,"2013","UNKNOWN","PASSENGER","PERSONAL","W","UNKNOWN/NA","Y",,"1",,"streets & sanitation",,,,,,,,,,,,"Y","Y","Y",,"FRONT-LEFT-CORNER",,,,,,,,,,,,,,,,,,,,,,,,,,,,,,,,,