"crash_unit_id","crash_record_id","crash_date","unit_no","unit_type","num_passengers","vehicle_id","cmrc_veh_i","make","model","lic_plate_state","vehicle_year","vehicle_defect","vehicle_type","vehicle_use","travel_direction","maneuver","towed_i","fire_i","occupant_cnt","exceed_speed_limit_i","towed_by","towed_to","area_00_i","area_01_i","area_02_i","area_03_i","area_04_i","area_05_i","area_06_i","area_07_i","area_08_i","area_09_i","area_10_i","area_11_i","area_12_i","area_99_i","first_contact_point","cmv_id","usdot_no","ccmc_no","ilcc_no","commercial_src","gvwr","carrier_name","carrier_state","carrier_city","hazmat_placards_i","hazmat_name","un_no","hazmat_present_i","hazmat_report_i","hazmat_report_no","mcs_report_i","mcs_report_no","hazmat_vio_cause_crash_i","mcs_vio_cause_crash_i","idot_permit_no","wide_load_i","trailer1_width","trailer2_width","trailer1_length","trailer2_length","total_vehicle_length","axle_cnt","vehicle_config","cargo_body_type","load_type","hazmat_out_of_service_i","mcs_out_of_service_i","hazmat_class"
"2321676","d971ac3fc577194a6d448f6eb1bf7975c4855e233c1040bb2807c28298c921aa2c81792a63492fd4659fa93a7b94987ac3a339c9ad9eca51518d38acf9ce852d","2026-06-07T20:00:00.000","1","DRIVER",,"2214322",,"HONDA","CIVIC","IL","2017","NONE","PASSENGER","PERSONAL","SE","TURNING RIGHT","Y",,"1",,"OWNER","UNKNOWN",,"Y",,,,,,,,,,"Y","Y",,"FRONT-LEFT-CORNER",,,,,,,,,,,,,,,,,,,,,,,,,,,,,,,,,
"2321677","d971ac3fc577194a6d448f6eb1bf7975c4855e233c1040bb2807c28298c921aa2c81792a63492fd4659fa93a7b94987ac3a339c9ad9eca51518d38acf9ce852d","2026-06-07T20:00:00.000","2","DRIVER",,"2214323",,"FORD","MUSTANG","IL","2023","NONE","SPORT UTILITY VEHICLE (SUV)","PERSONAL","S","STRAIGHT AHEAD","Y",,"1",,"OWNER","UNKNOWN",,,,"Y","Y","Y",,,,,,,,,"REAR-RIGHT-CORNER",,,,,,,,,,,,,,,,,,,,,,,,,,,,,,,,,
"2321755","645f1a1c483b0fe64b1e8ac4c9c7f89e61adcae6c3cc177eef22567d96bb761dac8981a84f7ef57645725803db4cc74e167f372f4a390adf4756e7f6d301c172","2026-06-07T19:58:00.000","1","DRIVER",,"2214401",,"CHEVROLET","TRAIL BLAZER","IL","2026","NONE","SPORT UTILITY VEHICLE (SUV)","PERSONAL","S","STRAIGHT AHEAD","Y",,"1",,"CITY OF CHICAGO H-6062","AUTO POUND #2",,"Y","Y","Y",,,,,"Y","Y","Y","Y","Y","Y","FRONT-RIGHT-CORNER",,,,,,,,,,,,,,,,,,,,,,,,,,,,,,,,,
"2321756","645f1a1c483b0fe64b1e8ac4c9c7f89e61adcae6c3cc177eef22567d96bb761dac8981a84f7ef57645725803db4cc74e167f372f4a390adf4756e7f6d301c172","2026-06-07T19:58:00.000","2","PARKED",,"2214406",,"DODGE","CARAVAN","IL","2017","UNKNOWN","VAN/MINI-VAN","NOT IN USE","S","PARKED",,,"0",,,,,,,,,,,"Y","Y","Y","Y","Y",,,"SIDE-LEFT-REAR",,,,,,,,,,,,,,,,,,,,,,,,,,,,,,,,,
"2321757","645f1a1c483b0fe64b1e8ac4c9c7f89e61adcae6c3cc177eef22567d96bb761dac8981a84f7ef57645725803db4cc74e167f372f4a390adf4756e7f6d301c172","2026-06-07T19:58:00.000","3","PARKED",,"2214409",,"HONDA","ODYSSEY","IL","2006","NONE","VAN/MINI-VAN","NOT IN USE","S","PARKED",,,"0",,,,,,,,,,"Y","Y","Y","Y",,,,,"REAR-LEFT-CORNER",,,,,,,,,,,,,,,,,,,,,,,,,,,,,,,,,
"2321758","645f1a1c483b0fe64b1e8ac4c9c7f89e61adcae6c3cc177eef22567d96bb761dac8981a84f7ef57645725803db4cc74e167f372f4a390adf4756e7f6d301c172","2026-06-07T19:58:00.000","4","PARKED",,"2214412",,"NISSAN","ROGUE","IL","2019","NONE","SPORT UTILITY VEHICLE (SUV)","NOT IN USE","N","PARKED",,,"0",,,,,,,,,,,,"Y","Y","Y","Y","Y",,"FRONT-LEFT-CORNER",,,,,,,,,,,,,,,,,,,,,,,,,,,,,,,,,
"2321678","ed0ff2bd85b8a31a861d533a1b197dc739245bb03a7878cbdc93357b510d8b212058d13d60f7a0f968dcef6ffffa6d84ce209adab8ca87914c4ab61d9a0512a5","2026-06-07T19:42:00.000","1","DRIVER",,"2214325",,"HONDA","PILOT","IL","2026","UNKNOWN","PASSENGER","UNKNOWN/NA","S","STRAIGHT AHEAD",,,"1",,,,,"Y","Y",,,,,,,,,,,,"FRONT-RIGHT-CORNER",,,,,,,,,,,,,,,,,,,,,,,,,,,,,,,,,
"2321679","ed0ff2bd85b8a31a861d533a1b197dc739245bb03a7878cbdc93357b510d8b212058d13d60f7a0f968dcef6ffffa6d84ce209adab8ca87914c4ab61d9a0512a5","2026-06-07T19:42:00.000","2","DRIVER",,"2214329",,"NEW FLYER","OTHER (EXPLAIN IN NARRATIVE)","IL","2012","UNKNOWN","BUS OVER 15 PASS.","CTA","S","STRAIGHT AHEAD",,,"1",,,,"Y",,,,,,,,,,,,,,"REAR-LEFT-CORNER",,,,,,,,,,,,,,,,,,,,,,,,,,,,,,,,,
"2322164","eb6717a20a668f06881601fa27d2f7ae48974feb51847d7d72980ade9ea588525972c325b28ccb267c674d27f56fd2d53b9c1ba7920b62c440efe8ac28dde0d3","2026-06-07T19:30:00.000","1","DRIVER",,"2214773",,"CHEVROLET","MALIBU","IL","2017","UNKNOWN","PASSENGER","UNKNOWN/NA","UNKNOWN","PASSING/OVERTAKING",,,"1",,,,,"Y","Y","Y","Y","Y",,,,,,,,,"SIDE-RIGHT",,,,,,,,,,,,,,,,,,,,,,,,,,,,,,,,,
"2322165","eb6717a20a668f06881601fa27d2f7ae48974feb51847d7d72980ade9ea588525972c325b28ccb267c674d27f56fd2d53b9c1ba7920b62c440efe8ac28dde0d3","2026-06-07T19:30:00.000","2","DRIVER",,"2214789",,"JEEP","COMPASS","OH","2024","UNKNOWN","SPORT UTILITY VEHICLE (SUV)","PERSONAL","UNKNOWN","STRAIGHT AHEAD",,,"1",,,,,,,,,,,"Y","Y","Y","Y","Y",,,"SIDE-LEFT",,,,,,,,,,,,,,,,,,,,,,,,,,,,,,,,,
"2321657","da3087e63c346768da833b60c4102262e2aa6676d733387ba86042fadd8a1537e659dab45e47b8332e4a1dffbf06e268830043f3e85ed7c4f16c6ab6fdbcf424","2026-06-07T19:14:00.000","1","DRIVER",,"2214308",,"INFINITI","Q50","IL","2015","NONE","PASSENGER","PERSONAL","W","STRAIGHT AHEAD",,,"1",,,,,,,,,,,,,,,,,,"UNKNOWN",,,,,,,,,,,,,,,,,,,,,,,,,,,,,,,,,
"2321658","da3087e63c346768da833b60c4102262e2aa6676d733387ba86042fadd8a1537e659dab45e47b8332e4a1dffbf06e268830043f3e85ed7c4f16c6ab6fdbcf424","2026-06-07T19:14:00.000","2","DRIVER","3","2214302",,"CHEVROLET","TRAX","IL","2026","NONE","SPORT UTILITY VEHICLE (SUV)","PERSONAL","W","STRAIGHT AHEAD",,,"4",,,,,,,,,"Y","Y","Y",,,,,,,"REAR",,,,,,,,,,,,,,,,,,,,,,,,,,,,,,,,,
"2321667","95e5a70ac51eba5a288434af5bb707f8617b52eeecdea334c2f30d7c58dce3d57f2d836ec262c2be57bceba649a7d2ce43c4d5fb20fb9d46567c11c2ac10321f","2026-06-07T19:08:00.000","1","DRIVER",,"2214313",,"NISSAN","ROGUE",,"2010","NONE","PASSENGER","PERSONAL","N","STRAIGHT AHEAD",,,"1",,,,,,,,,,,,,,,,"Y",,"FRONT",,,,,,,,,,,,,,,,,,,,,,,,,,,,,,,,,
"2321668","95e5a70ac51eba5a288434af5bb707f8617b52eeecdea334c2f30d7c58dce3d57f2d836ec262c2be57bceba649a7d2ce43c4d5fb20fb9d46567c11c2ac10321f","2026-06-07T19:08:00.000","2","DRIVER",,"2214316",,"TOYOTA","RAV4","IL","2022","NONE","PASSENGER","PERSONAL","E","STRAIGHT AHEAD",,,"1",,,,,"Y",,,,,,,,,,,,,"FRONT-RIGHT-CORNER",,,,,,,,,,,,,,,,,,,,,,,,,,,,,,,,,
"2321673","ba50dabb8c273b90c57d76914a45c60d0d7ad1efdcbc8b30e345d4871e4113e62ab2becbcded368e0df011cd8327a63596f8da258916bc98b33a4932beb5e65f","2026-06-07T19:02:00.000","1","DRIVER",,"2214319",,"HUMMER","H3","IN","2007","NONE","SPORT UTILITY VEHICLE (SUV)","PERSONAL","W","STRAIGHT AHEAD",,,"1",,,,"Y",,,,,,,,,,,,,,"FRONT",,,,,,,,,,,,,,,,,,,,,,,,,,,,,,,,,
"2321674","ba50dabb8c273b90c57d76914a45c60d0d7ad1efdcbc8b30e345d4871e4113e62ab2becbcded368e0df011cd8327a63596f8da258916bc98b33a4932beb5e65f","2026-06-07T19:02:00.000","2","DRIVER",,"2214320",,"FORD","OTHER (EXPLAIN IN NARRATIVE)","IL","2017","NONE","PASSENGER","PERSONAL","W","SLOW/STOP IN TRAFFIC",,,"1",,,,,,,,,,"Y",,,,,,,,"REAR",,,,,,,,,,,,,,,,,,,,,,,,,,,,,,,,,
"2321675","ba50dabb8c273b90c57d76914a45c60d0d7ad1efdcbc8b30e345d4871e4113e62ab2becbcded368e0df011cd8327a63596f8da258916bc98b33a4932beb5e65f","2026-06-07T19:02:00.000","3","DRIVER",,"2214321",,"UNKNOWN","MOTORIZED",,,"NONE","SPORT UTILITY VEHICLE (SUV)","PERSONAL","W","SLOW/STOP IN TRAFFIC",,,"1",,,,"Y",,,,,,,,,,,,,,"REAR",,,,,,,,,,,,,,,,,,,,,,,,,,,,,,,,,
"2321684","290f0a71905cc59376c6ef17e2d7e9c9c35ee3cfce24227597721a52bbca3b87cc662888935efe1b4cfa907148cb2d5ce2932ae879f2d08a53e060ca4a5a2866","2026-06-07T19:00:00.000","1","DRIVER",,"2214333",,"CHEVROLET","TRAVERSE","IL","2014","NONE","PASSENGER","PERSONAL","W","STRAIGHT AHEAD","Y",,"1",,"CITY OF CHICAGO","POUND 3",,,,,,,,,,,"Y","Y",,,"FRONT-LEFT-CORNER",,,,,,,,,,,,,,,,,,,,,,,,,,,,,,,,,
"2321685","290f0a71905cc59376c6ef17e2d7e9c9c35ee3cfce24227597721a52bbca3b87cc662888935efe1b4cfa907148cb2d5ce2932ae879f2d08a53e060ca4a5a2866","2026-06-07T19:00:00.000","2","DRIVER",,"2214334",,"VOLKSWAGEN","JETTA","IL","2011","NONE","PASSENGER","PERSONAL","N","STRAIGHT AHEAD",,,"1",,,,,"Y",,,,,,,,,,"Y","Y",,"FRONT",,,,,,,,,,,,,,,,,,,,,,,,,,,,,,,,,
"2322024","842ac3fb43659588a651b68ab61d826dcf37b6915de51ec808b9d316c67f61c05d9f639efec83258e914a2aa0151c255215fd543896833f24e68754924bde997","2026-06-07T19:00:00.000","1","DRIVER",,"2214647",,"UNKNOWN","OTHER (EXPLAIN IN NARRATIVE)","IL",,"UNKNOWN","UNKNOWN/NA","UNKNOWN/NA","UNKNOWN","UNKNOWN/NA",,,"1",,,,,,,,,,"Y",,,,,,,"Y","UNKNOWN",,,,,,,,,,,,,,,,,,,,,,,,,,,,,,,,,
"2322025","842ac3fb43659588a651b68ab61d826dcf37b6915de51ec808b9d316c67f61c05d9f639efec83258e914a2aa0151c255215fd543896833f24e68754924bde997","2026-06-07T19:00:00.000","2","PARKED",,"2214650",,"HYUNDAI","SANTA FE","IL","2015","UNKNOWN","PASSENGER","PERSONAL","E","PARKED",,,"0",,,,,,,,,,,"Y",,,,,,,"REAR-LEFT-CORNER",,,,,,,,,,,,,,,,,,,,,,,,,,,,,,,,,
"2321669","98da1f5d09525cb976c165fdfdda54d326c02350949dabe69a636586ef2d0f5a8c0511f29641f10f6f4e47d45795cba1be4ba39fdb398327191623126232943f","2026-06-07T18:54:00.000","1","DRIVER",,"2214335",,"KIA","OPTIMA / K5","IL","2023","UNKNOWN","PASSENGER","PERSONAL","W","DRIVING WRONG WAY","Y",,"1",,"PRIVATE","UNKNOWN",,"Y",,,,,,,,,,"Y","Y",,"FRONT-RIGHT-CORNER",,,,,,,,,,,,,,,,,,,,,,,,,,,,,,,,,
"2321670","98da1f5d09525cb976c165fdfdda54d326c02350949dabe69a636586ef2d0f5a8c0511f29641f10f6f4e47d45795cba1be4ba39fdb398327191623126232943f","2026-06-07T18:54:00.000","2","DRIVER",,"2214339",,"TOYOTA","HIGHLANDER","IL","2018","UNKNOWN","PASSENGER","PERSONAL","W","STRAIGHT AHEAD","Y",,"1",,"PRIVATE","UNKNOWN",,,,,,,,,,"Y","Y","Y",,,"FRONT-LEFT-CORNER",,,,,,,,,,,,,,,,,,,,,,,,,,,,,,,,,
"2321883","ae699d07567d531d19225630aa6f6fd250f743bf0e984961334e63a8c611dff650d55fb346c9883b1d9554859f752109e5b035b0d149a49aaedff3822306f21d","2026-06-07T18:50:00.000","1","DRIVER",,"2214515",,"VOLKSWAGEN","TIGUAN","IL","2021","UNKNOWN","SPORT UTILITY VEHICLE (SUV)","PERSONAL","W","STRAIGHT AHEAD",,,"1",,,,,"Y",,,,,,,,,,,"Y",,"FRONT-RIGHT-CORNER",,,,,,,,,,,,,,,,,,,,,,,,,,,,,,,,,
"2321884","ae699d07567d531d19225630aa6f6fd250f743bf0e984961334e63a8c611dff650d55fb346c9883b1d9554859f752109e5b035b0d149a49aaedff3822306f21d","2026-06-07T18:50:00.000","2","DRIVER",,"2214521",,"UNKNOWN","OTHER (EXPLAIN IN NARRATIVE)",,,"UNKNOWN","UNKNOWN/NA","UNKNOWN/NA","UNKNOWN","UNKNOWN/NA",,,"1",,,,,,,,,,,,,,,,,,"UNKNOWN",,,,,,,,,,,,,,,,,,,,,,,,,,,,,,,,,
"2321661","ff4642b5fd590cc028dda72a33b4511a624aadba07da2dbb8e478d3cc7600ea5d17b07d16089cd5b33bb85d514b6f5aa97e5437b463cd36ab705466c22ccb7a9","2026-06-07T18:34:00.000","1","DRIVER","1","2214305",,"UNKNOWN","OTHER (EXPLAIN IN NARRATIVE)","IL","2013","UNKNOWN","SPORT UTILITY VEHICLE (SUV)","UNKNOWN/NA","E","STRAIGHT AHEAD",,,"2",,,,,,,,,,,,,,,,,"Y","FRONT",,,,,,,,,,,,,,,,,,,,,,,,,,,,,,,,,
"2321662","ff4642b5fd590cc028dda72a33b4511a624aadba07da2dbb8e478d3cc7600ea5d17b07d16089cd5b33bb85d514b6f5aa97e5437b463cd36ab705466c22ccb7a9","2026-06-07T18:34:00.000","2","DRIVER","1","2214310",,"HONDA","PASSPORT","TX","2020","NONE","SPORT UTILITY VEHICLE (SUV)","PERSONAL","E","SLOW/STOP IN TRAFFIC",,,"2",,,,,,,,,,,,,,,,,,"SIDE-RIGHT-REAR",,,,,,,,,,,,,,,,,,,,,,,,,,,,,,,,,
"2321641","3652951be6100ed118ffe505dc88a57d33fed2389d91cbb7f230839124fea03647294c209e53cfe4ddc2649bd83ef311d22accb063cb3211ec3092c257cc7ac8","2026-06-07T18:28:00.000","1","DRIVER",,"2214285",,"CHEVROLET","TRAIL BLAZER","IL","2023","UNKNOWN","SPORT UTILITY VEHICLE (SUV)","PERSONAL","S","STRAIGHT AHEAD",,,"1",,,,,"Y",,,,,,,,,,"Y","Y",,"FRONT",,,,,,,,,,,,,,,,,,,,,,,,,,,,,,,,,
"2321642","3652951be6100ed118ffe505dc88a57d33fed2389d91cbb7f230839124fea03647294c209e53cfe4ddc2649bd83ef311d22accb063cb3211ec3092c257cc7ac8","2026-06-07T18:28:00.000","2","DRIVER",,"2214287",,"LINCOLN","OTHER (EXPLAIN IN NARRATIVE)","IL","2017","UNKNOWN","SPORT UTILITY VEHICLE (SUV)","PERSONAL","S","STRAIGHT AHEAD",,,"1",,,,,,,,,"Y","Y","Y",,,,,,,"REAR",,,,,,,,,,,,,,,,,,,,,,,,,,,,,,,,,
"2321672","3a0caed811150e3170e9ca1170dde1e98406b2b69b6d5e4666d3fd43c4605f8606ccff9d19a78d23e426556138e1c295ba4f9ada03c6166b6b9a8d1d7883596d","2026-06-07T18:21:00.000","1","DRIVER",,"2214318",,"NISSAN","MURANO","IL","2011","NONE","PASSENGER","PERSONAL","S","STRAIGHT AHEAD",,,"1",,,,"Y",,,,,,,,,,,,"N",,"FRONT",,,,,,,,,,,,,,,,,,,,,,,,,,,,,,,,,
"2321698","3a0caed811150e3170e9ca1170dde1e98406b2b69b6d5e4666d3fd43c4605f8606ccff9d19a78d23e426556138e1c295ba4f9ada03c6166b6b9a8d1d7883596d","2026-06-07T18:21:00.000","2","PEDESTRIAN",,,,,,,,,,,,,,,,,,,,,,,,,,,,,,,,,,,,,,,,,,,,,,,,,,,,,,,,,,,,,,,,,,
"2321650","27c405596d0328f4fbfdae4e9452f5505909390287f4be59b538b41f23e66cf1c746fa2a8c91b98ed9e97a393bac48e6245902731c9ba7888c196e240b088e36","2026-06-07T18:18:00.000","1","DRIVER",,"2214293",,"NOVA BUS","LFS","IL","2022","UNKNOWN","BUS OVER 15 PASS.","CTA","W","STRAIGHT AHEAD",,,"1",,,,,"Y",,,,,,,,,,"Y","Y",,"FRONT",,,,,,,,,,,,,,,,,,,,,,,,,,,,,,,,,
"2321651","27c405596d0328f4fbfdae4e9452f5505909390287f4be59b538b41f23e66cf1c746fa2a8c91b98ed9e97a393bac48e6245902731c9ba7888c196e240b088e36","2026-06-07T18:18:00.000","2","DRIVER",,"2214301",,"NISSAN","KICKS","IL","2022","UNKNOWN","PASSENGER","PERSONAL","N","STRAIGHT AHEAD",,,"1",,,,,"Y","Y","Y","Y","Y",,,,,,,,,"SIDE-RIGHT",,,,,,,,,,,,,,,,,,,,,,,,,,,,,,,,,
"2321637","52c5ca4c2106c978e919bacd19dc9c62e10681c2f7a470a315d5f58ad94b1708cd8edb823c77a17dfa55aafd0e0314d2d228cf42beec7f6c7bcb571b2dfda917","2026-06-07T18:15:00.000","1","DRIVER",,"2214280",,"CHEVROLET","TAHOE","IL","2012","UNKNOWN","SPORT UTILITY VEHICLE (SUV)","UNKNOWN/NA","S","STRAIGHT AHEAD",,,"1",,,,"Y",,,,,,,,,,,,,,"FRONT",,,,,,,,,,,,,,,,,,,,,,,,,,,,,,,,,
"2321638","52c5ca4c2106c978e919bacd19dc9c62e10681c2f7a470a315d5f58ad94b1708cd8edb823c77a17dfa55aafd0e0314d2d228cf42beec7f6c7bcb571b2dfda917","2026-06-07T18:15:00.000","2","DRIVER","1","2214284",,"AUDI","Q7","IL","2021","UNKNOWN","SPORT UTILITY VEHICLE (SUV)","UNKNOWN/NA","S","SLOW/STOP IN TRAFFIC",,,"2",,,,,,,,,,"Y",,,,,,,,"REAR",,,,,,,,,,,,,,,,,,,,,,,,,,,,,,,,,
"2321663","62ef87facdb20b8a857592e05e29013e0b243292bf542f7ec0855e83408401e282b9a61a5fb1e8f7978f26402f732395b44c341c5cb4342d62a82677df739dc5","2026-06-07T18:09:00.000","1","DRIVER",,"2214312",,"DODGE","DURANGO","IL","2023","UNKNOWN","SPORT UTILITY VEHICLE (SUV)","PERSONAL","N","CHANGING LANES",,,"1",,,,,,,,,,,,,,,"Y","Y",,"FRONT-LEFT-CORNER",,,,,,,,,,,,,,,,,,,,,,,,,,,,,,,,,
"2321664","62ef87facdb20b8a857592e05e29013e0b243292bf542f7ec0855e83408401e282b9a61a5fb1e8f7978f26402f732395b44c341c5cb4342d62a82677df739dc5","2026-06-07T18:09:00.000","2","DRIVER",,"2214315",,"LEXUS","IS","IL","2017","NONE","PASSENGER","PERSONAL","N","STRAIGHT AHEAD",,,"1",,,,,,,,,"Y","Y",,,,,,,,"SIDE-RIGHT-REAR",,,,,,,,,,,,,,,,,,,,,,,,,,,,,,,,,
"2321630","dd047e9a4a55375b59b861e2cda007daf33872aebb9962cdb6a14013b6d6fa10e6faaa63e91c8ecf541965566ae8422fbebe0e5f2fc7e384b03bdd8f51235097","2026-06-07T18:05:00.000","1","DRIVER","3","2214272",,"HONDA","ODYSSEY","IL","2012","UNKNOWN","VAN/MINI-VAN","PERSONAL","S","STRAIGHT AHEAD",,,"4",,,,,,,,,,,,,"Y","Y","Y",,,"FRONT-LEFT-CORNER",,,,,,,,,,,,,,,,,,,,,,,,,,,,,,,,,
"2321631","dd047e9a4a55375b59b861e2cda007daf33872aebb9962cdb6a14013b6d6fa10e6faaa63e91c8ecf541965566ae8422fbebe0e5f2fc7e384b03bdd8f51235097","2026-06-07T18:05:00.000","2","PARKED",,"2214276",,"FORD","EXPLORER","IL","2013","UNKNOWN","SPORT UTILITY VEHICLE (SUV)","NOT IN USE","S","PARKED",,,"0",,,,,"Y","Y","Y",,,,,,,,"Y",,,"SIDE-RIGHT",,,,,,,,,,,,,,,,,,,,,,,,,,,,,,,,,
"2321690","002a4c44ab82a97295950264bdd55e62e19be7d2e42865046cdd6f17dfc64260ba16237645ce083ab3cd5b5228fde9cc8e790b0de0e88f1a624e5d41184ca3d9","2026-06-07T18:00:00.000","1","DRIVER","1","2214336",,"JEEP","LAREDO","IL","2026","UNKNOWN","SPORT UTILITY VEHICLE (SUV)","PERSONAL","S","TURNING ON RED",,,"2",,,,,,,,,,,,,,"Y","Y",,,"FRONT-LEFT-CORNER",,,,,,,,,,,,,,,,,,,,,,,,,,,,,,,,,
"2321691","002a4c44ab82a97295950264bdd55e62e19be7d2e42865046cdd6f17dfc64260ba16237645ce083ab3cd5b5228fde9cc8e790b0de0e88f1a624e5d41184ca3d9","2026-06-07T18:00:00.000","2","DRIVER",,"2214340",,"GENERAL MOTORS CORPORATION (GMC)","TERRAIN","IL","2023","NONE","SPORT UTILITY VEHICLE (SUV)","PERSONAL","E","SLOW/STOP IN TRAFFIC","Y",,"1",,"A & E TOWING",,,,,,,,,,,,"Y","Y",,,"FRONT-LEFT-CORNER",,,,,,,,,,,,,,,,,,,,,,,,,,,,,,,,,
"2321719","0ff8d28faf5edf2c15f41d83ef558a3931bd08e5eb478575d48c0d89c4224fddf788865b155ef29f42a5d205e8407a0f1f6b0fcd9c9039097a4fb298012a0249","2026-06-07T18:00:00.000","1","DRIVER",,"2214396",,"TOYOTA","CAMRY","IL","2005","UNKNOWN","PASSENGER","UNKNOWN/NA","S","STRAIGHT AHEAD",,,"1",,,,,,,,,,,,,,,,"Y",,"FRONT",,,,,,,,,,,,,,,,,,,,,,,,,,,,,,,,,
"2321720","0ff8d28faf5edf2c15f41d83ef558a3931bd08e5eb478575d48c0d89c4224fddf788865b155ef29f42a5d205e8407a0f1f6b0fcd9c9039097a4fb298012a0249","2026-06-07T18:00:00.000","2","DRIVER",,"2214398",,"FORD","ESCAPE","IL","2020","NONE","SPORT UTILITY VEHICLE (SUV)","PERSONAL","S","SLOW/STOP IN TRAFFIC",,,"1",,,,,,,,,,"Y",,,,,,,,"REAR",,,,,,,,,,,,,,,,,,,,,,,,,,,,,,,,,
"2321665","1d9e9c668d9bd286be322ff107d94cc3d62b92b10902a9a3450c2841dd86e855051d8a7bdd7c960c3bece40946237754b5709cf0fa732e4edf44724ad9050f72","2026-06-07T18:00:00.000","1","PARKED",,"2214311",,"TOYOTA","4RUNNER","IL","2025","NONE","PASSENGER","PERSONAL","S","PARKED",,,"0",,,,"Y",,,,,,,,,"Y","Y",,,,"SIDE-LEFT-FRONT",,,,,,,,,,,,,,,,,,,,,,,,,,,,,,,,,
"2321666","1d9e9c668d9bd286be322ff107d94cc3d62b92b10902a9a3450c2841dd86e855051d8a7bdd7c960c3bece40946237754b5709cf0fa732e4edf44724ad9050f72","2026-06-07T18:00:00.000","2","BICYCLE",,,,,,,,,,,,,,,,,,,,,,,,,,,,,,,,,,,,,,,,,,,,,,,,,,,,,,,,,,,,,,,,,,
"2322355","6f2f30657cc1d9b67ffcd928b97d208bce68767a781b643b23fc7e4120371f46ec0cd96c0a781efcaea429e57fcddc20edabad9ae3d1de77aad3f76e958d43a8","2026-06-07T18:00:00.000","1","DRIVER",,"2214956",,"JEEP","CHEROKEE","IL","2014","NONE","PASSENGER","PERSONAL","W","BACKING",,,"1",,,,,,,,,,"Y",,,,,,,,"REAR",,,,,,,,,,,,,,,,,,,,,,,,,,,,,,,,,
"2322356","6f2f30657cc1d9b67ffcd928b97d208bce68767a781b643b23fc7e4120371f46ec0cd96c0a781efcaea429e57fcddc20edabad9ae3d1de77aad3f76e958d43a8","2026-06-07T18:00:00.000","2","DRIVER",,"2214962",,"UNKNOWN","OTHER (EXPLAIN IN NARRATIVE)",,,"NONE","UNKNOWN/NA","UNKNOWN/NA","UNKNOWN","UNKNOWN/NA",,,"1",,,,,,,,,,,,,,,,,"Y","UNKNOWN",,,,,,,,,,,,,,,,,,,,,,,,,,,,,,,,,
"2321620","b8dfa78ee489b5450fda2c78c6fb5fae3cbe9526bb16a11040e03239422a33f759eeb54faed95ae39810ed4af02a007a81e08f4d1d6bd38ced34f930106a9fcf","2026-06-07T18:00:00.000","1","DRIVER",,"2214266",,"HONDA","CIVIC",,,"UNKNOWN","UNKNOWN/NA","UNKNOWN/NA","W","PASSING/OVERTAKING",,,"1",,,,,,,,,,,,,,,,,"Y","UNKNOWN",,,,,,,,,,,,,,,,,,,,,,,,,,,,,,,,,
"2321621","b8dfa78ee489b5450fda2c78c6fb5fae3cbe9526bb16a11040e03239422a33f759eeb54faed95ae39810ed4af02a007a81e08f4d1d6bd38ced34f930106a9fcf","2026-06-07T18:00:00.000","2","DRIVER",,"2214269",,"HYUNDAI","ELANTRA","IL","2017","UNKNOWN","UNKNOWN/NA","UNKNOWN/NA","W","STRAIGHT AHEAD",,,"1",,,,,,"Y","Y","Y",,,,,,,,,,"SIDE-RIGHT",,,,,,,,,,,,,,,,,,,,,,,,,,,,,,,,,
"2321635","da30e91829cd8a4f551744a64269a039c0889b6ae2f80c343542d617f36edfae2e6909859b18dcd2c2f1586db04363b4a72f0d66cb278e804e6e991deb712936","2026-06-07T17:50:00.000","1","DRIVER","1","2214283",,"MAZDA","CX-5","IL","2018","NONE","SPORT UTILITY VEHICLE (SUV)","PERSONAL","E","CHANGING LANES",,,"2",,,,,,,,,,,"Y",,,,,,,"REAR-LEFT-CORNER",,,,,,,,,,,,,,,,,,,,,,,,,,,,,,,,,
"2321636","da30e91829cd8a4f551744a64269a039c0889b6ae2f80c343542d617f36edfae2e6909859b18dcd2c2f1586db04363b4a72f0d66cb278e804e6e991deb712936","2026-06-07T17:50:00.000","2","DRIVER","1","2214278",,"INFINITI","QX60","IL","2018","NONE","SPORT UTILITY VEHICLE (SUV)","PERSONAL","E","STRAIGHT AHEAD",,,"2",,,,,"Y",,,,,,,,,,,,,"FRONT-RIGHT-CORNER",,,,,,,,,,,,,,,,,,,,,,,,,,,,,,,,,
"2321626","f4e8ad643523e0faffe2fd31884ff76e9d8edf1d50eb9f760d6cb23e0d7a3024fa619185511370cdc419072c5d9e283b5861fb5379641461ff8d7ddd06b7bb36","2026-06-07T17:45:00.000","1","DRIVER",,"2214271",,"ACURA","ILX","IL","2017","NONE","PASSENGER","PERSONAL","W","STRAIGHT AHEAD","Y",,"1",,"private tow",,,"Y",,,,,,,,,,"Y","Y",,"FRONT",,,,,,,,,,,,,,,,,,,,,,,,,,,,,,,,,