"crash_unit_id","crash_record_id","crash_date","unit_no","unit_type","num_passengers","vehicle_id","cmrc_veh_i","make","model","lic_plate_state","vehicle_year","vehicle_defect","vehicle_type","vehicle_use","travel_direction","maneuver","towed_i","fire_i","occupant_cnt","exceed_speed_limit_i","towed_by","towed_to","area_00_i","area_01_i","area_02_i","area_03_i","area_04_i","area_05_i","area_06_i","area_07_i","area_08_i","area_09_i","area_10_i","area_11_i","area_12_i","area_99_i","first_contact_point","cmv_id","usdot_no","ccmc_no","ilcc_no","commercial_src","gvwr","carrier_name","carrier_state","carrier_city","hazmat_placards_i","hazmat_name","un_no","hazmat_present_i","hazmat_report_i","hazmat_report_no","mcs_report_i","mcs_report_no","hazmat_vio_cause_crash_i","mcs_vio_cause_crash_i","idot_permit_no","wide_load_i","trailer1_width","trailer2_width","trailer1_length","trailer2_length","total_vehicle_length","axle_cnt","vehicle_config","cargo_body_type","load_type","hazmat_out_of_service_i","mcs_out_of_service_i","hazmat_class"
"2321627","f4e8ad643523e0faffe2fd31884ff76e9d8edf1d50eb9f760d6cb23e0d7a3024fa619185511370cdc419072c5d9e283b5861fb5379641461ff8d7ddd06b7bb36","2026-06-07T17:45:00.000","2","DRIVER",,"2214277",,"TESLA","MODEL Y","IL","2022","NONE","PASSENGER","PERSONAL","W","STRAIGHT AHEAD",,,"1",,,,,,,,,"Y","Y","Y",,,,,,,"REAR",,,,,,,,,,,,,,,,,,,,,,,,,,,,,,,,,
"2321628","58402f8227ecb37adfc0ef418af69d3b918acbf56607323bcdf156730b6088cb553487533312b4e0bbe51813f1e3a8a20e4066f9fad5c9807b78892656daa0dd","2026-06-07T17:44:00.000","1","DRIVER","3","2214273",,"HONDA","ACCORD","IL","2006","UNKNOWN","PASSENGER","PERSONAL","E","PASSING/OVERTAKING",,,"4",,,,,"Y",,,,,,,,,,,,,"FRONT-RIGHT-CORNER",,,,,,,,,,,,,,,,,,,,,,,,,,,,,,,,,
"2321629","58402f8227ecb37adfc0ef418af69d3b918acbf56607323bcdf156730b6088cb553487533312b4e0bbe51813f1e3a8a20e4066f9fad5c9807b78892656daa0dd","2026-06-07T17:44:00.000","2","DRIVER",,"2214281",,"CHEVROLET","TRAIL BLAZER","IL","2024","UNKNOWN","SPORT UTILITY VEHICLE (SUV)","OTHER","E","PASSING/OVERTAKING",,,"1",,,,,,,,,,,"N","Y","Y","Y",,,,"SIDE-LEFT",,,,,,,,,,,,,,,,,,,,,,,,,,,,,,,,,
"2321694","d2110f0b862430d8ca4c213fe056a1ee07396f105ab29020ad9fb8bd3520d6b6d20db3fc517f3cfa73a0a1b3f1c4f01c1c7af983c7ce20fc537f6161ac7f2908","2026-06-07T17:30:00.000","1","DRIVER",,"2214342",,"UNKNOWN","OTHER (EXPLAIN IN NARRATIVE)",,,"UNKNOWN","UNKNOWN/NA","UNKNOWN/NA","UNKNOWN","UNKNOWN/NA",,,"1",,,,,,,,,,,,,,,,,"Y","UNKNOWN",,,,,,,,,,,,,,,,,,,,,,,,,,,,,,,,,
"2321695","d2110f0b862430d8ca4c213fe056a1ee07396f105ab29020ad9fb8bd3520d6b6d20db3fc517f3cfa73a0a1b3f1c4f01c1c7af983c7ce20fc537f6161ac7f2908","2026-06-07T17:30:00.000","2","PARKED",,"2214345",,"TOYOTA","HIGHLANDER","IL","2026","NONE","PASSENGER","PERSONAL","W","PARKED",,,"0",,,,,,,,,,,,,,"Y",,,,"SIDE-LEFT-FRONT",,,,,,,,,,,,,,,,,,,,,,,,,,,,,,,,,
"2321682","3f67ff6c2ca97c5112c649ed60a42d53cb6dd1e616afe6fdb1c57fb648b9bf9b8d61788b4cd29507808655e141f99ffec7f7e60ea4ca03e1228547ae5288998a","2026-06-07T17:25:00.000","1","DRIVER",,"2214326",,"NEW FLYER","OTHER (EXPLAIN IN NARRATIVE)","IL","2009","NONE","PASSENGER","CTA","E","TURNING LEFT",,,"1",,,,,,,,,,,,,"Y","Y",,,,"FRONT-LEFT-CORNER",,,,,,,,,,,,,,,,,,,,,,,,,,,,,,,,,
"2321683","3f67ff6c2ca97c5112c649ed60a42d53cb6dd1e616afe6fdb1c57fb648b9bf9b8d61788b4cd29507808655e141f99ffec7f7e60ea4ca03e1228547ae5288998a","2026-06-07T17:25:00.000","2","DRIVER",,"2214331",,"HONDA","ODYSSEY","IL","2024","NONE","PASSENGER","PERSONAL","E","TURNING LEFT",,,"1",,,,,,"Y","Y",,,,,,,,,,,"FRONT-RIGHT-CORNER",,,,,,,,,,,,,,,,,,,,,,,,,,,,,,,,,
"2321647","0de64812830a10d64688029ef4b65cf414cec85e36135cb06f6279ef295f08c87bc909bcdac267e8dee53ddfc005da02a69602451676db786f842cbc9f2e008c","2026-06-07T17:20:00.000","1","DRIVER",,"2214294",,"TOYOTA","CAMRY","IL","2011","NONE","PASSENGER","PERSONAL","N","STRAIGHT AHEAD","Y",,"1",,"CITY OF CHICAGO","POUND",,,,,,,,,,,"Y","Y",,,"FRONT-LEFT-CORNER",,,,,,,,,,,,,,,,,,,,,,,,,,,,,,,,,
"2321648","0de64812830a10d64688029ef4b65cf414cec85e36135cb06f6279ef295f08c87bc909bcdac267e8dee53ddfc005da02a69602451676db786f842cbc9f2e008c","2026-06-07T17:20:00.000","2","DRIVER",,"2214299",,"JEEP","PATRIOT","IL","2016","NONE","PASSENGER","PERSONAL","S","STRAIGHT AHEAD",,,"1",,,,,,,,,,,,"Y","Y","N",,,,"SIDE-LEFT",,,,,,,,,,,,,,,,,,,,,,,,,,,,,,,,,
"2321649","0de64812830a10d64688029ef4b65cf414cec85e36135cb06f6279ef295f08c87bc909bcdac267e8dee53ddfc005da02a69602451676db786f842cbc9f2e008c","2026-06-07T17:20:00.000","3","DRIVER","1","2214307",,"NISSAN","ALTIMA","IL","2016","NONE","PASSENGER","PERSONAL","N","STRAIGHT AHEAD","Y",,"2",,"PERSONAL TOWED",,,,,,,,,,"Y","Y","Y",,,,"SIDE-LEFT",,,,,,,,,,,,,,,,,,,,,,,,,,,,,,,,,
"2321597","34bf1d4844772b39d260e1a7b02433cc2348b99d57e4de7014b2866cd64444d8049f1f0d64f4eb4440b8ffe284187425a3e916ca53ac5b4692ddf173eb14905c","2026-06-07T17:20:00.000","1","DRIVER","4","2214243",,"LEXUS","GS300","IL","2006","UNKNOWN","PASSENGER","UNKNOWN/NA","SE","STRAIGHT AHEAD",,,"5",,,,,,,,,,,,,,"Y","Y","Y",,"FRONT-LEFT-CORNER",,,,,,,,,,,,,,,,,,,,,,,,,,,,,,,,,
"2321598","34bf1d4844772b39d260e1a7b02433cc2348b99d57e4de7014b2866cd64444d8049f1f0d64f4eb4440b8ffe284187425a3e916ca53ac5b4692ddf173eb14905c","2026-06-07T17:20:00.000","2","DRIVER","2","2214249",,"TOYOTA","SOLARA","IL","2004","UNKNOWN","PASSENGER","PERSONAL","SE","SLOW/STOP IN TRAFFIC",,,"3",,,,,,,,"Y","Y","Y",,,,,,,,"REAR-RIGHT-CORNER",,,,,,,,,,,,,,,,,,,,,,,,,,,,,,,,,
"2321607","c4ff427630f80a2b9b300b9395914686bc6053e2f8b152610f62487d4f9dba3ccc2fc12ee27212643779329056623f1cf823687531c35e9ebdf94b537be2cff5","2026-06-07T17:05:00.000","1","DRIVER",,"2214258",,"HYUNDAI","ELANTRA","IL","2013","UNKNOWN","PASSENGER","PERSONAL","S","STRAIGHT AHEAD",,,"1",,,,,,,,,,,,,,"Y","Y",,,"SIDE-LEFT-FRONT",,,,,,,,,,,,,,,,,,,,,,,,,,,,,,,,,
"2321608","c4ff427630f80a2b9b300b9395914686bc6053e2f8b152610f62487d4f9dba3ccc2fc12ee27212643779329056623f1cf823687531c35e9ebdf94b537be2cff5","2026-06-07T17:05:00.000","2","DRIVER",,"2214265",,"NISSAN","VERSA","IL","2007","UNKNOWN","PASSENGER","PERSONAL","S","STRAIGHT AHEAD",,,"1",,,,,"Y","Y",,,,,,,,,,,,"FRONT-RIGHT-CORNER",,,,,,,,,,,,,,,,,,,,,,,,,,,,,,,,,
"2322401","2b867c6a3f0024a4b87b6e18a0cfbe2801afd97477679598aa6aa09820e761f7f966c3b1c2d67af0f1c053a72babfb81cf9f798723bda73ac89edc1de4aba796","2026-06-07T17:00:00.000","1","DRIVER",,"2215011",,"UNKNOWN","OTHER (EXPLAIN IN NARRATIVE)",,,"UNKNOWN","UNKNOWN/NA","UNKNOWN/NA","UNKNOWN","UNKNOWN/NA",,,"1",,,,,,,,,,,,,,,,,"Y","UNKNOWN",,,,,,,,,,,,,,,,,,,,,,,,,,,,,,,,,
"2322402","2b867c6a3f0024a4b87b6e18a0cfbe2801afd97477679598aa6aa09820e761f7f966c3b1c2d67af0f1c053a72babfb81cf9f798723bda73ac89edc1de4aba796","2026-06-07T17:00:00.000","2","PARKED",,"2215012",,"HONDA","HR-V","IL","2024","UNKNOWN","SPORT UTILITY VEHICLE (SUV)","NOT IN USE","UNKNOWN","PARKED",,,"0",,,,,,,,,,,"Y","Y","Y",,,,,"REAR-LEFT-CORNER",,,,,,,,,,,,,,,,,,,,,,,,,,,,,,,,,
"2321624","9c908487b6b64ccc8ea0feac35b5568e31c58ff272c40ac2844d63f9400f0a6519ec4379b3d3ae1030237f67ec7068b290351330fa1fdd41e23ef895fb2894af","2026-06-07T17:00:00.000","1","DRIVER",,"2214275",,"VOLKSWAGEN","ATLAS","IL","2020","UNKNOWN","PASSENGER","PERSONAL","UNKNOWN","STRAIGHT AHEAD",,,"1",,,,,,,,,,,"Y","Y",,,,,,"SIDE-LEFT-REAR",,,,,,,,,,,,,,,,,,,,,,,,,,,,,,,,,
"2321625","9c908487b6b64ccc8ea0feac35b5568e31c58ff272c40ac2844d63f9400f0a6519ec4379b3d3ae1030237f67ec7068b290351330fa1fdd41e23ef895fb2894af","2026-06-07T17:00:00.000","2","DRIVER",,"2214286",,"INTERNATIONAL TRAILER CORPORATION","OTHER (EXPLAIN IN NARRATIVE)","IL","2018","UNKNOWN","TRACTOR W/ SEMI-TRAILER","OTHER","UNKNOWN","STRAIGHT AHEAD",,,"1",,,,,"Y",,,,,,,,,,,,,"FRONT-RIGHT-CORNER",,,,,,,,,,,,,,,,,,,,,,,,,,,,,,,,,
"2321632","bb99a00c1d6136f51ab75e21bbf963b9d3981f9f13fd9799c2b3b00b1cb487525c6ef131be6928d69fc1629b8761b4f088d4bb0fe77f74975a0ba9e55f6db933","2026-06-07T16:58:00.000","1","DRIVER",,"2214279",,"NISSAN","MURANO","IL","2010","UNKNOWN","PASSENGER","PERSONAL","N","SKIDDING/CONTROL LOSS","Y",,"1",,"INSURANCE","HOME",,"Y","Y",,,,,,,,"Y","Y","Y",,"FRONT",,,,,,,,,,,,,,,,,,,,,,,,,,,,,,,,,
"2321633","bb99a00c1d6136f51ab75e21bbf963b9d3981f9f13fd9799c2b3b00b1cb487525c6ef131be6928d69fc1629b8761b4f088d4bb0fe77f74975a0ba9e55f6db933","2026-06-07T16:58:00.000","2","PARKED","4","2214282",,"INFINITI","QX80","IL","2020","UNKNOWN","PASSENGER","PERSONAL","N","PARKED","Y",,"4",,"INSURANCE","HOME",,"Y",,,,"Y","Y","Y",,,,"Y","Y",,"TOTAL (ALL AREAS)",,,,,,,,,,,,,,,,,,,,,,,,,,,,,,,,,
"2321634","bb99a00c1d6136f51ab75e21bbf963b9d3981f9f13fd9799c2b3b00b1cb487525c6ef131be6928d69fc1629b8761b4f088d4bb0fe77f74975a0ba9e55f6db933","2026-06-07T16:58:00.000","3","PARKED",,"2214290",,"HONDA","CIVIC","IL","2015","UNKNOWN","PASSENGER","PERSONAL","N","PARKED",,,"0",,,,,,,,,"Y","Y","Y",,,,,,,"REAR",,,,,,,,,,,,,,,,,,,,,,,,,,,,,,,,,
"2321575","a1dcedd4e6303098ba52e581c10847c8a3235120006737a653b352f507bfc72fa83fa476eb279326434918c6a71e06819b9676a4c715261dabe65e7bc4da08ae","2026-06-07T16:55:00.000","1","DRIVER",,"2214229",,"PONTIAC","OTHER (EXPLAIN IN NARRATIVE)","IL","2004","NONE","PASSENGER","PERSONAL","E","STRAIGHT AHEAD",,,"1",,,,,,,,,,,,,,,,,"Y","UNKNOWN",,,,,,,,,,,,,,,,,,,,,,,,,,,,,,,,,
"2321576","a1dcedd4e6303098ba52e581c10847c8a3235120006737a653b352f507bfc72fa83fa476eb279326434918c6a71e06819b9676a4c715261dabe65e7bc4da08ae","2026-06-07T16:55:00.000","2","PARKED",,"2214234",,"GENERAL MOTORS CORPORATION (GMC)","OTHER (EXPLAIN IN NARRATIVE)","IL","2023","NONE","PICKUP","PERSONAL","E","PARKED",,,"0",,,,,,,,,,,,"Y","Y","Y",,,,"SIDE-LEFT",,,,,,,,,,,,,,,,,,,,,,,,,,,,,,,,,
"2321680","dabacbecf66454167d903b5b35421554bbe36dd0200bf2c6870963584642f5819c7d43504a5e50f7aace6cd4370be13a7d1138ed5226a0ff14d510d41f1772fb","2026-06-07T16:54:00.000","1","DRIVER",,"2214324",,"TOYOTA","4RUNNER","IL","2001","UNKNOWN","PASSENGER","PERSONAL","N","STRAIGHT AHEAD",,,"1",,,,,"Y",,,,,,,,,,,,,"FRONT-RIGHT-CORNER",,,,,,,,,,,,,,,,,,,,,,,,,,,,,,,,,
"2321681","dabacbecf66454167d903b5b35421554bbe36dd0200bf2c6870963584642f5819c7d43504a5e50f7aace6cd4370be13a7d1138ed5226a0ff14d510d41f1772fb","2026-06-07T16:54:00.000","2","PARKED",,"2214328",,"FORD","RANGER","IL","2010","NONE","PICKUP","PERSONAL","N","PARKED",,,"0",,,,,"Y",,,,,,,,,,"Y","Y",,"FRONT-LEFT-CORNER",,,,,,,,,,,,,,,,,,,,,,,,,,,,,,,,,
"2321588","d41efa54e71765cae65fce81352157e4325e54ff07e42540bd5b5f5005fbb2ce838656720d1a7de68b6721be7637f45499811cbee7d3a8487ecc6bddd4a1313f","2026-06-07T16:51:00.000","1","DRIVER",,"2214235",,"FORD","F150","IL","2005","NONE","PICKUP","PERSONAL","SE","AVOIDING VEHICLES/OBJECTS","Y",,"1",,"insurance",,,"Y","Y","Y","Y","Y",,,,,,"Y","Y",,"SIDE-RIGHT",,,,,,,,,,,,,,,,,,,,,,,,,,,,,,,,,
"2321609","21b6b494e0c7ea9c40497ac3c2b80b91568a88f5af0fcd095cbb1f650aba94c57b97d7a2e235bf381290a8b46d5df50365c76db517ba1459fb0bdd0f93de0c8c","2026-06-07T16:47:00.000","1","DRIVER",,"2214259",,"MERCEDES-BENZ","C300","IL","2018","UNKNOWN","PASSENGER","UNKNOWN/NA","E","STRAIGHT AHEAD","Y",,"1",,"CITY TOW","POUND 2",,"Y","Y",,,,,,,,"Y","Y","Y",,"FRONT",,,,,,,,,,,,,,,,,,,,,,,,,,,,,,,,,
"2321610","21b6b494e0c7ea9c40497ac3c2b80b91568a88f5af0fcd095cbb1f650aba94c57b97d7a2e235bf381290a8b46d5df50365c76db517ba1459fb0bdd0f93de0c8c","2026-06-07T16:47:00.000","2","DRIVER","1","2214268",,"FORD","OTHER (EXPLAIN IN NARRATIVE)","IL","2020","UNKNOWN","BUS UP TO 15 PASS.","OTHER","N","STRAIGHT AHEAD",,,"2",,,,"N",,,,,,,"Y","Y",,,,,,"UNKNOWN",,,,,,,,,,,,,,,,,,,,,,,,,,,,,,,,,
"2321593","d2472756ca0337cf90668983086f5b983f4c94955adc3eb666b190a2cbc5c5321493eff0f8eaf6e05338d7121a4ad7ed221a0e340f68f9026d54f0e7292477de","2026-06-07T16:47:00.000","1","DRIVER","1","2214238",,"CHEVROLET","OTHER (EXPLAIN IN NARRATIVE)","IL","2014","UNKNOWN","PASSENGER","PERSONAL","E","STRAIGHT AHEAD",,,"2",,,,,"Y",,,,,,,,,,"Y","Y",,"FRONT",,,,,,,,,,,,,,,,,,,,,,,,,,,,,,,,,
"2321594","d2472756ca0337cf90668983086f5b983f4c94955adc3eb666b190a2cbc5c5321493eff0f8eaf6e05338d7121a4ad7ed221a0e340f68f9026d54f0e7292477de","2026-06-07T16:47:00.000","2","DRIVER",,"2214239",,"FORD","EXPLORER","IL","2021","UNKNOWN","SPORT UTILITY VEHICLE (SUV)","POLICE","S","STRAIGHT AHEAD",,,"1",,,,,"Y","Y","Y",,,,,,,,,,,"SIDE-RIGHT",,,,,,,,,,,,,,,,,,,,,,,,,,,,,,,,,
"2321595","e8d8990f8667a33e75dc82ded9c13e33f298173048686266fb7ed86be032420601cb0c6b3f3ebf640d5ff49a95deac780d0fb80be1f664418d82b445682b50c8","2026-06-07T16:45:00.000","1","DRIVER",,"2214248",,"CHEVROLET","BOLT","IL","2022","UNKNOWN","PASSENGER","PERSONAL","N","PASSING/OVERTAKING",,,"1",,,,,,,,,,,,,,,"Y",,,"FRONT-LEFT-CORNER",,,,,,,,,,,,,,,,,,,,,,,,,,,,,,,,,
"2321596","e8d8990f8667a33e75dc82ded9c13e33f298173048686266fb7ed86be032420601cb0c6b3f3ebf640d5ff49a95deac780d0fb80be1f664418d82b445682b50c8","2026-06-07T16:45:00.000","2","DRIVER",,"2214255",,"NISSAN","ROGUE","IL","2011","UNKNOWN","SPORT UTILITY VEHICLE (SUV)","PERSONAL","N","STRAIGHT AHEAD",,,"1",,,,,,,,,"Y","Y",,,,,,,,"REAR-RIGHT-CORNER",,,,,,,,,,,,,,,,,,,,,,,,,,,,,,,,,
"2321567","07acffcc207fd431cffc6b8debc412d4e59dba6ff873784eb3a816025ea236632bd79114cd381904462f9f0ade7c019c27a02fcabeeeec23742f015af444363b","2026-06-07T16:40:00.000","1","DRIVER",,"2214209",,"LINCOLN","MKZ","IN","2010","UNKNOWN","PASSENGER","UNKNOWN/NA","S","UNKNOWN/NA",,,"1",,,,,,,,,,,,,,,,,"Y","UNKNOWN",,,,,,,,,,,,,,,,,,,,,,,,,,,,,,,,,
"2321568","07acffcc207fd431cffc6b8debc412d4e59dba6ff873784eb3a816025ea236632bd79114cd381904462f9f0ade7c019c27a02fcabeeeec23742f015af444363b","2026-06-07T16:40:00.000","2","DRIVER",,"2214215",,"NISSAN","ROGUE","IL","2025","UNKNOWN","SPORT UTILITY VEHICLE (SUV)","PERSONAL","S","STRAIGHT AHEAD",,,"1",,,,,,,,"Y","Y",,,,,,,,,"REAR-RIGHT-CORNER",,,,,,,,,,,,,,,,,,,,,,,,,,,,,,,,,
"2321599","eb0b227c4756a5c8955070a1b0f0fae327359e4e0e424ea952948764d647978713eac4e1a5e1cedd1a71913b417632654f6176009dd10be3de0b62e546034f38","2026-06-07T16:40:00.000","1","DRIVERLESS",,"2214245",,"HYUNDAI","ELANTRA","IL","2016","UNKNOWN","PASSENGER","PERSONAL","N","STRAIGHT AHEAD",,,"0",,,,,"Y",,,,,,,,,,"Y","Y",,"FRONT",,,,,,,,,,,,,,,,,,,,,,,,,,,,,,,,,
"2321600","eb0b227c4756a5c8955070a1b0f0fae327359e4e0e424ea952948764d647978713eac4e1a5e1cedd1a71913b417632654f6176009dd10be3de0b62e546034f38","2026-06-07T16:40:00.000","2","PARKED",,"2214250",,"HUMMER","H3","IL","2007","UNKNOWN","PASSENGER","PERSONAL","N","PARKED",,,"0",,,,,,,,,,"Y",,,,,,,,"REAR",,,,,,,,,,,,,,,,,,,,,,,,,,,,,,,,,
"2321583","e08c365ea9b8dd0b40d868242843f42adc8ef9fa914bfce7f6f098cb614d5d33d3f7bd3e893c6e412e9d03ac111cccf27d5fe3ea2f78e10882011b1fd6d3d77f","2026-06-07T16:30:00.000","1","DRIVER",,"2214237",,"TOYOTA","CAMRY","IL","2026","UNKNOWN","PASSENGER","PERSONAL","E","CHANGING LANES",,,"1",,,,,"Y",,,,,,,,,,,,,"FRONT-RIGHT-CORNER",,,,,,,,,,,,,,,,,,,,,,,,,,,,,,,,,
"2321584","e08c365ea9b8dd0b40d868242843f42adc8ef9fa914bfce7f6f098cb614d5d33d3f7bd3e893c6e412e9d03ac111cccf27d5fe3ea2f78e10882011b1fd6d3d77f","2026-06-07T16:30:00.000","2","DRIVER",,"2214244",,"GENERAL MOTORS CORPORATION (GMC)","OTHER (EXPLAIN IN NARRATIVE)","IL","2022","UNKNOWN","TRUCK - SINGLE UNIT","COMMERCIAL - SINGLE UNIT","E","STRAIGHT AHEAD","Y",,"1",,"PRIVET TOW","UNK",,,,,,,,"Y","Y",,,,,,"SIDE-LEFT-REAR",,,,,,,,,,,,,,,,,,,,,,,,,,,,,,,,,
"2321579","05dc59a771d66976fbaca327fadb4ca3b6390f465ac7865d46cadad5a35f210c1fc07988f2ea8a56a3504868b5e6971d52a00feeb9fd1619005d2ef1db6aad10","2026-06-07T16:29:00.000","1","DRIVER",,"2214231",,"CHEVROLET","IMPALA",,,"UNKNOWN","PASSENGER","UNKNOWN/NA","W","STRAIGHT AHEAD",,,"1",,,,,,,,,,,,,"Y","Y","Y",,"N","SIDE-LEFT-FRONT",,,,,,,,,,,,,,,,,,,,,,,,,,,,,,,,,
"2321580","05dc59a771d66976fbaca327fadb4ca3b6390f465ac7865d46cadad5a35f210c1fc07988f2ea8a56a3504868b5e6971d52a00feeb9fd1619005d2ef1db6aad10","2026-06-07T16:29:00.000","2","DRIVER","4","2214240",,"TOYOTA","CAMRY","IL","2023","NONE","PASSENGER","PERSONAL","N","STRAIGHT AHEAD",,,"5",,,,,"Y",,,,,,,,,,"Y","Y",,"FRONT",,,,,,,,,,,,,,,,,,,,,,,,,,,,,,,,,
"2321591","0ddbc9296a7aa1ca00b62ffe0932815ffe58acf680d5ffbb35660effc54ee4a00d97d56ff5ab4a7f1dfcaa3b549cf6b200e497445e4d8cfcad14567055acdd91","2026-06-07T16:29:00.000","1","BICYCLE",,,,,,,,,,,,,,,,,,,,,,,,,,,,,,,,,,,,,,,,,,,,,,,,,,,,,,,,,,,,,,,,,,
"2321592","0ddbc9296a7aa1ca00b62ffe0932815ffe58acf680d5ffbb35660effc54ee4a00d97d56ff5ab4a7f1dfcaa3b549cf6b200e497445e4d8cfcad14567055acdd91","2026-06-07T16:29:00.000","2","DRIVER","1","2214246",,"TOYOTA","CAMRY","IL","2012","UNKNOWN","PASSENGER","PERSONAL","S","STRAIGHT AHEAD",,,"2",,,,,"Y",,,,,,,,,,"Y","Y",,"FRONT-LEFT-CORNER",,,,,,,,,,,,,,,,,,,,,,,,,,,,,,,,,
"2321652","7fd752f6fe521d06d26eb62962aaf8ffe7d6093fd2ad14b068196129fda19d7b10196813d7dab05131f64670e3ce2e55ca2ab32c8fc851ddefbacb63ab8ef025","2026-06-07T16:19:00.000","1","DRIVER",,"2214297",,"YAMAHA","YAMAHA","IL",,"UNKNOWN","MOTORCYCLE (OVER 150CC)","PERSONAL","W","UNKNOWN/NA",,,"1",,,,,,,,,,,,,,,"Y",,,"SIDE-LEFT",,,,,,,,,,,,,,,,,,,,,,,,,,,,,,,,,
"2321611","c9d2dd500ad2a966af7bf532809e18b4316c2b2a1f07be0b4e6500d58a35bc518f746915a3a489ba1b21afc26fb4eec7957fed00362360ef697aeefffa24918e","2026-06-07T16:18:00.000","1","DRIVER",,"2214257",,"INFINITI","OTHER (EXPLAIN IN NARRATIVE)","IL","2016","UNKNOWN","PASSENGER","PERSONAL","E","STRAIGHT AHEAD",,,"1",,,,,"Y","Y","Y","Y","Y",,,,,,,,"Y","SIDE-RIGHT",,,,,,,,,,,,,,,,,,,,,,,,,,,,,,,,,
"2321612","c9d2dd500ad2a966af7bf532809e18b4316c2b2a1f07be0b4e6500d58a35bc518f746915a3a489ba1b21afc26fb4eec7957fed00362360ef697aeefffa24918e","2026-06-07T16:18:00.000","2","PARKED",,"2214262",,"UNKNOWN","OTHER (EXPLAIN IN NARRATIVE)","IL","2017","UNKNOWN","TRUCK - SINGLE UNIT","OTHER","UNKNOWN","PARKED",,,"0",,,,,,,,,,,"Y","Y","Y","Y","Y",,"Y","SIDE-LEFT",,,,,,,,,,,,,,,,,,,,,,,,,,,,,,,,,
"2322403","b5e65f7eaea40bfe6ccab78e1404eb19db2cabdcc5e4722419e94c47603c0d1a778a4c33c4673b5daa9306c25a3eeebb8809d787d804e8582d410c0e95e94c5d","2026-06-07T16:15:00.000","1","DRIVER",,"2215015",,"MITSUBISHI","ENDEAVOR","IL","2011","UNKNOWN","UNKNOWN/NA","UNKNOWN/NA","E","STRAIGHT AHEAD",,,"1",,,,,"Y","Y",,,,,,,,,,"Y",,"FRONT-RIGHT-CORNER",,,,,,,,,,,,,,,,,,,,,,,,,,,,,,,,,
"2322404","b5e65f7eaea40bfe6ccab78e1404eb19db2cabdcc5e4722419e94c47603c0d1a778a4c33c4673b5daa9306c25a3eeebb8809d787d804e8582d410c0e95e94c5d","2026-06-07T16:15:00.000","2","PARKED",,"2215025",,"CHEVROLET","MALIBU","IL","2022","NONE","PASSENGER","PERSONAL","E","PARKED",,,"0",,,,,,,,,,,"Y","Y","Y","Y","Y",,,"SIDE-LEFT",,,,,,,,,,,,,,,,,,,,,,,,,,,,,,,,,
"2321867","c7050d61ba00d2fe3a6a6210ca4c170d1db60abb29b44797a11ca0941552d0bc6a3d0568a3de72396511a3ece66d65f2048791847afe535593bdcbb54fb70606","2026-06-07T16:15:00.000","1","DRIVER",,"2214505",,"UNKNOWN","OTHER (EXPLAIN IN NARRATIVE)","IL",,"UNKNOWN","PASSENGER","UNKNOWN/NA","N","STRAIGHT AHEAD",,,"1",,,,,"N",,,,,,,,,,"N","Y",,"FRONT",,,,,,,,,,,,,,,,,,,,,,,,,,,,,,,,,
"2321868","c7050d61ba00d2fe3a6a6210ca4c170d1db60abb29b44797a11ca0941552d0bc6a3d0568a3de72396511a3ece66d65f2048791847afe535593bdcbb54fb70606","2026-06-07T16:15:00.000","2","DRIVER",,"2214507",,"BMW","X3","IL","2022","NONE","PASSENGER","PERSONAL","N","STRAIGHT AHEAD",,,"1",,,,,,,,,"Y","Y","Y",,,,,,,"REAR",,,,,,,,,,,,,,,,,,,,,,,,,,,,,,,,,
"2321569","b60c81c8a9f1d40f71dea63861054b16c84e81eb95b41dfe04790bdaa602dee5fc8991ea0777edb7dd0f3b8093afeadf13f9917a2616ec1db30b9772b1fdc420","2026-06-07T16:09:00.000","1","DRIVER",,"2214214",,"TOYOTA","RAV4","IL","2025","UNKNOWN","SPORT UTILITY VEHICLE (SUV)","TAXI/FOR HIRE","W","STRAIGHT AHEAD",,,"1",,,,"N",,,,,,,,,,,,,"Y","UNKNOWN",,,,,,,,,,,,,,,,,,,,,,,,,,,,,,,,,
"2321570","b60c81c8a9f1d40f71dea63861054b16c84e81eb95b41dfe04790bdaa602dee5fc8991ea0777edb7dd0f3b8093afeadf13f9917a2616ec1db30b9772b1fdc420","2026-06-07T16:09:00.000","2","PARKED",,"2214219",,"HONDA","ACCORD","IL","2015","UNKNOWN","PASSENGER","UNKNOWN/NA","W","PARKED",,,"0",,,,,,,"Y",,,,,,,,,,,"SIDE-RIGHT",,,,,,,,,,,,,,,,,,,,,,,,,,,,,,,,,
"2322160","05e13d6d0c2ffb36e42056dfd789eeab56fdd81629a402da111ecdc70590946bc88eee13cf76425079b56b056404fd7f368fd491e15d8f9f13053baf8ba57aba","2026-06-07T16:00:00.000","1","DRIVER",,"2214769",,"JEEP","PATRIOT","IL","2006","UNKNOWN","SPORT UTILITY VEHICLE (SUV)","UNKNOWN/NA","N","CHANGING LANES",,,"1",,,,,,,,,,,,,,,,,"Y","FRONT-LEFT-CORNER",,,,,,,,,,,,,,,,,,,,,,,,,,,,,,,,,