"crash_unit_id","crash_record_id","crash_date","unit_no","unit_type","num_passengers","vehicle_id","cmrc_veh_i","make","model","lic_plate_state","vehicle_year","vehicle_defect","vehicle_type","vehicle_use","travel_direction","maneuver","towed_i","fire_i","occupant_cnt","exceed_speed_limit_i","towed_by","towed_to","area_00_i","area_01_i","area_02_i","area_03_i","area_04_i","area_05_i","area_06_i","area_07_i","area_08_i","area_09_i","area_10_i","area_11_i","area_12_i","area_99_i","first_contact_point","cmv_id","usdot_no","ccmc_no","ilcc_no","commercial_src","gvwr","carrier_name","carrier_state","carrier_city","hazmat_placards_i","hazmat_name","un_no","hazmat_present_i","hazmat_report_i","hazmat_report_no","mcs_report_i","mcs_report_no","hazmat_vio_cause_crash_i","mcs_vio_cause_crash_i","idot_permit_no","wide_load_i","trailer1_width","trailer2_width","trailer1_length","trailer2_length","total_vehicle_length","axle_cnt","vehicle_config","cargo_body_type","load_type","hazmat_out_of_service_i","mcs_out_of_service_i","hazmat_class"
"2322161","05e13d6d0c2ffb36e42056dfd789eeab56fdd81629a402da111ecdc70590946bc88eee13cf76425079b56b056404fd7f368fd491e15d8f9f13053baf8ba57aba","2026-06-07T16:00:00.000","2","DRIVER",,"2214775",,"VOLKSWAGEN","JETTA","IL","2021","NONE","PASSENGER","PERSONAL","N","STRAIGHT AHEAD",,,"1",,,,,,,"Y",,,,,,,,,,,"SIDE-RIGHT",,,,,,,,,,,,,,,,,,,,,,,,,,,,,,,,,
"2321563","4a8e066e9c13d15ceb44ba99c8d31ede6cf3521be2c3f501ffcc52a040a9572a15e63d35eeb4c2e3657bfe5bdaa7baf094fc2a4c407bd0133325c6efdeb04c50","2026-06-07T16:00:00.000","1","DRIVER",,"2214210",,"NISSAN","SENTRA","IL","2016","NONE","PASSENGER","PERSONAL","N","CHANGING LANES",,,"1",,,,,"Y",,,,,,,,,,,,,"FRONT-RIGHT-CORNER",,,,,,,,,,,,,,,,,,,,,,,,,,,,,,,,,
"2321564","4a8e066e9c13d15ceb44ba99c8d31ede6cf3521be2c3f501ffcc52a040a9572a15e63d35eeb4c2e3657bfe5bdaa7baf094fc2a4c407bd0133325c6efdeb04c50","2026-06-07T16:00:00.000","2","DRIVER",,"2214216",,"BUICK","ENCORE","IL","2024","NONE","SPORT UTILITY VEHICLE (SUV)","OTHER","N","STRAIGHT AHEAD",,,"1",,,,,,,,,,,,,"Y",,,,,"SIDE-LEFT",,,,,,,,,,,,,,,,,,,,,,,,,,,,,,,,,
"2321622","f6aae757271e94978d45d230f8dc26f3e130f9c446a2ba0bea38ada7cbdb6c5d6e9bf229468c92a20d563d34648b5300afe4b4be14f30f4205a7c70c02dc8d88","2026-06-07T15:59:00.000","1","DRIVER",,"2214298",,"UNKNOWN","MOTORIZED","IL",,"UNKNOWN","UNKNOWN/NA","UNKNOWN/NA","SE","STRAIGHT AHEAD",,,"1",,,,,"Y","Y","Y",,,,,,,,,,,"SIDE-RIGHT-FRONT",,,,,,,,,,,,,,,,,,,,,,,,,,,,,,,,,
"2321623","f6aae757271e94978d45d230f8dc26f3e130f9c446a2ba0bea38ada7cbdb6c5d6e9bf229468c92a20d563d34648b5300afe4b4be14f30f4205a7c70c02dc8d88","2026-06-07T15:59:00.000","2","DRIVER","1","2214304",,"HONDA","CIVIC","IL","2016","UNKNOWN","SPORT UTILITY VEHICLE (SUV)","PERSONAL","SE","STRAIGHT AHEAD",,,"2",,,,,,,,,,,"Y","Y","Y","Y","Y",,,"SIDE-LEFT",,,,,,,,,,,,,,,,,,,,,,,,,,,,,,,,,
"2321615","eb3f6482681bb1273c4a258005940a16b93e05913cf49c9c4864d9d47952b53e29d70b0ec15bdeebcb787065c16aadd9fc19520a40d876b88e8ff4c034b679ee","2026-06-07T15:57:00.000","1","DRIVER",,"2214264",,"UNKNOWN","MOTORIZED",,,"UNKNOWN","UNKNOWN/NA","UNKNOWN/NA","W","TURNING LEFT",,,"1",,,,,,,,,,,,,,,,,,"NONE",,,,,,,,,,,,,,,,,,,,,,,,,,,,,,,,,
"2321616","eb3f6482681bb1273c4a258005940a16b93e05913cf49c9c4864d9d47952b53e29d70b0ec15bdeebcb787065c16aadd9fc19520a40d876b88e8ff4c034b679ee","2026-06-07T15:57:00.000","2","DRIVER","2","2214270",,"CHEVROLET","EQUINOX","IL","2018","UNKNOWN","SPORT UTILITY VEHICLE (SUV)","PERSONAL","E","STRAIGHT AHEAD","Y",,"3",,"PRIVATE TOW",,,"Y","Y","Y","Y","Y",,,,,,"Y","Y",,"SIDE-RIGHT",,,,,,,,,,,,,,,,,,,,,,,,,,,,,,,,,
"2321617","eb3f6482681bb1273c4a258005940a16b93e05913cf49c9c4864d9d47952b53e29d70b0ec15bdeebcb787065c16aadd9fc19520a40d876b88e8ff4c034b679ee","2026-06-07T15:57:00.000","3","PARKED",,"2214274",,"KIA","OTHER (EXPLAIN IN NARRATIVE)","IL","2023","NONE","VAN/MINI-VAN","NOT IN USE","W","PARKED",,,"0",,,,,,,,,,,"Y","Y","Y",,,,,"SIDE-LEFT-REAR",,,,,,,,,,,,,,,,,,,,,,,,,,,,,,,,,
"2322070","b38986c6d3d23a7ffc0c21f825b085f674731bac12021ace9bbc605bc40fe6ebb01466c55f732cf4197c7bb2551eb595b89cf4c864b1664c1d968f766558e23e","2026-06-07T15:50:00.000","1","DRIVER",,"2214683",,"UNKNOWN","OTHER (EXPLAIN IN NARRATIVE)","IL",,"UNKNOWN","UNKNOWN/NA","UNKNOWN/NA","UNKNOWN","STRAIGHT AHEAD",,,"1",,,,,,,,,,,,,,,,,"Y","SIDE-RIGHT",,,,,,,,,,,,,,,,,,,,,,,,,,,,,,,,,
"2322071","b38986c6d3d23a7ffc0c21f825b085f674731bac12021ace9bbc605bc40fe6ebb01466c55f732cf4197c7bb2551eb595b89cf4c864b1664c1d968f766558e23e","2026-06-07T15:50:00.000","2","PARKED",,"2214688",,"CHEVROLET","TRAVERSE","IL","2014","NONE","PASSENGER","PERSONAL","UNKNOWN","PARKED",,,"0",,,,,,,,,,,,,"Y",,,,,"SIDE-LEFT",,,,,,,,,,,,,,,,,,,,,,,,,,,,,,,,,
"2321565","b774e5da5d0d52fc62a9327a9cbab8c626b1d984c9127e27f5cc2d3e7885475fd28bbb6b238966cfcf311c0f040c72444fb9673ee4208910ed68af164a561d38","2026-06-07T15:41:00.000","1","DRIVER",,"2214211",,"CHEVROLET","MALIBU","IL","2020","UNKNOWN","PASSENGER","UNKNOWN/NA","W","STRAIGHT AHEAD",,,"1",,,,,,,,,,,,,,,,,"Y","UNKNOWN",,,,,,,,,,,,,,,,,,,,,,,,,,,,,,,,,
"2321566","b774e5da5d0d52fc62a9327a9cbab8c626b1d984c9127e27f5cc2d3e7885475fd28bbb6b238966cfcf311c0f040c72444fb9673ee4208910ed68af164a561d38","2026-06-07T15:41:00.000","2","DRIVER",,"2214222",,"TESLA","MODEL Y",,"2024","UNKNOWN","PASSENGER","UNKNOWN/NA","W","STRAIGHT AHEAD",,,"1",,,,,,,,,,"Y",,,,,,,,"REAR",,,,,,,,,,,,,,,,,,,,,,,,,,,,,,,,,
"2321639","30502a17864b6498e36e67a14714086b7e8b31026aceaf967f918d3872a2f052dacfaa6c1c95ce84b21802260e167c64daa875da18c7d9781053430c23e1aea2","2026-06-07T15:40:00.000","1","DRIVER",,"2214314",,"CADILLAC","XT4","IL","2022","UNKNOWN","SPORT UTILITY VEHICLE (SUV)","PERSONAL","S","TURNING RIGHT",,,"1",,,,,,,,,,,,,,,,,,"SIDE-RIGHT-REAR",,,,,,,,,,,,,,,,,,,,,,,,,,,,,,,,,
"2321640","30502a17864b6498e36e67a14714086b7e8b31026aceaf967f918d3872a2f052dacfaa6c1c95ce84b21802260e167c64daa875da18c7d9781053430c23e1aea2","2026-06-07T15:40:00.000","2","DRIVER",,"2214317",,"CHEVROLET","TRAVERSE","IL","2019","UNKNOWN","SPORT UTILITY VEHICLE (SUV)","PERSONAL","UNKNOWN","TURNING RIGHT",,,"1",,,,,,,,,,,,,,,"Y",,,"FRONT-LEFT-CORNER",,,,,,,,,,,,,,,,,,,,,,,,,,,,,,,,,
"2321525","9dbfa0f5c40f7952267162abdcf4b57f805501b86296004ab695ce87d90363a529d10f1534b5e2cc37a90e6ff85bdb6cca8d3a5dec2af9c73d0bf9d8e3c3125e","2026-06-07T15:34:00.000","1","DRIVER",,"2214185",,"VOLKSWAGEN","JETTA","IL","2021","NONE","PASSENGER","PERSONAL","N","STRAIGHT AHEAD",,,"1",,,,,,,,,,,,,,,,"Y",,"FRONT",,,,,,,,,,,,,,,,,,,,,,,,,,,,,,,,,
"2321526","9dbfa0f5c40f7952267162abdcf4b57f805501b86296004ab695ce87d90363a529d10f1534b5e2cc37a90e6ff85bdb6cca8d3a5dec2af9c73d0bf9d8e3c3125e","2026-06-07T15:34:00.000","2","DRIVER","1","2214173",,"HONDA","CIVIC","IL","2023","NONE","PASSENGER","PERSONAL","N","STRAIGHT AHEAD",,,"2",,,,,,,,,,"Y",,,,,,"Y",,"REAR",,,,,,,,,,,,,,,,,,,,,,,,,,,,,,,,,
"2321527","9dbfa0f5c40f7952267162abdcf4b57f805501b86296004ab695ce87d90363a529d10f1534b5e2cc37a90e6ff85bdb6cca8d3a5dec2af9c73d0bf9d8e3c3125e","2026-06-07T15:34:00.000","3","DRIVER",,"2214182",,"CHEVROLET","COBALT","IL","2010","NONE","PASSENGER","PERSONAL","N","STRAIGHT AHEAD",,,"1",,,,,,,,,,"Y",,,,,,,,"REAR",,,,,,,,,,,,,,,,,,,,,,,,,,,,,,,,,
"2321547","0483846376fafbe3a6125f2db7ff01d3649200d3cece081d70f72add35f6020e270bd7334ff35063a32328caee09ed8ef7d378d1820d4ec683aac78e5a276914","2026-06-07T15:30:00.000","1","DRIVER",,"2214212",,"CHEVROLET","EQUINOX","IL","2018","UNKNOWN","SPORT UTILITY VEHICLE (SUV)","PERSONAL","W","STRAIGHT AHEAD",,,"1",,,,,"Y",,,,,,,,,,"Y","Y","Y","FRONT",,,,,,,,,,,,,,,,,,,,,,,,,,,,,,,,,
"2321548","0483846376fafbe3a6125f2db7ff01d3649200d3cece081d70f72add35f6020e270bd7334ff35063a32328caee09ed8ef7d378d1820d4ec683aac78e5a276914","2026-06-07T15:30:00.000","2","DRIVER","1","2214221",,"HONDA","CR-V","IL","2026","UNKNOWN","SPORT UTILITY VEHICLE (SUV)","PERSONAL","W","SLOW/STOP IN TRAFFIC",,,"2",,,,,,,,,"Y","Y","Y",,,,,,"Y","REAR",,,,,,,,,,,,,,,,,,,,,,,,,,,,,,,,,
"2321533","4d79999f10d9ff5d15cd2c05dd1f7e469170d1f08513c747d4929de7d9977019708d52148783986c27dba7581d60a49339431c71a2a2b82751643f11eb11d54d","2026-06-07T15:30:00.000","1","DRIVER",,"2214184",,"UNKNOWN","OTHER (EXPLAIN IN NARRATIVE)",,,"UNKNOWN","UNKNOWN/NA","UNKNOWN/NA","E","STRAIGHT AHEAD",,,"1",,,,,,,,,,,,,,,,,"Y","FRONT",,,,,,,,,,,,,,,,,,,,,,,,,,,,,,,,,
"2321534","4d79999f10d9ff5d15cd2c05dd1f7e469170d1f08513c747d4929de7d9977019708d52148783986c27dba7581d60a49339431c71a2a2b82751643f11eb11d54d","2026-06-07T15:30:00.000","2","DRIVER",,"2214189",,"FORD","ESCAPE","IL","2019","UNKNOWN","UNKNOWN/NA","PERSONAL","E","STRAIGHT AHEAD",,,"1",,,,,,,,,"Y","Y","Y",,,,,,,"REAR",,,,,,,,,,,,,,,,,,,,,,,,,,,,,,,,,
"2321535","4d79999f10d9ff5d15cd2c05dd1f7e469170d1f08513c747d4929de7d9977019708d52148783986c27dba7581d60a49339431c71a2a2b82751643f11eb11d54d","2026-06-07T15:30:00.000","3","DRIVER",,"2214193",,"TOYOTA","RAV4","IL","2018","UNKNOWN","SPORT UTILITY VEHICLE (SUV)","UNKNOWN/NA","E","STRAIGHT AHEAD",,,"1",,,,,,,,,"Y","Y","Y",,,,,,,"REAR",,,,,,,,,,,,,,,,,,,,,,,,,,,,,,,,,
"2321536","4d79999f10d9ff5d15cd2c05dd1f7e469170d1f08513c747d4929de7d9977019708d52148783986c27dba7581d60a49339431c71a2a2b82751643f11eb11d54d","2026-06-07T15:30:00.000","4","DRIVER",,"2214195",,"TOYOTA","CAMRY","IL","2017","UNKNOWN","UNKNOWN/NA","UNKNOWN/NA","E","UNKNOWN/NA",,,"1",,,,,,,,,"Y","Y","Y",,,,,,,"NONE",,,,,,,,,,,,,,,,,,,,,,,,,,,,,,,,,
"2321557","85f3246ffe448108905468d9fdd4f3a367a14ffbc19a516bae73ea59ef8d214371fd97b0fcad3aa62d4177f7ffc2f32a59435badbbd5b8fb71c8d3c52975f60b","2026-06-07T15:20:00.000","1","DRIVER",,"2214199",,"JEEP","WRANGLER","IL",,"NONE","SPORT UTILITY VEHICLE (SUV)","UNKNOWN/NA","S","STRAIGHT AHEAD",,,"1",,,,,,,,,,,,,"N","N","N",,"Y","UNKNOWN",,,,,,,,,,,,,,,,,,,,,,,,,,,,,,,,,
"2321558","85f3246ffe448108905468d9fdd4f3a367a14ffbc19a516bae73ea59ef8d214371fd97b0fcad3aa62d4177f7ffc2f32a59435badbbd5b8fb71c8d3c52975f60b","2026-06-07T15:20:00.000","2","PARKED",,"2214204",,"PORSCHE","PANAMERA","IL","2011","NONE","PASSENGER","PERSONAL","S","PARKED",,,"0",,,,,,,,"Y","Y",,,,,,,,,"REAR-RIGHT-CORNER",,,,,,,,,,,,,,,,,,,,,,,,,,,,,,,,,
"2321508","5dc4c889b197ff6d2eedbcb0475e5819a92a4cde5d58760f3a66ce0b49050a7f048c932018858f92dd14d9d9be8f5fafab5b70605bbffe92aa702d25c9807250","2026-06-07T15:02:00.000","1","DRIVER","1","2214160",,"VOLVO","XC60","IL","2018","NONE","SPORT UTILITY VEHICLE (SUV)","PERSONAL","N","TURNING LEFT",,,"2",,,,,"Y",,,,,,,,,,,,,"FRONT-RIGHT-CORNER",,,,,,,,,,,,,,,,,,,,,,,,,,,,,,,,,
"2321509","5dc4c889b197ff6d2eedbcb0475e5819a92a4cde5d58760f3a66ce0b49050a7f048c932018858f92dd14d9d9be8f5fafab5b70605bbffe92aa702d25c9807250","2026-06-07T15:02:00.000","2","DRIVER","1","2214165",,"CHEVROLET","TRAX","IL","2025","NONE","SPORT UTILITY VEHICLE (SUV)","PERSONAL","W","STRAIGHT AHEAD",,,"2",,,,,,,,,,,"Y","Y",,,,,,"SIDE-LEFT-REAR",,,,,,,,,,,,,,,,,,,,,,,,,,,,,,,,,
"2321944","4bba3b9b5fb2a6aaf5efbe923257ebb05d59280079176a81bad7ec761c4ab040fd6730faad8b3437985b4af8c679bd865e4b1e71171259e1c4f1791866574799","2026-06-07T15:00:00.000","1","DRIVER",,"2214566",,"UNKNOWN","MOTORIZED",,,"UNKNOWN","UNKNOWN/NA","UNKNOWN/NA","UNKNOWN","UNKNOWN/NA",,,"1",,,,,,,,,,,,,,,,,"Y","UNKNOWN",,,,,,,,,,,,,,,,,,,,,,,,,,,,,,,,,
"2321945","4bba3b9b5fb2a6aaf5efbe923257ebb05d59280079176a81bad7ec761c4ab040fd6730faad8b3437985b4af8c679bd865e4b1e71171259e1c4f1791866574799","2026-06-07T15:00:00.000","2","PARKED",,"2214574",,"JEEP","GRAND CHEROKEE","IL","2017","UNKNOWN","PASSENGER","NOT IN USE","S","PARKED",,,"0",,,,,,,,,,,,,,"Y","Y",,,"FRONT-LEFT-CORNER",,,,,,,,,,,,,,,,,,,,,,,,,,,,,,,,,
"2321505","7721f18d950707e8c9f1f536e06c7a7971a52d6c76f6bf82b90d52f1a21e83da2badacd6e393967b6b0d75cbd1ac9d492a3e4407c46e4a62e31e546930d4770b","2026-06-07T15:00:00.000","1","DRIVER",,"2214163",,"GREAT DANE TRAILERS INC.","GREAT DANE TRAILERS INC.","IL","2004","UNKNOWN","TRACTOR W/O SEMI-TRAILER","OTHER","E","STRAIGHT AHEAD","Y",,"1",,"PRIVATE",,,,,,,,,,,,,,,,"TOP",,,,,,,,,,,,,,,,,,,,,,,,,,,,,,,,,
"2321561","9c1deeb31ae61f006da396a2355282c2174346f952450c2a81225c1621bb61c09b6a1a7fa3ac5f9ff8597d1ac6e8a1189c8997c9f7802d796f68e345a544c542","2026-06-07T14:55:00.000","1","DRIVER",,"2214203",,"CHEVROLET","EQUINOX","IL","2013","NONE","PASSENGER","PERSONAL","E","STRAIGHT AHEAD",,,"1",,,,,,,,,,,,,,,,,"Y","FRONT",,,,,,,,,,,,,,,,,,,,,,,,,,,,,,,,,
"2321562","9c1deeb31ae61f006da396a2355282c2174346f952450c2a81225c1621bb61c09b6a1a7fa3ac5f9ff8597d1ac6e8a1189c8997c9f7802d796f68e345a544c542","2026-06-07T14:55:00.000","2","DRIVER","1","2214206",,"LEXUS","ES250","IL","2014","UNKNOWN","PASSENGER","PERSONAL","N","TURNING RIGHT",,,"2",,,,,,,,,,,,,,"Y","Y",,,"FRONT-LEFT-CORNER",,,,,,,,,,,,,,,,,,,,,,,,,,,,,,,,,
"2321544","a07058df3effd55fc8d2bc5c87d8d5d8e2ca355d57c21a86beb1fe0e7af73ec50fecfca5bb97de0492d29bf4dfc51180cb9066fd95b9335963c843b7c03177d9","2026-06-07T14:40:00.000","1","DRIVER",,"2214196",,"CHEVROLET","TAHOE","IL","2015","NONE","PASSENGER","PERSONAL","W","STRAIGHT AHEAD",,,"1",,,,,,"N","Y","Y",,,,,,,,,,"SIDE-RIGHT-FRONT",,,,,,,,,,,,,,,,,,,,,,,,,,,,,,,,,
"2321545","a07058df3effd55fc8d2bc5c87d8d5d8e2ca355d57c21a86beb1fe0e7af73ec50fecfca5bb97de0492d29bf4dfc51180cb9066fd95b9335963c843b7c03177d9","2026-06-07T14:40:00.000","2","PARKED",,"2214194",,"FORD","SUPER DUTY","IL","2014","NONE","OTHER","AMBULANCE","W","PARKED",,,"0",,,,,,,,,,,"Y",,,,,,,"REAR-LEFT-CORNER",,,,,,,,,,,,,,,,,,,,,,,,,,,,,,,,,
"2321540","5ff19cbce4521ee2431a0e06a72e7f0bce6186d1fba75b19b972d760aa46dcd91e6088da5cb9dcf2fa22a08eaf5a7a93348ac288849b0c0a92eccc902b373de0","2026-06-07T14:29:00.000","1","DRIVER",,"2214187",,"TOYOTA","COROLLA","IL","2005","UNKNOWN","PASSENGER","PERSONAL","W","U-TURN",,,"1",,,,,"Y",,,,,,,,,,"Y","Y",,"FRONT",,,,,,,,,,,,,,,,,,,,,,,,,,,,,,,,,
"2321546","5ff19cbce4521ee2431a0e06a72e7f0bce6186d1fba75b19b972d760aa46dcd91e6088da5cb9dcf2fa22a08eaf5a7a93348ac288849b0c0a92eccc902b373de0","2026-06-07T14:29:00.000","2","DRIVER",,"2214205",,"TRIUMPH","OTHER (EXPLAIN IN NARRATIVE)","IL","2022","UNKNOWN","PASSENGER","PERSONAL","E","STRAIGHT AHEAD",,,"1",,,,,,,,,,,"Y","Y","Y","Y","Y",,,"SIDE-LEFT",,,,,,,,,,,,,,,,,,,,,,,,,,,,,,,,,
"2321531","814e446cfda3c7bf36254d61a3f7d25c93d7caa1032fee60ba2cf2454a51d1e53d29331616e3e6d118bed552e927696c76e517771d8a17feef3537e0a7bb942e","2026-06-07T14:27:00.000","1","PARKED","1","2214176",,"HONDA","CR-V","IL","2008","NONE","PASSENGER","NOT IN USE","W","PARKED",,,"1",,,,,,,,,,,,,,"Y",,,,"SIDE-LEFT",,,,,,,,,,,,,,,,,,,,,,,,,,,,,,,,,
"2321532","814e446cfda3c7bf36254d61a3f7d25c93d7caa1032fee60ba2cf2454a51d1e53d29331616e3e6d118bed552e927696c76e517771d8a17feef3537e0a7bb942e","2026-06-07T14:27:00.000","2","BICYCLE",,,,,,,,,,,,,,,,,,,,,,,,,,,,,,,,,,,,,,,,,,,,,,,,,,,,,,,,,,,,,,,,,,
"2321523","d7bcf24861c004680e573c92ef1b90fc8637f63a28465f2e706f17e9538c0c7c163a43213943945e30436342b327c536096430b6e410d1704032e9dbc10ccaf8","2026-06-07T14:20:00.000","1","DRIVER",,"2214179",,"HYUNDAI","OTHER (EXPLAIN IN NARRATIVE)","IL","2006","UNKNOWN","PASSENGER","UNKNOWN/NA","W","STRAIGHT AHEAD",,,"1",,,,,,,,,,,,,,,,,"Y","FRONT-LEFT-CORNER",,,,,,,,,,,,,,,,,,,,,,,,,,,,,,,,,
"2321524","d7bcf24861c004680e573c92ef1b90fc8637f63a28465f2e706f17e9538c0c7c163a43213943945e30436342b327c536096430b6e410d1704032e9dbc10ccaf8","2026-06-07T14:20:00.000","2","PARKED",,"2214171",,"NISSAN","VERSA","IL","2012","NONE","PASSENGER","PERSONAL","W","PARKED",,,"0",,,,,,"Y","Y","Y",,,,,,,,,,"SIDE-RIGHT",,,,,,,,,,,,,,,,,,,,,,,,,,,,,,,,,
"2321541","1c9738b35ca7bdf36685fdbc2c68af688e41c190e4ba81ea995236c5559c71b9e41d10329f1e22520b40f5e47d79aa1794a189e693bc0b98c603213f8ff862a0","2026-06-07T14:18:00.000","1","DRIVER",,"2214188",,"JEEP","GRAND CHEROKEE","IL","2023","OTHER","SPORT UTILITY VEHICLE (SUV)","PERSONAL","W","STRAIGHT AHEAD","Y",,"1",,"PERSONAL",,,"Y","Y","Y",,,,,,,,"Y","Y",,"FRONT-RIGHT-CORNER",,,,,,,,,,,,,,,,,,,,,,,,,,,,,,,,,
"2321542","1c9738b35ca7bdf36685fdbc2c68af688e41c190e4ba81ea995236c5559c71b9e41d10329f1e22520b40f5e47d79aa1794a189e693bc0b98c603213f8ff862a0","2026-06-07T14:18:00.000","2","PARKED",,"2214190",,"HYUNDAI","GENESIS","IL","2012","UNKNOWN","PASSENGER","PERSONAL","W","PARKED",,,"0",,,,,"Y",,,,,"N","Y","Y",,,"Y","Y",,"REAR-LEFT-CORNER",,,,,,,,,,,,,,,,,,,,,,,,,,,,,,,,,
"2321543","1c9738b35ca7bdf36685fdbc2c68af688e41c190e4ba81ea995236c5559c71b9e41d10329f1e22520b40f5e47d79aa1794a189e693bc0b98c603213f8ff862a0","2026-06-07T14:18:00.000","3","PARKED",,"2214192",,"JEEP","GRAND CHEROKEE","IL","2014","UNKNOWN","SPORT UTILITY VEHICLE (SUV)","PERSONAL","W","PARKED",,,"0",,,,"N",,,,,"Y","Y","Y","Y",,,,,,"SIDE-LEFT-REAR",,,,,,,,,,,,,,,,,,,,,,,,,,,,,,,,,
"2321987","9c43f8715be0316a69e6b0a21f9b146a459262d8f5ba782443eba1e3bb1deae00d9c739d4219321c9174ee9fbf3192349e643b423133dec00eed2a542f8b6377","2026-06-07T14:15:00.000","1","DRIVER",,"2214614",,"UNKNOWN","OTHER (EXPLAIN IN NARRATIVE)",,,"UNKNOWN","SPORT UTILITY VEHICLE (SUV)","UNKNOWN/NA","N","STRAIGHT AHEAD",,,"1",,,,,,,,,,,,,,,,,"Y","FRONT",,,,,,,,,,,,,,,,,,,,,,,,,,,,,,,,,
"2321988","9c43f8715be0316a69e6b0a21f9b146a459262d8f5ba782443eba1e3bb1deae00d9c739d4219321c9174ee9fbf3192349e643b423133dec00eed2a542f8b6377","2026-06-07T14:15:00.000","2","DRIVER",,"2214612",,"LEXUS","RX350","IL","2018","NONE","SPORT UTILITY VEHICLE (SUV)","PERSONAL","N","SLOW/STOP IN TRAFFIC",,,"1",,,,,,,,,,"Y","Y",,,,,,,"REAR-LEFT-CORNER",,,,,,,,,,,,,,,,,,,,,,,,,,,,,,,,,
"2321493","ae163cb82e57813f4d5ef3c63571f4b401de0365a1a53dc0cd3622a862bfd490266ae4378775cd29b269798f9a2b707ff360dcb4852dd04316fe949283e4f129","2026-06-07T14:10:00.000","1","DRIVER",,"2214161",,"GENERAL MOTORS CORPORATION (GMC)","ACADIA","IL","2008","NONE","PASSENGER","PERSONAL","S","BACKING",,,"1",,,,,,,,,,,"Y",,,,,,,"REAR-LEFT-CORNER",,,,,,,,,,,,,,,,,,,,,,,,,,,,,,,,,
"2321494","ae163cb82e57813f4d5ef3c63571f4b401de0365a1a53dc0cd3622a862bfd490266ae4378775cd29b269798f9a2b707ff360dcb4852dd04316fe949283e4f129","2026-06-07T14:10:00.000","2","DRIVER","1","2214164",,"BUICK","ENCORE","IL","2015","NONE","PASSENGER","PERSONAL","N","STRAIGHT AHEAD",,,"2",,,,,"Y",,,,,,,,,,,,,"FRONT-RIGHT-CORNER",,,,,,,,,,,,,,,,,,,,,,,,,,,,,,,,,
"2321538","195647206ded40dff895442f7a7c4648b1fb9d6b6f3ca0f660d1128118cc8b1d7e641ddbb6dff073ec5015e3204136e92f63331aca9b145753fd744459cb0e47","2026-06-07T14:09:00.000","1","DRIVER",,"2214191",,"CHEVROLET","EQUINOX","IL","2017","UNKNOWN","SPORT UTILITY VEHICLE (SUV)","PERSONAL","N","PASSING/OVERTAKING",,,"1",,,,,,,,,,,,,,,,,"Y","UNKNOWN",,,,,,,,,,,,,,,,,,,,,,,,,,,,,,,,,
"2321539","195647206ded40dff895442f7a7c4648b1fb9d6b6f3ca0f660d1128118cc8b1d7e641ddbb6dff073ec5015e3204136e92f63331aca9b145753fd744459cb0e47","2026-06-07T14:09:00.000","2","DRIVER",,"2214197",,"FORD","BRONCO / BRONCO II","IL","2025","NONE","SPORT UTILITY VEHICLE (SUV)","PERSONAL","N","CHANGING LANES",,,"1",,,,,,,,,,,,,,,"Y",,,"FRONT-LEFT-CORNER",,,,,,,,,,,,,,,,,,,,,,,,,,,,,,,,,
"2321759","4c05944b0f8beed69883a101b11db184e24c8d8a77ebc4dffe509548e3b5ee678cbb10fb72f56a571cf2072bd26346745ecfe72482049e43bf20ee4158e70ab5","2026-06-07T14:08:00.000","1","DRIVER",,"2214400",,"FORD","BRONCO / BRONCO II","IL","2025","UNKNOWN","SPORT UTILITY VEHICLE (SUV)","PERSONAL","N","CHANGING LANES",,,"1",,,,,,,,,,,,,,,,,"Y","SIDE-LEFT",,,,,,,,,,,,,,,,,,,,,,,,,,,,,,,,,
"2321760","4c05944b0f8beed69883a101b11db184e24c8d8a77ebc4dffe509548e3b5ee678cbb10fb72f56a571cf2072bd26346745ecfe72482049e43bf20ee4158e70ab5","2026-06-07T14:08:00.000","2","DRIVER","1","2214404",,"CHEVROLET","EQUINOX","IL","2017","NONE","SPORT UTILITY VEHICLE (SUV)","PERSONAL","N","STRAIGHT AHEAD",,,"2",,,,,"Y","Y","Y","Y","Y",,,,,,,,,"SIDE-RIGHT",,,,,,,,,,,,,,,,,,,,,,,,,,,,,,,,,
"2321497","ad362dfa8223aa4dedcbcfdbf88f5dcab8cfb3874c506b58783f1d870ccf2b975555b8bd28c44cb218b3567b34cb9e390294e5139e31c6e95d085cb86a2ea460","2026-06-07T14:05:00.000","1","DRIVER",,"2214156",,"VOLVO","S60","IL","2005","NONE","PASSENGER","PERSONAL","N","STRAIGHT AHEAD",,,"1",,,,,,,,,,,,,,,,"Y",,"FRONT",,,,,,,,,,,,,,,,,,,,,,,,,,,,,,,,,
"2321498","ad362dfa8223aa4dedcbcfdbf88f5dcab8cfb3874c506b58783f1d870ccf2b975555b8bd28c44cb218b3567b34cb9e390294e5139e31c6e95d085cb86a2ea460","2026-06-07T14:05:00.000","2","DRIVER",,"2214158",,"MASERATI","LEVANTE","IL","2020","NONE","PASSENGER","PERSONAL","E","TURNING LEFT",,,"1",,,,,"Y","Y",,,,,,,,,,,,"FRONT-RIGHT-CORNER",,,,,,,,,,,,,,,,,,,,,,,,,,,,,,,,,