"crash_unit_id","crash_record_id","crash_date","unit_no","unit_type","num_passengers","vehicle_id","cmrc_veh_i","make","model","lic_plate_state","vehicle_year","vehicle_defect","vehicle_type","vehicle_use","travel_direction","maneuver","towed_i","fire_i","occupant_cnt","exceed_speed_limit_i","towed_by","towed_to","area_00_i","area_01_i","area_02_i","area_03_i","area_04_i","area_05_i","area_06_i","area_07_i","area_08_i","area_09_i","area_10_i","area_11_i","area_12_i","area_99_i","first_contact_point","cmv_id","usdot_no","ccmc_no","ilcc_no","commercial_src","gvwr","carrier_name","carrier_state","carrier_city","hazmat_placards_i","hazmat_name","un_no","hazmat_present_i","hazmat_report_i","hazmat_report_no","mcs_report_i","mcs_report_no","hazmat_vio_cause_crash_i","mcs_vio_cause_crash_i","idot_permit_no","wide_load_i","trailer1_width","trailer2_width","trailer1_length","trailer2_length","total_vehicle_length","axle_cnt","vehicle_config","cargo_body_type","load_type","hazmat_out_of_service_i","mcs_out_of_service_i","hazmat_class"
"2321473","9504d74c01a28cdf1a31f048bbc5a22a0a32856ebda739fd3273c56eacae0ddc3befacd1ede4024c0c72b4e26a949abea5d63dfad07656c82a719544d6cd02bf","2026-06-07T14:00:00.000","1","DRIVER",,"2214126",,"HYUNDAI","ELANTRA","IL",,"UNKNOWN","PASSENGER","UNKNOWN/NA","E","STRAIGHT AHEAD",,,"1",,,,,,,,,,,,,,,,"Y",,"UNKNOWN",,,,,,,,,,,,,,,,,,,,,,,,,,,,,,,,,
"2321474","9504d74c01a28cdf1a31f048bbc5a22a0a32856ebda739fd3273c56eacae0ddc3befacd1ede4024c0c72b4e26a949abea5d63dfad07656c82a719544d6cd02bf","2026-06-07T14:00:00.000","2","DRIVER",,"2214132",,"MERCEDES-BENZ","GLK350",,"2013","NONE","PASSENGER","PERSONAL","S","STRAIGHT AHEAD",,,"1",,,,,,,,"Y","Y",,,,,,,,,"UNKNOWN",,,,,,,,,,,,,,,,,,,,,,,,,,,,,,,,,
"2321537","4f00d185b627dfaa52c01d1ced5d07ce1b22bfe6196f77f086a8cd8298f88a524fe6152ee64d88ca281b57b6bc8d183d1b6a2bc33abc69299d678bedc946e716","2026-06-07T13:55:00.000","1","DRIVER",,"2214181",,"CHEVROLET","IMPALA","IL","2007","UNKNOWN","PASSENGER","UNKNOWN/NA","E","SKIDDING/CONTROL LOSS","Y",,"1",,"steets and san","pound #6",,"Y","Y",,,,,,,,"Y","Y","Y",,"FRONT",,,,,,,,,,,,,,,,,,,,,,,,,,,,,,,,,
"2321551","5dfb299a12426075485b122b1d6a87f07de73e7f958a7373565c484d83c73a8416ff9c579a7e85ceed80fe6a717d57ec5232b435e2477f6ce9019b1f91f56ea4","2026-06-07T13:55:00.000","1","DRIVER",,"2214201",,"FORD","ECONOLINE 100","AZ","2021","NONE","OTHER","PERSONAL","E","STRAIGHT AHEAD",,,"1",,,,,,,,,,,,,,"N","N",,"Y","SIDE-LEFT",,,,,,,,,,,,,,,,,,,,,,,,,,,,,,,,,
"2321552","5dfb299a12426075485b122b1d6a87f07de73e7f958a7373565c484d83c73a8416ff9c579a7e85ceed80fe6a717d57ec5232b435e2477f6ce9019b1f91f56ea4","2026-06-07T13:55:00.000","2","DRIVER",,"2214213",,"AUDI","Q5","IL","2025","NONE","SPORT UTILITY VEHICLE (SUV)","PERSONAL","W","SLOW/STOP IN TRAFFIC",,,"1",,,,,,,,,,,,,"N","Y","Y",,,"FRONT-LEFT-CORNER",,,,,,,,,,,,,,,,,,,,,,,,,,,,,,,,,
"2321484","4c1c0be4daeb07ecf2327123e644ca1c1fc188fe2a4211345e1dbea70c0f3f0c6e95bcbc1e694946f0790b8d0e1daf2db44a4e97c6876384b266292b3c360299","2026-06-07T13:45:00.000","1","DRIVER",,"2214145",,"TOYOTA","PRIUS","IL","2010","UNKNOWN","PASSENGER","OTHER","E","UNKNOWN/NA",,,"1",,,,,,,,,,,,,,,,"Y",,"FRONT",,,,,,,,,,,,,,,,,,,,,,,,,,,,,,,,,
"2321485","4c1c0be4daeb07ecf2327123e644ca1c1fc188fe2a4211345e1dbea70c0f3f0c6e95bcbc1e694946f0790b8d0e1daf2db44a4e97c6876384b266292b3c360299","2026-06-07T13:45:00.000","2","DRIVER",,"2214146",,"NISSAN","PATHFINDER","IL","2017","NONE","SPORT UTILITY VEHICLE (SUV)","PERSONAL","N","STRAIGHT AHEAD",,,"1",,,,,,,,,,,,,"Y",,,,,"SIDE-LEFT",,,,,,,,,,,,,,,,,,,,,,,,,,,,,,,,,
"2322104","ca63e573e39e2b1f31fdb612beaaf720c0b551a8cfa80e724bbf9037454e8e5295dfd3a9fe3cab82a5f62c78429c2ad82e2aef2b5099307da521e1a7a8fbe912","2026-06-07T13:45:00.000","1","DRIVER",,"2214718",,"INFINITI","Q50","TX","2021","UNKNOWN","SPORT UTILITY VEHICLE (SUV)","UNKNOWN/NA","UNKNOWN","LEAVING TRAFFIC LANE TO PARK",,,"1",,,,,,,,,,,,,,,,,"Y","UNKNOWN",,,,,,,,,,,,,,,,,,,,,,,,,,,,,,,,,
"2322105","ca63e573e39e2b1f31fdb612beaaf720c0b551a8cfa80e724bbf9037454e8e5295dfd3a9fe3cab82a5f62c78429c2ad82e2aef2b5099307da521e1a7a8fbe912","2026-06-07T13:45:00.000","2","PARKED",,"2214720",,"GENERAL MOTORS CORPORATION (GMC)","TERRAIN","IL","2020","NONE","SPORT UTILITY VEHICLE (SUV)","NOT IN USE","UNKNOWN","PARKED",,,"0",,,,,,,,"Y",,,,,,,,,,"SIDE-RIGHT",,,,,,,,,,,,,,,,,,,,,,,,,,,,,,,,,
"2321477","7edc8ff643a6a27d88880dc73a449337c210bf3e208824813ae12bc110cb5828db454fb2f2623a6b805d4f55bf753faa2c3e925e86bcf8f98cace8d8a8012712","2026-06-07T13:40:00.000","1","DRIVER",,"2214127",,"BMW","760 LI","IL","2023","UNKNOWN","PASSENGER","UNKNOWN/NA","N","TURNING LEFT",,,"1",,,,,"Y",,,,,,,,,,,"Y",,"FRONT-RIGHT-CORNER",,,,,,,,,,,,,,,,,,,,,,,,,,,,,,,,,
"2321478","7edc8ff643a6a27d88880dc73a449337c210bf3e208824813ae12bc110cb5828db454fb2f2623a6b805d4f55bf753faa2c3e925e86bcf8f98cace8d8a8012712","2026-06-07T13:40:00.000","2","DRIVER",,"2214136",,"NISSAN","ROGUE",,"2018","UNKNOWN","SPORT UTILITY VEHICLE (SUV)","UNKNOWN/NA","W","STRAIGHT AHEAD",,,"1",,,,,,,,,,,,"Y","Y","Y",,,,"SIDE-LEFT",,,,,,,,,,,,,,,,,,,,,,,,,,,,,,,,,
"2322053","de11de7042f5a123f4ba4b1f39153edaf3ab08bf2c8d9ed0d27fff788fd78c11689f862f8fa1db3053580d6880375a06a9abaff01cead3509804da76b18ab86b","2026-06-07T13:40:00.000","1","DRIVER",,"2214674",,"CHEVROLET","COBALT","IL","2006","NONE","PASSENGER","PERSONAL","E","STRAIGHT AHEAD",,,"1",,,,,,,,,,,,,,,,"Y",,"FRONT",,,,,,,,,,,,,,,,,,,,,,,,,,,,,,,,,
"2322054","de11de7042f5a123f4ba4b1f39153edaf3ab08bf2c8d9ed0d27fff788fd78c11689f862f8fa1db3053580d6880375a06a9abaff01cead3509804da76b18ab86b","2026-06-07T13:40:00.000","2","DRIVER",,"2214679",,"HONDA","CIVIC","IL","2015","NONE","PASSENGER","PERSONAL","S","STRAIGHT AHEAD",,,"1",,,,,,,,,"Y",,,,,,,,,"REAR-RIGHT-CORNER",,,,,,,,,,,,,,,,,,,,,,,,,,,,,,,,,
"2321475","0335a20f1e0c74e2c9763036bcdac5022ef6cbf9af9c900bf1496ec57752b3eeed8dc82ceadb0ee3292f5658d15a4238976b3a49d7a5f6cb93edb82429821d74","2026-06-07T13:38:00.000","1","DRIVER",,"2214128",,"FORD","FUSION","IL","2015","UNKNOWN","PASSENGER","PERSONAL","W","BACKING",,,"1",,,,,"Y",,,,,,,,,,,"Y",,"FRONT",,,,,,,,,,,,,,,,,,,,,,,,,,,,,,,,,
"2321476","0335a20f1e0c74e2c9763036bcdac5022ef6cbf9af9c900bf1496ec57752b3eeed8dc82ceadb0ee3292f5658d15a4238976b3a49d7a5f6cb93edb82429821d74","2026-06-07T13:38:00.000","2","PARKED",,"2214123",,"NISSAN","KICKS","IL","2025","NONE","PASSENGER","OTHER","W","PARKED",,,"0",,,,,"Y","Y","N",,,,,,,,,,,"FRONT-RIGHT-CORNER",,,,,,,,,,,,,,,,,,,,,,,,,,,,,,,,,
"2322378","76fd522c85d4cd6b04b011f0b0d4d34d232f24772c898c42c0af69cef61d417d0446dd322ebdb3180a99f7561dd6a3dadf427977b16a392649ed96bf5eae0ec4","2026-06-07T13:30:00.000","1","DRIVER","1","2214985",,"NISSAN","MAXIMA","IL","2010","NONE","PASSENGER","UNKNOWN/NA","E","STRAIGHT AHEAD",,,"2",,,,,,,,,,,,,,,,"Y",,"FRONT",,,,,,,,,,,,,,,,,,,,,,,,,,,,,,,,,
"2322379","76fd522c85d4cd6b04b011f0b0d4d34d232f24772c898c42c0af69cef61d417d0446dd322ebdb3180a99f7561dd6a3dadf427977b16a392649ed96bf5eae0ec4","2026-06-07T13:30:00.000","2","DRIVER","1","2214988",,"HYUNDAI","TIBURON","IL","2026","NONE","SPORT UTILITY VEHICLE (SUV)","OTHER","E","SLOW/STOP IN TRAFFIC",,,"2",,,,,,,,,,"Y",,,,,,,,"REAR",,,,,,,,,,,,,,,,,,,,,,,,,,,,,,,,,
"2321559","d89ebdaeae52a99c38e58acd209d2bbd8802c50ba1b66c9a207c2caec10665bc08091a4eed39a2a08d7ea043fcff0a806b177dc423eae9b6ec595b95aa92a434","2026-06-07T13:30:00.000","1","DRIVER",,"2214202",,"TOYOTA","HIGHLANDER","IN","2008","UNKNOWN","SPORT UTILITY VEHICLE (SUV)","PERSONAL","N","STRAIGHT AHEAD",,,"1",,,,,"Y",,,,,,,,,,,,,"FRONT-RIGHT-CORNER",,,,,,,,,,,,,,,,,,,,,,,,,,,,,,,,,
"2321560","d89ebdaeae52a99c38e58acd209d2bbd8802c50ba1b66c9a207c2caec10665bc08091a4eed39a2a08d7ea043fcff0a806b177dc423eae9b6ec595b95aa92a434","2026-06-07T13:30:00.000","2","DRIVER",,"2214207",,"TOYOTA","CELICA","IL","2003","UNKNOWN","PASSENGER","PERSONAL","N","STRAIGHT AHEAD",,,"1",,,,,,,,,,,"Y",,,,,,,"REAR-LEFT-CORNER",,,,,,,,,,,,,,,,,,,,,,,,,,,,,,,,,
"2321469","fb82dd2be65379090b4f7dabed756f8aaacbe6f5acc3006482014d14ed0aa26a2a813a0940e8ed1812971e48daafdd4c541ab62c9bb9189af48d238fd892bc53","2026-06-07T13:28:00.000","1","DRIVER",,"2214130",,"FORD","ESCAPE","IL","2022","UNKNOWN","PASSENGER","PERSONAL","W","UNKNOWN/NA",,,"1",,,,,"Y",,,,,,,,,,,"Y",,"FRONT-RIGHT-CORNER",,,,,,,,,,,,,,,,,,,,,,,,,,,,,,,,,
"2321470","fb82dd2be65379090b4f7dabed756f8aaacbe6f5acc3006482014d14ed0aa26a2a813a0940e8ed1812971e48daafdd4c541ab62c9bb9189af48d238fd892bc53","2026-06-07T13:28:00.000","2","DRIVER",,"2214139",,"SUBARU","CROSSTREK","IL","2024","UNKNOWN","PASSENGER","PERSONAL","W","UNKNOWN/NA",,,"1",,,,,,,,,,,"Y",,,,,,,"REAR-LEFT-CORNER",,,,,,,,,,,,,,,,,,,,,,,,,,,,,,,,,
"2321468","765cf2061f3aaf2c54607247fdf6753c373e9743e0b0ad4f11ac31ef03e9c9196bdc8ee423d0ffe01c9dea23ac309ded3974c87e76b1427ab9a85b7d3bb54278","2026-06-07T13:27:00.000","2","DRIVER","3","2214125",,"TOYOTA","AVALON","IL","2008","NONE","PASSENGER","PERSONAL","W","STRAIGHT AHEAD",,,"4",,,,,"Y","Y",,,,,,,,,,"Y",,"TOTAL (ALL AREAS)",,,,,,,,,,,,,,,,,,,,,,,,,,,,,,,,,
"2321490","765cf2061f3aaf2c54607247fdf6753c373e9743e0b0ad4f11ac31ef03e9c9196bdc8ee423d0ffe01c9dea23ac309ded3974c87e76b1427ab9a85b7d3bb54278","2026-06-07T13:27:00.000","1","DRIVER",,"2214140",,"TOYOTA","CAMRY","IL","2010","NONE","UNKNOWN/NA","UNKNOWN/NA","W","STRAIGHT AHEAD",,,"1",,,,,,,,,,,,,"Y","Y","Y",,,"TOTAL (ALL AREAS)",,,,,,,,,,,,,,,,,,,,,,,,,,,,,,,,,
"2321516","70730859512a1667f15ddffdd2eec61b057619234a8f559e72775169379b7e9eab28460aedb3b9d3999300da3f3c9708cc1ad3dfdcd145ff53fa71012a177f8e","2026-06-07T13:25:00.000","1","DRIVER",,"2214168",,"DODGE","DART","IL","2015","UNKNOWN","PASSENGER","UNKNOWN/NA","W","STRAIGHT AHEAD",,,"1",,,,,"Y","Y","Y",,,,,,,,,,,"FRONT-RIGHT-CORNER",,,,,,,,,,,,,,,,,,,,,,,,,,,,,,,,,
"2321517","70730859512a1667f15ddffdd2eec61b057619234a8f559e72775169379b7e9eab28460aedb3b9d3999300da3f3c9708cc1ad3dfdcd145ff53fa71012a177f8e","2026-06-07T13:25:00.000","2","DRIVER","2","2214180",,"KIA","TELLURIDE","IL","2020","NONE","PASSENGER","PERSONAL","W","STRAIGHT AHEAD",,,"3",,,,,,,,,,"Y","Y","Y",,,,,,"REAR-LEFT-CORNER",,,,,,,,,,,,,,,,,,,,,,,,,,,,,,,,,
"2321453","36a08bd9f97bce084d0f172426fc81de5a1be7304ee3698ecb58cc290b7af5353667464459f8f69ee8929762c820d782ca783e0064a27919f770176fb6711da0","2026-06-07T13:15:00.000","1","DRIVER",,"2214106",,"UNKNOWN","OTHER (EXPLAIN IN NARRATIVE)","IL",,"UNKNOWN","UNKNOWN/NA","PERSONAL","N","STRAIGHT AHEAD",,,"1",,,,,,,,,,,,,,,,,"Y","FRONT",,,,,,,,,,,,,,,,,,,,,,,,,,,,,,,,,
"2321454","36a08bd9f97bce084d0f172426fc81de5a1be7304ee3698ecb58cc290b7af5353667464459f8f69ee8929762c820d782ca783e0064a27919f770176fb6711da0","2026-06-07T13:15:00.000","2","DRIVER",,"2214118",,"TOYOTA","MATRIX","IL","2010","UNKNOWN","PASSENGER","PERSONAL","N","STRAIGHT AHEAD",,,"1",,,,,,,,,"Y","Y","Y",,,,,,,"REAR",,,,,,,,,,,,,,,,,,,,,,,,,,,,,,,,,
"2321842","fcce4c2d1f474676df552f7f0e85b36c8aa13b256bddb5ee3466a47d332ea533bde79da13d4ca4c32a023410e62e64b49ae8708e4675fbbeaa6d75edeb4461d8","2026-06-07T13:09:00.000","2","BICYCLE",,,,,,,,,,,,,,,,,,,,,,,,,,,,,,,,,,,,,,,,,,,,,,,,,,,,,,,,,,,,,,,,,,
"2321860","fcce4c2d1f474676df552f7f0e85b36c8aa13b256bddb5ee3466a47d332ea533bde79da13d4ca4c32a023410e62e64b49ae8708e4675fbbeaa6d75edeb4461d8","2026-06-07T13:09:00.000","1","DRIVER","1","2214499",,"UNKNOWN","OTHER (EXPLAIN IN NARRATIVE)","IL",,"UNKNOWN","PASSENGER","PERSONAL","S","TURNING LEFT",,,"2",,,,,,,,,,,,,,,,,"Y","FRONT",,,,,,,,,,,,,,,,,,,,,,,,,,,,,,,,,
"2322088","1b62e617e9acc61f0c2b1090408895170c847b9a122159142f357d91bb574af253288b14218cdcb21d3110c017666dcca7ef98729ee2a6e24203102b1baca777","2026-06-07T13:05:00.000","1","DRIVER",,"2214709",,"TOYOTA","RAV4","IL","2017","UNKNOWN","SPORT UTILITY VEHICLE (SUV)","PERSONAL","S","PASSING/OVERTAKING",,,"1",,,,,"Y",,,,,,,,,,,,,"FRONT-RIGHT-CORNER",,,,,,,,,,,,,,,,,,,,,,,,,,,,,,,,,
"2322089","1b62e617e9acc61f0c2b1090408895170c847b9a122159142f357d91bb574af253288b14218cdcb21d3110c017666dcca7ef98729ee2a6e24203102b1baca777","2026-06-07T13:05:00.000","2","DRIVER",,"2215016",,"MAZDA","CX-5","IL","2020","NONE","SPORT UTILITY VEHICLE (SUV)","PERSONAL","S","OTHER",,,"1",,,,,,,,,,,,,,,"Y",,,"FRONT-LEFT-CORNER",,,,,,,,,,,,,,,,,,,,,,,,,,,,,,,,,
"2321459","9dd57bbc3bcf491945043fcbb2f9ad887af4b4e30f4355be2329e9ba3fb2c675ec711a63d770f2762fa93d21f17513634ebc07eff3b277a95b4462036f8e6b25","2026-06-07T13:05:00.000","1","DRIVER","1","2214110",,"DODGE","CHARGER","IL","2013","NONE","PASSENGER","PERSONAL","S","STRAIGHT AHEAD",,,"2",,,,,,"Y","Y","Y","Y",,,,,,,,,"SIDE-RIGHT",,,,,,,,,,,,,,,,,,,,,,,,,,,,,,,,,
"2321460","9dd57bbc3bcf491945043fcbb2f9ad887af4b4e30f4355be2329e9ba3fb2c675ec711a63d770f2762fa93d21f17513634ebc07eff3b277a95b4462036f8e6b25","2026-06-07T13:05:00.000","2","DRIVER","1","2214122",,"INFINITI","QX50","IL","2020","NONE","PASSENGER","PERSONAL","E","STRAIGHT AHEAD",,,"2",,,,,,,,,,,,"Y","Y","Y","Y","Y",,"FRONT-LEFT-CORNER",,,,,,,,,,,,,,,,,,,,,,,,,,,,,,,,,
"2322123","28827d45d4f1567a890d735854044a18f100f1104b11e194fba228fd4da757e51e33589dac5991fa651c3660298ca9a55fba235f61eada5b426af50da8cc24dd","2026-06-07T13:00:00.000","1","DRIVER",,"2214732",,"HONDA","CR-V","IL","2023","UNKNOWN","SPORT UTILITY VEHICLE (SUV)","UNKNOWN/NA","E","UNKNOWN/NA",,,"1",,,,,"Y",,,,,,,,,,,"Y",,"FRONT-RIGHT-CORNER",,,,,,,,,,,,,,,,,,,,,,,,,,,,,,,,,
"2322124","28827d45d4f1567a890d735854044a18f100f1104b11e194fba228fd4da757e51e33589dac5991fa651c3660298ca9a55fba235f61eada5b426af50da8cc24dd","2026-06-07T13:00:00.000","2","DRIVER","1","2214738",,"CADILLAC","STS","IL","2006","UNKNOWN","PASSENGER","UNKNOWN/NA","E","UNKNOWN/NA",,,"2",,,,,,,,,,"Y","Y",,,,,,,"REAR-RIGHT-CORNER",,,,,,,,,,,,,,,,,,,,,,,,,,,,,,,,,
"2321471","73f323db06f8756aaa06e20c0ad32db8c0d72a7a0a6b203a7a69abfbeab36e0a4468b664817ac6ef1dcf1dcd5ac7d7fe12cc59119d03874525c02cf46a8d56ee","2026-06-07T13:00:00.000","1","DRIVER",,"2214137",,"ECO-BIKE ELEC MOTORCYCLE","ECO-BIKE ELEC MOTORCYCLE","IL","2025","NONE","MOPED OR MOTORIZED BICYCLE","PERSONAL","S","STRAIGHT AHEAD",,,"1",,,,,,,,,,,,,,,,"Y",,"FRONT",,,,,,,,,,,,,,,,,,,,,,,,,,,,,,,,,
"2321472","73f323db06f8756aaa06e20c0ad32db8c0d72a7a0a6b203a7a69abfbeab36e0a4468b664817ac6ef1dcf1dcd5ac7d7fe12cc59119d03874525c02cf46a8d56ee","2026-06-07T13:00:00.000","2","PARKED",,"2214131",,"SUBARU","CROSSTREK","IL","2023","NONE","SPORT UTILITY VEHICLE (SUV)","PERSONAL","S","PARKED",,,"0",,,,,,,,,,"Y",,,,,,,,"REAR-LEFT-CORNER",,,,,,,,,,,,,,,,,,,,,,,,,,,,,,,,,
"2321455","1bc929e02d038829f38211b82faeb5d769780a8b64acf899d0b1fc8817987f1057a9ff8d8af5ecdc8d5b4134a7f6aa1e3ae1bd53116b6060675c7e73722f099c","2026-06-07T12:54:00.000","1","DRIVER",,"2214107",,"FORD","FOCUS","IL",,"UNKNOWN","PASSENGER","UNKNOWN/NA","N","ENTERING TRAFFIC LANE FROM PARKING",,,"1",,,,,,,,,,,,,,,"N",,"Y","FRONT-LEFT-CORNER",,,,,,,,,,,,,,,,,,,,,,,,,,,,,,,,,
"2321456","1bc929e02d038829f38211b82faeb5d769780a8b64acf899d0b1fc8817987f1057a9ff8d8af5ecdc8d5b4134a7f6aa1e3ae1bd53116b6060675c7e73722f099c","2026-06-07T12:54:00.000","2","DRIVER",,"2214109",,"HONDA","PILOT","IL","2018","UNKNOWN","SPORT UTILITY VEHICLE (SUV)","UNKNOWN/NA","N","STRAIGHT AHEAD",,,"1",,,,,,"Y","Y","N",,,,,,,,,,"SIDE-RIGHT",,,,,,,,,,,,,,,,,,,,,,,,,,,,,,,,,
"2321461","0083cf9d541dc7cf2980aceaa7aba341bc9fdbd69c0f3bd889c520c1067620f27d6d79e69a2cee8b14d11507d222dd5f7f15c1235ed07184c9e3c5ccdbea6529","2026-06-07T12:50:00.000","1","DRIVER",,"2214108",,"TOYOTA","CAMRY","IL","2015","NONE","PASSENGER","PERSONAL","N","MERGING",,,"1",,,,,,,"Y","Y","Y",,,,,,,,,"SIDE-RIGHT-REAR",,,,,,,,,,,,,,,,,,,,,,,,,,,,,,,,,
"2321462","0083cf9d541dc7cf2980aceaa7aba341bc9fdbd69c0f3bd889c520c1067620f27d6d79e69a2cee8b14d11507d222dd5f7f15c1235ed07184c9e3c5ccdbea6529","2026-06-07T12:50:00.000","2","DRIVER",,"2214111",,"MERCEDES-BENZ","GLE","IL","2025","NONE","PASSENGER","PERSONAL","N","STRAIGHT AHEAD",,,"1",,,,,,,,,,,"Y","Y",,,,,,"SIDE-LEFT-REAR",,,,,,,,,,,,,,,,,,,,,,,,,,,,,,,,,
"2321417","1369d80f5ccb5507fb1f11a23140b2ff470c4759d756ffc47b0d672a3c333d6f33f1424d6ab96f68f7f0e71a77e2de4cf2e3f511901e2502a909daf601d6d3d1","2026-06-07T12:50:00.000","1","DRIVER",,"2214080",,"CHEVROLET","SILVERADO","IL","2002","NONE","PICKUP","PERSONAL","E","STRAIGHT AHEAD",,,"1",,,,,,,,,,,,,,,"Y",,,"FRONT-LEFT-CORNER",,,,,,,,,,,,,,,,,,,,,,,,,,,,,,,,,
"2321418","1369d80f5ccb5507fb1f11a23140b2ff470c4759d756ffc47b0d672a3c333d6f33f1424d6ab96f68f7f0e71a77e2de4cf2e3f511901e2502a909daf601d6d3d1","2026-06-07T12:50:00.000","2","PARKED",,"2214075",,"HONDA","CR-V","IL","2002","NONE","SPORT UTILITY VEHICLE (SUV)","PERSONAL","E","PARKED",,,"0",,,,,,,,,"Y",,,,,,,,,"REAR-RIGHT-CORNER",,,,,,,,,,,,,,,,,,,,,,,,,,,,,,,,,
"2321850","a82d505d262fbe3b0dcfeb0ddd01f8bf04d87c946dfc1fb85a4259ee016b0a216eeaf9db50eca55aa2ab7eec1ce414dc4e0b305eb3a42076ea3dc8e134dce7cb","2026-06-07T12:50:00.000","1","DRIVER",,"2214492",,"FORD","EDGE","MD","2017","NONE","PASSENGER","PERSONAL","S","STRAIGHT AHEAD",,,"1",,,,,,,,,,,,,,"Y","Y",,,"FRONT-LEFT-CORNER",,,,,,,,,,,,,,,,,,,,,,,,,,,,,,,,,
"2321851","a82d505d262fbe3b0dcfeb0ddd01f8bf04d87c946dfc1fb85a4259ee016b0a216eeaf9db50eca55aa2ab7eec1ce414dc4e0b305eb3a42076ea3dc8e134dce7cb","2026-06-07T12:50:00.000","2","DRIVER","1","2214495",,"TOYOTA","PRIUS","IL","2014","NONE","PASSENGER","TAXI/FOR HIRE","W","STRAIGHT AHEAD","Y",,"2",,"OWNER",,,"Y","Y","Y",,,,,,,,,,,"SIDE-RIGHT-FRONT",,,,,,,,,,,,,,,,,,,,,,,,,,,,,,,,,
"2321427","b269b2b85b38c83393d97ceb6f9ad1422c8baa81c56d139e3639e0983ea2e117a7d7b33096a89cd9ee1ab806fbb09a8d4a4db12ecd5efc99a561fcaab33d55c4","2026-06-07T12:48:00.000","1","DRIVER",,"2214082",,"HONDA","HR-V","IL","2021","NONE","SPORT UTILITY VEHICLE (SUV)","PERSONAL","E","STRAIGHT AHEAD",,,"1",,,,,,,,,,,,,,,,"Y",,"FRONT",,,,,,,,,,,,,,,,,,,,,,,,,,,,,,,,,
"2321428","b269b2b85b38c83393d97ceb6f9ad1422c8baa81c56d139e3639e0983ea2e117a7d7b33096a89cd9ee1ab806fbb09a8d4a4db12ecd5efc99a561fcaab33d55c4","2026-06-07T12:48:00.000","2","DRIVER",,"2214087",,"FORD","ESCAPE","IL","2019","NONE","SPORT UTILITY VEHICLE (SUV)","PERSONAL","E","STRAIGHT AHEAD",,,"1",,,,,,,,,,"Y",,,,,,"Y",,"REAR",,,,,,,,,,,,,,,,,,,,,,,,,,,,,,,,,
"2321429","b269b2b85b38c83393d97ceb6f9ad1422c8baa81c56d139e3639e0983ea2e117a7d7b33096a89cd9ee1ab806fbb09a8d4a4db12ecd5efc99a561fcaab33d55c4","2026-06-07T12:48:00.000","3","DRIVER",,"2214089",,"JEEP","GRAND CHEROKEE","IL","2018","NONE","SPORT UTILITY VEHICLE (SUV)","PERSONAL","E","STRAIGHT AHEAD",,,"1",,,,"Y",,,,,,,,,,,,,,"REAR",,,,,,,,,,,,,,,,,,,,,,,,,,,,,,,,,
"2321491","09bcdc47d97b8d91470bb94dcf18582b8f5b3d71f98d359ff2d981f2df8a92ca5d70f95120d1283cf051440cc7d80d91d2372f55e7b064c557bf34e5a1bd01bd","2026-06-07T12:45:00.000","1","DRIVER",,"2214143",,"UNKNOWN","OTHER (EXPLAIN IN NARRATIVE)",,,"UNKNOWN","VAN/MINI-VAN","PERSONAL","N","MERGING",,,"1",,,,,,,,,,,,,,,,,"Y","UNKNOWN",,,,,,,,,,,,,,,,,,,,,,,,,,,,,,,,,
"2321492","09bcdc47d97b8d91470bb94dcf18582b8f5b3d71f98d359ff2d981f2df8a92ca5d70f95120d1283cf051440cc7d80d91d2372f55e7b064c557bf34e5a1bd01bd","2026-06-07T12:45:00.000","2","DRIVER","1","2214142",,"FORD","FOCUS","IL","2006","NONE","PASSENGER","PERSONAL","N","STRAIGHT AHEAD",,,"2",,,,,,,,,,,,,,"N","Y",,,"FRONT-LEFT-CORNER",,,,,,,,,,,,,,,,,,,,,,,,,,,,,,,,,
"2321424","d1d72260f44dbffcd8182eb3bd6098c7b3e94bcfb4e033156a2ea18c7ad89bc1ae4afc2ef1c4005b923a1da80335ba4899a14d545e99216637ab6a2e1e30871f","2026-06-07T12:45:00.000","2","DRIVER",,"2214081",,"NISSAN","MURANO","IL","2010","UNKNOWN","PASSENGER","PERSONAL","UNKNOWN","STRAIGHT AHEAD",,,"1",,,,"Y",,,,,,,,,,,,,,"FRONT",,,,,,,,,,,,,,,,,,,,,,,,,,,,,,,,,
"2321426","d1d72260f44dbffcd8182eb3bd6098c7b3e94bcfb4e033156a2ea18c7ad89bc1ae4afc2ef1c4005b923a1da80335ba4899a14d545e99216637ab6a2e1e30871f","2026-06-07T12:45:00.000","1","DRIVER",,"2214078",,"HYUNDAI","ACCENT","IL","2021","UNKNOWN","PASSENGER","PERSONAL","UNKNOWN","BACKING",,,"1",,,,"Y",,,,,,,,,,,,,,"REAR",,,,,,,,,,,,,,,,,,,,,,,,,,,,,,,,,
"2321421","2871f1ca6c577899997bb49811714c84d8b20894583b7bd5141b71468529ef4c749e5721912ef9eb2a9eac83302c82c1d4ba51d5b92aa6c1313db64b2be633eb","2026-06-07T12:17:00.000","1","DRIVER",,"2214077",,"FORD","ESCAPE","IL","2017","UNKNOWN","SPORT UTILITY VEHICLE (SUV)","PERSONAL","S","TURNING LEFT",,,"1",,,,,,,,,,,,"Y",,,,,,"SIDE-LEFT-REAR",,,,,,,,,,,,,,,,,,,,,,,,,,,,,,,,,