"crash_unit_id","crash_record_id","crash_date","unit_no","unit_type","num_passengers","vehicle_id","cmrc_veh_i","make","model","lic_plate_state","vehicle_year","vehicle_defect","vehicle_type","vehicle_use","travel_direction","maneuver","towed_i","fire_i","occupant_cnt","exceed_speed_limit_i","towed_by","towed_to","area_00_i","area_01_i","area_02_i","area_03_i","area_04_i","area_05_i","area_06_i","area_07_i","area_08_i","area_09_i","area_10_i","area_11_i","area_12_i","area_99_i","first_contact_point","cmv_id","usdot_no","ccmc_no","ilcc_no","commercial_src","gvwr","carrier_name","carrier_state","carrier_city","hazmat_placards_i","hazmat_name","un_no","hazmat_present_i","hazmat_report_i","hazmat_report_no","mcs_report_i","mcs_report_no","hazmat_vio_cause_crash_i","mcs_vio_cause_crash_i","idot_permit_no","wide_load_i","trailer1_width","trailer2_width","trailer1_length","trailer2_length","total_vehicle_length","axle_cnt","vehicle_config","cargo_body_type","load_type","hazmat_out_of_service_i","mcs_out_of_service_i","hazmat_class"
"2321422","2871f1ca6c577899997bb49811714c84d8b20894583b7bd5141b71468529ef4c749e5721912ef9eb2a9eac83302c82c1d4ba51d5b92aa6c1313db64b2be633eb","2026-06-07T12:17:00.000","2","PEDESTRIAN",,,,,,,,,,,,,,,,,,,,,,,,,,,,,,,,,,,,,,,,,,,,,,,,,,,,,,,,,,,,,,,,,,
"2321436","b3058ceaed1b62d5858d14ff6fbbbf96c64cef52078fb0e9e1631d1614bca3d6e69c124e0e7c82ca1227731f0f0eb72a0491dbaf6f87ba94889936c003d10524","2026-06-07T12:17:00.000","1","DRIVER","1","2214086",,"GENERAL MOTORS CORPORATION (GMC)","SONOMA","IL","2002","UNKNOWN","PICKUP","UNKNOWN/NA","N","STRAIGHT AHEAD","Y",,"2",,"CITY AUTO POUND","701 S SACRAMENTO BLVD",,"Y","Y",,,,,,,,,,,,"FRONT-RIGHT-CORNER",,,,,,,,,,,,,,,,,,,,,,,,,,,,,,,,,
"2321437","b3058ceaed1b62d5858d14ff6fbbbf96c64cef52078fb0e9e1631d1614bca3d6e69c124e0e7c82ca1227731f0f0eb72a0491dbaf6f87ba94889936c003d10524","2026-06-07T12:17:00.000","2","DRIVER","1","2214090",,"HYUNDAI","ELANTRA",,"2014","NONE","PASSENGER","PERSONAL","N","STRAIGHT AHEAD",,,"2",,,,,,,,,,,,,"Y","Y","Y",,,"SIDE-LEFT",,,,,,,,,,,,,,,,,,,,,,,,,,,,,,,,,
"2321447","acb25526ba39a00b17c51948e8134defab86b0899b21e2d643a8bd1c58cb4c4e0b40a23794c6c5e1a963d6a234b5df6d26d2adc7fe366248602c2a6d3cab8da8","2026-06-07T12:08:00.000","1","DRIVER",,"2214094",,"TOYOTA","CAMRY",,"2024","NONE","PASSENGER","UNKNOWN/NA","SE","BACKING",,,"1",,,,,,,,,"Y","Y","N",,,,,,,"REAR",,,,,,,,,,,,,,,,,,,,,,,,,,,,,,,,,
"2321448","acb25526ba39a00b17c51948e8134defab86b0899b21e2d643a8bd1c58cb4c4e0b40a23794c6c5e1a963d6a234b5df6d26d2adc7fe366248602c2a6d3cab8da8","2026-06-07T12:08:00.000","2","DRIVER",,"2214100",,"FORD","ESCAPE","IL","2018","NONE","SPORT UTILITY VEHICLE (SUV)","PERSONAL","W","SLOW/STOP IN TRAFFIC",,,"1",,,,,"Y",,,,,,,,,,"Y","Y",,"FRONT-RIGHT-CORNER",,,,,,,,,,,,,,,,,,,,,,,,,,,,,,,,,
"2321529","2e9ac1e94d725505e0bd24f3c5f3e87d066d669fc3ee60c0e34f4c077671a65cb542a9f367a8220bd8c07937b18f784eba81077818a8dd2a425ef40463e4949f","2026-06-07T12:00:00.000","1","DRIVER",,"2214175",,"UNKNOWN","OTHER (EXPLAIN IN NARRATIVE)",,,"UNKNOWN","PICKUP","UNKNOWN/NA","S","STRAIGHT AHEAD",,,"1",,,,,"Y",,,,,,,,,,"Y","Y",,"FRONT",,,,,,,,,,,,,,,,,,,,,,,,,,,,,,,,,
"2321530","2e9ac1e94d725505e0bd24f3c5f3e87d066d669fc3ee60c0e34f4c077671a65cb542a9f367a8220bd8c07937b18f784eba81077818a8dd2a425ef40463e4949f","2026-06-07T12:00:00.000","2","DRIVER","2","2214186",,"CHEVROLET","MALIBU","IL","2018","UNKNOWN","PASSENGER","PERSONAL","S","TURNING RIGHT","Y",,"3",,"PRIVATE TOW",,,,,,,"Y","Y","Y",,,,,,,"REAR",,,,,,,,,,,,,,,,,,,,,,,,,,,,,,,,,
"2321577","3c4f98840404a401b692fbfc24e3d151a6f87538ad9a61ee53c212bdda3a13983aebd0631cdb1b21805d47a4b267c1890123208a39ac379160b1acf049f954f2","2026-06-07T12:00:00.000","1","DRIVER",,"2214225",,"UNKNOWN","ENCLOSED BODY","IL",,"NONE","PASSENGER","UNKNOWN/NA","W","STRAIGHT AHEAD",,,"1",,,,,,,,,,,,,,,,"Y",,"FRONT",,,,,,,,,,,,,,,,,,,,,,,,,,,,,,,,,
"2321578","3c4f98840404a401b692fbfc24e3d151a6f87538ad9a61ee53c212bdda3a13983aebd0631cdb1b21805d47a4b267c1890123208a39ac379160b1acf049f954f2","2026-06-07T12:00:00.000","2","DRIVER",,"2214230",,"CHEVROLET","EQUINOX","IL","2022","NONE","SPORT UTILITY VEHICLE (SUV)","PERSONAL","W","STRAIGHT AHEAD",,,"1",,,,,,,,,,"Y",,,,,,,,"REAR",,,,,,,,,,,,,,,,,,,,,,,,,,,,,,,,,
"2321434","d363f917e6558e706535b5b6b9b67eb2d4bfbbac9ad634911e1a47fb9d3245fd6f194b342d043bfa733914a934d9bf5f0d9bddf56a90a87066644266d0268cf9","2026-06-07T12:00:00.000","1","DRIVER",,"2214084",,"DODGE","DURANGO","IL","2022","UNKNOWN","SPORT UTILITY VEHICLE (SUV)","PERSONAL","N","PASSING/OVERTAKING",,,"1",,,,,"Y",,,,,,,,,,"Y","Y","Y","FRONT",,,,,,,,,,,,,,,,,,,,,,,,,,,,,,,,,
"2321435","d363f917e6558e706535b5b6b9b67eb2d4bfbbac9ad634911e1a47fb9d3245fd6f194b342d043bfa733914a934d9bf5f0d9bddf56a90a87066644266d0268cf9","2026-06-07T12:00:00.000","2","DRIVER","1","2214091",,"HONDA","CIVIC","IL","2001","UNKNOWN","PASSENGER","PERSONAL","N","STRAIGHT AHEAD",,,"2",,,,,,,,,,"Y","Y","Y",,,,,"Y","REAR-LEFT-CORNER",,,,,,,,,,,,,,,,,,,,,,,,,,,,,,,,,
"2321406","d729b21717cecb59d514eb8cfc92911df7f484284df5dd35e8d4dc58a3c5fb086e70120a7dca83815751df92cb41db4fefb59e272f56e8b50e9879fef76ddabd","2026-06-07T12:00:00.000","1","DRIVER",,"2214061",,"TOYOTA","COROLLA","IL",,"UNKNOWN","PASSENGER","UNKNOWN/NA","W","BACKING",,,"1",,,,,,,,,,,,,,,,,,"REAR",,,,,,,,,,,,,,,,,,,,,,,,,,,,,,,,,
"2321407","d729b21717cecb59d514eb8cfc92911df7f484284df5dd35e8d4dc58a3c5fb086e70120a7dca83815751df92cb41db4fefb59e272f56e8b50e9879fef76ddabd","2026-06-07T12:00:00.000","2","DRIVER",,"2214066",,"CHRYSLER","PACIFICA","CA","2025","NONE","VAN/MINI-VAN","PERSONAL","E","STRAIGHT AHEAD",,,"1",,,,,,,,,,,,,,,,,,"FRONT",,,,,,,,,,,,,,,,,,,,,,,,,,,,,,,,,
"2321402","8731e33f501d7226891d5d833b2e36395f175a4c3257389387643ccc4c6c1d3270929797614d23eabc6d167c6d9b3b4ea3116364c7c47c5c01f8994cf5eed0f8","2026-06-07T11:52:00.000","1","DRIVER",,"2214059",,"UNKNOWN","OTHER (EXPLAIN IN NARRATIVE)","IL",,"UNKNOWN","UNKNOWN/NA","UNKNOWN/NA","S","UNKNOWN/NA",,,"1",,,,,,,,,,,,,,,,,"Y","UNKNOWN",,,,,,,,,,,,,,,,,,,,,,,,,,,,,,,,,
"2321403","8731e33f501d7226891d5d833b2e36395f175a4c3257389387643ccc4c6c1d3270929797614d23eabc6d167c6d9b3b4ea3116364c7c47c5c01f8994cf5eed0f8","2026-06-07T11:52:00.000","2","PARKED",,"2214063",,"DODGE","DURANGO","IL","2026","UNKNOWN","PASSENGER","PERSONAL","N","PARKED",,,"0",,,,,,,,,"N",,"Y","Y",,,,,,"REAR-LEFT-CORNER",,,,,,,,,,,,,,,,,,,,,,,,,,,,,,,,,
"2321419","759188356448206e0ba8fac7c69bf053c65d0294fa8190aaf2a39e7b268e3a7924bb382922e969f79ff162713430f60ae9c92f3620cd8081dc2a215ed2c38788","2026-06-07T11:45:00.000","1","DRIVER",,"2214076",,"FORD","EDGE","IL","2008","UNKNOWN","PASSENGER","PERSONAL","NW","TURNING LEFT",,,"1",,,,,"Y",,,,,,,,,,"Y","Y",,"FRONT",,,,,,,,,,,,,,,,,,,,,,,,,,,,,,,,,
"2321420","759188356448206e0ba8fac7c69bf053c65d0294fa8190aaf2a39e7b268e3a7924bb382922e969f79ff162713430f60ae9c92f3620cd8081dc2a215ed2c38788","2026-06-07T11:45:00.000","2","DRIVER",,"2214083",,"ACURA","RLX","IL","2012","UNKNOWN","PASSENGER","PERSONAL","S","STRAIGHT AHEAD",,,"1",,,,,,,,,,,,,,,"Y",,,"FRONT-LEFT-CORNER",,,,,,,,,,,,,,,,,,,,,,,,,,,,,,,,,
"2321445","5a4a479b49639bbdbb484c86faf3bee73b4a012e61d0757dea639702783b2d8af2a177595ee78befe38155d70557252fac64094a82ff8c1c0e957d0d3804db23","2026-06-07T11:40:00.000","1","DRIVER",,"2214115",,"TOYOTA","YARIS","IL","2017","UNKNOWN","PASSENGER","PERSONAL","S","STRAIGHT AHEAD",,,"1",,,,,,,,,,,,"Y","Y","Y",,,,"SIDE-LEFT",,,,,,,,,,,,,,,,,,,,,,,,,,,,,,,,,
"2321446","5a4a479b49639bbdbb484c86faf3bee73b4a012e61d0757dea639702783b2d8af2a177595ee78befe38155d70557252fac64094a82ff8c1c0e957d0d3804db23","2026-06-07T11:40:00.000","2","DRIVER",,"2214121",,"CHRYSLER","PACIFICA","NY","2026","UNKNOWN","VAN/MINI-VAN","PERSONAL","N","STRAIGHT AHEAD",,,"1",,,,,,,,,,,"Y",,,,,,,"REAR-LEFT-CORNER",,,,,,,,,,,,,,,,,,,,,,,,,,,,,,,,,
"2321605","f61e6ee4e0d68a5e577f7c0c623a68131067dc628023187eac676fe1feb3ea125bb30ae2722b85b9b1f7bc2e7ee2ec44c7204fa3a9a0c3ba85e6b59f03ce9c99","2026-06-07T11:40:00.000","1","DRIVER",,"2214252",,"TOYOTA","CAMRY","IL","2012","NONE","PASSENGER","UNKNOWN/NA","S","STRAIGHT AHEAD",,,"1",,,,,,,,"Y","Y","Y",,,,,,,,"REAR-RIGHT-CORNER",,,,,,,,,,,,,,,,,,,,,,,,,,,,,,,,,
"2321606","f61e6ee4e0d68a5e577f7c0c623a68131067dc628023187eac676fe1feb3ea125bb30ae2722b85b9b1f7bc2e7ee2ec44c7204fa3a9a0c3ba85e6b59f03ce9c99","2026-06-07T11:40:00.000","2","DRIVER",,"2214253",,"VOLKSWAGEN","JETTA","IL","2026","NONE","PASSENGER","PERSONAL","E","STRAIGHT AHEAD",,,"1",,,,,"Y",,,,,,,,,,"Y","Y",,"FRONT",,,,,,,,,,,,,,,,,,,,,,,,,,,,,,,,,
"2321410","ad533bed3573d8642ffea3d2200924a48293c8e93d3b9d6730e59ab08b63f5d0af6b3f0638c345ca0f199ccd0c6ae00d5e0acb39478ba931514b5a3bfe2f65a9","2026-06-07T11:36:00.000","1","DRIVER",,"2214068",,"MERCEDES-BENZ","C-CLASS","IL","2015","NONE","PASSENGER","PERSONAL","S","PASSING/OVERTAKING",,,"1",,,,,,"Y","Y","Y","Y",,,,,,,,"Y","SIDE-RIGHT-REAR",,,,,,,,,,,,,,,,,,,,,,,,,,,,,,,,,
"2321411","ad533bed3573d8642ffea3d2200924a48293c8e93d3b9d6730e59ab08b63f5d0af6b3f0638c345ca0f199ccd0c6ae00d5e0acb39478ba931514b5a3bfe2f65a9","2026-06-07T11:36:00.000","2","DRIVER",,"2214072",,"LEXUS","NX","IL","2015","NONE","PASSENGER","PERSONAL","S","SLOW/STOP IN TRAFFIC",,,"1",,,,,,,,,,"Y","Y","Y","Y",,,,"Y","REAR-LEFT-CORNER",,,,,,,,,,,,,,,,,,,,,,,,,,,,,,,,,
"2321589","371cde2b5ff267709187ba5df33927805b1c04cc8471c6e4410f296f15bc8cd5f52b00a74f0f0df55979c04b478b79787a375499d7e89f6ef5d4cc9774f1f692","2026-06-07T11:30:00.000","1","DRIVER",,"2214236",,"TOYOTA","HIGHLANDER","IL","2018","NONE","SPORT UTILITY VEHICLE (SUV)","PERSONAL","N","STRAIGHT AHEAD",,,"1",,,,,,,,,,,,,,,,"Y",,"FRONT",,,,,,,,,,,,,,,,,,,,,,,,,,,,,,,,,
"2321590","371cde2b5ff267709187ba5df33927805b1c04cc8471c6e4410f296f15bc8cd5f52b00a74f0f0df55979c04b478b79787a375499d7e89f6ef5d4cc9774f1f692","2026-06-07T11:30:00.000","2","DRIVER",,"2214241",,"TESLA","MODEL Y","IL","2024","NONE","PASSENGER","PERSONAL","N","SLOW/STOP IN TRAFFIC",,,"1",,,,,,,,,,"Y",,,,,,,,"REAR",,,,,,,,,,,,,,,,,,,,,,,,,,,,,,,,,
"2321501","d9681379058eeb70c5b1a7e9e70c58f9196d9b08122629beb211d610d0d75f327c9b3db17c10a4283ced884e5042b464115e2c591293fc1ccf1651de32bb7a01","2026-06-07T11:25:00.000","1","DRIVER",,"2214155",,"FORD","ESCAPE","IL","2014","UNKNOWN","UNKNOWN/NA","UNKNOWN/NA","UNKNOWN","UNKNOWN/NA",,,"1",,,,,,,,,,,,,,,,,"Y","REAR",,,,,,,,,,,,,,,,,,,,,,,,,,,,,,,,,
"2321502","d9681379058eeb70c5b1a7e9e70c58f9196d9b08122629beb211d610d0d75f327c9b3db17c10a4283ced884e5042b464115e2c591293fc1ccf1651de32bb7a01","2026-06-07T11:25:00.000","2","PARKED","1","2214157",,"NISSAN","SENTRA","IL","2025","UNKNOWN","PASSENGER","PERSONAL","UNKNOWN","PARKED",,,"1",,,,,,,,,,,,,,,"Y",,,"FRONT-LEFT-CORNER",,,,,,,,,,,,,,,,,,,,,,,,,,,,,,,,,
"2321835","87a4d3e0ab92ed85baff2b2455fc172ba8a9b62c14af673c415054773b9e9318ffb5e76afab2c09b4508386e72a8926b055301545832fc97b2864c8da67a1d7a","2026-06-07T11:15:00.000","1","DRIVER",,"2214477",,"NISSAN","ROGUE",,"2014","NONE","PASSENGER","PERSONAL","S","TURNING LEFT",,,"1",,,,,,"Y","Y","Y",,,,,,,,,,"SIDE-RIGHT",,,,,,,,,,,,,,,,,,,,,,,,,,,,,,,,,
"2321836","87a4d3e0ab92ed85baff2b2455fc172ba8a9b62c14af673c415054773b9e9318ffb5e76afab2c09b4508386e72a8926b055301545832fc97b2864c8da67a1d7a","2026-06-07T11:15:00.000","2","DRIVER",,"2214478",,"SUBARU","LEGACY","IL","2022","NONE","PASSENGER","PERSONAL","N","STRAIGHT AHEAD",,,"1",,,,,,,,,,,,,,,"Y","Y",,"FRONT",,,,,,,,,,,,,,,,,,,,,,,,,,,,,,,,,
"2321399","f7dd065e3fe3ba7d4c946005e4d121306c746f0cd159e4c1e69b8e142f578fb73a6aefe4c70c3fb898131ede279ca24fd72f2b5c3eb339e3aa8c624b440ec568","2026-06-07T11:15:00.000","1","DRIVER","1","2214058",,"JEEP","COMPASS","IL","2023","UNKNOWN","SPORT UTILITY VEHICLE (SUV)","PERSONAL","S","STRAIGHT AHEAD","Y",,"2",,"personal tow","home",,"Y",,,,,,,,,,"Y","Y",,"FRONT",,,,,,,,,,,,,,,,,,,,,,,,,,,,,,,,,
"2321400","f7dd065e3fe3ba7d4c946005e4d121306c746f0cd159e4c1e69b8e142f578fb73a6aefe4c70c3fb898131ede279ca24fd72f2b5c3eb339e3aa8c624b440ec568","2026-06-07T11:15:00.000","2","DRIVER","1","2214064",,"BUICK","LACROSSE","IL","2013","NONE","PASSENGER","PERSONAL","E","STRAIGHT AHEAD","Y",,"2",,,,,"Y",,,,,,,"Y",,"Y","Y","Y",,"REAR-LEFT-CORNER",,,,,,,,,,,,,,,,,,,,,,,,,,,,,,,,,
"2321376","689da5e9af0a1a697bd18c93bcc46b4192a9fb78c8a5d35e947d1ea39be75d036b5b2b52851281c748988dd064317cc1c2ad357a06a4401f94667bf4c4881269","2026-06-07T11:10:00.000","1","DRIVER",,"2214037",,"FORD","EXPLORER","IL","2020","NONE","SPORT UTILITY VEHICLE (SUV)","OTHER","S","PASSING/OVERTAKING",,,"1",,,,,,,"Y",,,,,,,,,,,"OTHER",,,,,,,,,,,,,,,,,,,,,,,,,,,,,,,,,
"2321394","689da5e9af0a1a697bd18c93bcc46b4192a9fb78c8a5d35e947d1ea39be75d036b5b2b52851281c748988dd064317cc1c2ad357a06a4401f94667bf4c4881269","2026-06-07T11:10:00.000","2","DRIVER","1","2214044",,"HONDA","CR-V","IL","2020","UNKNOWN","SPORT UTILITY VEHICLE (SUV)","PERSONAL","S","STRAIGHT AHEAD",,,"2",,,,,,,,,,,,,"Y",,,,,"OTHER",,,,,,,,,,,,,,,,,,,,,,,,,,,,,,,,,
"2321438","c955e71845b202545e75fae821113609eba5dd5fbffd0e58e814b2fb05e4c9fc81e78fd23dada451130fc08bab5ad20dfea133ce9fad17d49203eb629d215710","2026-06-07T11:07:00.000","1","DRIVER",,"2214088",,"FORD","FOCUS","IN","2007","UNKNOWN","PASSENGER","PERSONAL","S","STRAIGHT AHEAD","Y",,"1",,"city of chicago","103 s. doty rd.",,"Y","Y","Y",,,,,,"Y","Y","Y","Y",,"FRONT",,,,,,,,,,,,,,,,,,,,,,,,,,,,,,,,,
"2321397","a5ef3f829c601688d5cf51f09b41ae8648e61a6d21acbbe106dd00e15d937f14dfb88090f4df7e00080076f807115093901da9017f3b9e68af0f1ff3f451267e","2026-06-07T11:05:00.000","1","DRIVER",,"2214048",,"UNKNOWN","OTHER (EXPLAIN IN NARRATIVE)",,,"UNKNOWN","SPORT UTILITY VEHICLE (SUV)","PERSONAL","W","STRAIGHT AHEAD",,,"1",,,,,,,,,,,,,,,,,"Y","FRONT-RIGHT-CORNER",,,,,,,,,,,,,,,,,,,,,,,,,,,,,,,,,
"2321398","a5ef3f829c601688d5cf51f09b41ae8648e61a6d21acbbe106dd00e15d937f14dfb88090f4df7e00080076f807115093901da9017f3b9e68af0f1ff3f451267e","2026-06-07T11:05:00.000","2","DRIVER",,"2214053","Y","NOVA BUS","OTHER (EXPLAIN IN NARRATIVE)","IL","2022","UNKNOWN","BUS OVER 15 PASS.","CTA","W","STRAIGHT AHEAD",,,"1",,,,,,,,,,,,,"Y","Y","Y",,,"SIDE-LEFT","23630",,,,,,"CHICAGO TRANSIT AUTHORITY BUS#8354","IL","CHICAGO",,,,"N","N",,"N",,"N","N",,,,,,,,,"BUS","BUS","OTHER","N","N",
"2321793","57706972d191b21ae8cbacd0516f7f6a2b596871a38f52c59955e8b470a822371e0945264c7ba5135d1d877d1c968c2e0d7758c6c7d269e8263cdb012af715d5","2026-06-07T11:00:00.000","1","DRIVER",,"2214428",,"UNKNOWN","OTHER (EXPLAIN IN NARRATIVE)",,,"UNKNOWN","PASSENGER","UNKNOWN/NA","E","CHANGING LANES",,,"1",,,,,"Y","Y",,,,,,,,,,,,"FRONT-RIGHT-CORNER",,,,,,,,,,,,,,,,,,,,,,,,,,,,,,,,,
"2321796","57706972d191b21ae8cbacd0516f7f6a2b596871a38f52c59955e8b470a822371e0945264c7ba5135d1d877d1c968c2e0d7758c6c7d269e8263cdb012af715d5","2026-06-07T11:00:00.000","2","DRIVER","1","2214432",,"AUDI","Q7","NB","2020","UNKNOWN","PASSENGER","PERSONAL","E","MERGING",,,"2",,,,,,,,,,,,,,"Y","Y",,,"REAR-LEFT-CORNER",,,,,,,,,,,,,,,,,,,,,,,,,,,,,,,,,
"2321395","5d5b8cbe85ab40b6e6655390041c66be43a6ff5ef438ad58f6a03a94a0571f4973f96e8318c867efcc2d7fa4cbf32781c2d181d62a929ebea342d860137d4503","2026-06-07T11:00:00.000","1","DRIVER",,"2214050",,"HYUNDAI","ELANTRA","IL","2024","NONE","PASSENGER","PERSONAL","NW","TURNING RIGHT",,,"1",,,,,,"Y","Y","Y","Y",,,,,,,,,"SIDE-RIGHT-REAR",,,,,,,,,,,,,,,,,,,,,,,,,,,,,,,,,
"2321396","5d5b8cbe85ab40b6e6655390041c66be43a6ff5ef438ad58f6a03a94a0571f4973f96e8318c867efcc2d7fa4cbf32781c2d181d62a929ebea342d860137d4503","2026-06-07T11:00:00.000","2","DRIVER",,"2214056",,"BLUEBIRD INTERNATIONAL","BLUEBIRD INTERNATIONAL","IL","2016","NONE","TRUCK - SINGLE UNIT","PERSONAL","NW","TURNING RIGHT",,,"1",,,,,,,,,,,"Y","Y",,,,,,"SIDE-LEFT-REAR",,,,,,,,,,,,,,,,,,,,,,,,,,,,,,,,,
"2321390","c27d395cf33be2a20274862e980eea5837aeba642c46cfbab769f43fa42a7b3bdc7d1ae379eb91deb099b6527b6cd249aa26a2a7d06742e48df0fd91b9fe0557","2026-06-07T11:00:00.000","1","DRIVER",,"2214049",,"FORD","F150","IL","2009","UNKNOWN","PICKUP","PERSONAL","N","MERGING",,,"1",,,,,,,,,,,"Y",,,,,,,"SIDE-LEFT",,,,,,,,,,,,,,,,,,,,,,,,,,,,,,,,,
"2321391","c27d395cf33be2a20274862e980eea5837aeba642c46cfbab769f43fa42a7b3bdc7d1ae379eb91deb099b6527b6cd249aa26a2a7d06742e48df0fd91b9fe0557","2026-06-07T11:00:00.000","2","DRIVER",,"2214055",,"VOLVO","XC60","IL","2015","UNKNOWN","PASSENGER","PERSONAL","N","STRAIGHT AHEAD",,,"1",,,,,"Y","Y",,,,,,,,,,,,"SIDE-LEFT-FRONT",,,,,,,,,,,,,,,,,,,,,,,,,,,,,,,,,
"2321382","26347266c62bde09b94b41411cdcbf791ad90f9da4955cb6c00a7e1936fb0bab48a7259ddb77fd5dc89be09d06913c87c820ce7a2e8f3a28e1ea5544f0966247","2026-06-07T10:54:00.000","1","DRIVER",,"2214041",,"FORD","EXPLORER","IL","2002","NONE","SPORT UTILITY VEHICLE (SUV)","PERSONAL","N","STRAIGHT AHEAD",,,"1",,,,,,,,,,,,,,,,"Y",,"FRONT",,,,,,,,,,,,,,,,,,,,,,,,,,,,,,,,,
"2321383","26347266c62bde09b94b41411cdcbf791ad90f9da4955cb6c00a7e1936fb0bab48a7259ddb77fd5dc89be09d06913c87c820ce7a2e8f3a28e1ea5544f0966247","2026-06-07T10:54:00.000","2","DRIVER",,"2214046",,"TESLA","MODEL X","IL","2018","NONE","PASSENGER","PERSONAL","N","STRAIGHT AHEAD",,,"1",,,,,,,,,,"Y",,,,,,"Y",,"REAR",,,,,,,,,,,,,,,,,,,,,,,,,,,,,,,,,
"2321384","26347266c62bde09b94b41411cdcbf791ad90f9da4955cb6c00a7e1936fb0bab48a7259ddb77fd5dc89be09d06913c87c820ce7a2e8f3a28e1ea5544f0966247","2026-06-07T10:54:00.000","3","DRIVER",,"2214052",,"ACURA","ADX","IL","2016","NONE","SPORT UTILITY VEHICLE (SUV)","PERSONAL","N","SLOW/STOP IN TRAFFIC",,,"1",,,,,,,,,,"Y",,,,,,,,"REAR",,,,,,,,,,,,,,,,,,,,,,,,,,,,,,,,,
"2321380","070bba00489cae5d385cc1ee89fafd4f70312154ed3e6536a66c7ec306b68b50f6c8f83814a37a1a22fced6adead0e4696622c9c7d660343d15b7302667b4415","2026-06-07T10:50:00.000","1","DRIVER",,"2214054",,"HONDA","OTHER (EXPLAIN IN NARRATIVE)","IL",,"OTHER","UNKNOWN/NA","UNKNOWN/NA","E","BACKING",,,"1",,,,,,,,,,,,,,,,,,"UNKNOWN",,,,,,,,,,,,,,,,,,,,,,,,,,,,,,,,,
"2321381","070bba00489cae5d385cc1ee89fafd4f70312154ed3e6536a66c7ec306b68b50f6c8f83814a37a1a22fced6adead0e4696622c9c7d660343d15b7302667b4415","2026-06-07T10:50:00.000","2","DRIVER","1","2214038",,"CHEVROLET","MALIBU","IL","2006","NONE","PASSENGER","PERSONAL","W","SLOW/STOP IN TRAFFIC",,,"2",,,,,,,,,,,,,,"Y","Y",,,"SIDE-LEFT",,,,,,,,,,,,,,,,,,,,,,,,,,,,,,,,,
"2321378","72dcffb73b3d798ec55ed52f96831bdf5bc9b4854bb016e915e54d0fc78855fce4e723269cd4257bec472c48d74d586a92fd8d5915c8e79fffcc4b76486fc713","2026-06-07T10:50:00.000","1","DRIVER",,"2214030",,"CHEVROLET","TAHOE","MN","2003","NONE","PASSENGER","PERSONAL","N","PASSING/OVERTAKING",,,"1",,,,,"Y","Y","Y","Y",,,,,,,,,,"SIDE-RIGHT",,,,,,,,,,,,,,,,,,,,,,,,,,,,,,,,,
"2321379","72dcffb73b3d798ec55ed52f96831bdf5bc9b4854bb016e915e54d0fc78855fce4e723269cd4257bec472c48d74d586a92fd8d5915c8e79fffcc4b76486fc713","2026-06-07T10:50:00.000","2","DRIVER",,"2214047",,"LEXUS","UX","IL","2021","NONE","PASSENGER","PERSONAL","N","STRAIGHT AHEAD",,,"1",,,,,,,,,,,,"Y","Y","Y","Y",,,"SIDE-LEFT",,,,,,,,,,,,,,,,,,,,,,,,,,,,,,,,,
"2321486","dceff6ed4ddca12533ecff663d759a472beedee12335d93d8f15aad67111f8b32a1f4e53b244f54eef4d83a5e44d5b66c575cd38eca9f041b16a7a6c8e8d8455","2026-06-07T10:45:00.000","1","DRIVER",,"2214144",,"HYUNDAI","ELANTRA","IL","2020","NONE","PASSENGER","PERSONAL","S","STRAIGHT AHEAD","Y",,"1",,"PRIVATE TOW COMPANY","AUTO BODY SHOP",,,,,,,,,,,"Y","Y",,,"SIDE-LEFT-FRONT",,,,,,,,,,,,,,,,,,,,,,,,,,,,,,,,,
"2321487","dceff6ed4ddca12533ecff663d759a472beedee12335d93d8f15aad67111f8b32a1f4e53b244f54eef4d83a5e44d5b66c575cd38eca9f041b16a7a6c8e8d8455","2026-06-07T10:45:00.000","2","DRIVER","2","2214150",,"LINCOLN","NAVIGATOR","IL","2005","NONE","PASSENGER","PERSONAL","S","CHANGING LANES","Y",,"3",,"CITY OF CHICAGO","AUTO POUND",,,,,,"Y","Y",,,,,,,,"REAR-RIGHT-CORNER",,,,,,,,,,,,,,,,,,,,,,,,,,,,,,,,,
"2321360","23a7a43f2fe602e1d053697f830af11a3c84fa42a4b2a51c5cce781be1f9831ae41f5853e3b1607edd7c02bc50466c544d5ebf7e4fbd77d2715be0080271f1a8","2026-06-07T10:42:00.000","1","DRIVER",,"2214017",,"HYUNDAI","SONATA","IL","2018","NONE","PASSENGER","PERSONAL","S","PASSING/OVERTAKING","Y",,"1",,,,,"Y",,,,,,,,,,,,,"FRONT-RIGHT-CORNER",,,,,,,,,,,,,,,,,,,,,,,,,,,,,,,,,