"crash_unit_id","crash_record_id","crash_date","unit_no","unit_type","num_passengers","vehicle_id","cmrc_veh_i","make","model","lic_plate_state","vehicle_year","vehicle_defect","vehicle_type","vehicle_use","travel_direction","maneuver","towed_i","fire_i","occupant_cnt","exceed_speed_limit_i","towed_by","towed_to","area_00_i","area_01_i","area_02_i","area_03_i","area_04_i","area_05_i","area_06_i","area_07_i","area_08_i","area_09_i","area_10_i","area_11_i","area_12_i","area_99_i","first_contact_point","cmv_id","usdot_no","ccmc_no","ilcc_no","commercial_src","gvwr","carrier_name","carrier_state","carrier_city","hazmat_placards_i","hazmat_name","un_no","hazmat_present_i","hazmat_report_i","hazmat_report_no","mcs_report_i","mcs_report_no","hazmat_vio_cause_crash_i","mcs_vio_cause_crash_i","idot_permit_no","wide_load_i","trailer1_width","trailer2_width","trailer1_length","trailer2_length","total_vehicle_length","axle_cnt","vehicle_config","cargo_body_type","load_type","hazmat_out_of_service_i","mcs_out_of_service_i","hazmat_class"
"2321361","23a7a43f2fe602e1d053697f830af11a3c84fa42a4b2a51c5cce781be1f9831ae41f5853e3b1607edd7c02bc50466c544d5ebf7e4fbd77d2715be0080271f1a8","2026-06-07T10:42:00.000","2","DRIVER",,"2214021",,"UNKNOWN","OTHER (EXPLAIN IN NARRATIVE)","IL",,"UNKNOWN","SPORT UTILITY VEHICLE (SUV)","UNKNOWN/NA","S","SLOW/STOP IN TRAFFIC",,,"1",,,,,,,,,,,,,,"Y","Y","N",,"FRONT-LEFT-CORNER",,,,,,,,,,,,,,,,,,,,,,,,,,,,,,,,,
"2321430","8350c2e27bd9eee108f65775c66708c7bc5f9f1232753ca8c5c0795328c681ab75afa2b1ca33d534319e0def3d02accc6c4224b5d8f8087641dc01cd2fd6e15c","2026-06-07T10:42:00.000","1","DRIVER",,"2214085",,"CHEVROLET","TRAIL BLAZER","IL","2026","NONE","PASSENGER","PERSONAL","SE","TURNING LEFT",,,"1",,,,,,,,,,,,,,,,,"Y","UNKNOWN",,,,,,,,,,,,,,,,,,,,,,,,,,,,,,,,,
"2321431","8350c2e27bd9eee108f65775c66708c7bc5f9f1232753ca8c5c0795328c681ab75afa2b1ca33d534319e0def3d02accc6c4224b5d8f8087641dc01cd2fd6e15c","2026-06-07T10:42:00.000","2","DRIVER",,"2214097",,"BMW","325I","IN","2024","NONE","PASSENGER","PERSONAL","E","STRAIGHT AHEAD","Y",,"1",,"private","unk",,"Y","Y",,,,"Y","Y","Y",,,"Y","Y","Y","REAR-LEFT-CORNER",,,,,,,,,,,,,,,,,,,,,,,,,,,,,,,,,
"2321432","8350c2e27bd9eee108f65775c66708c7bc5f9f1232753ca8c5c0795328c681ab75afa2b1ca33d534319e0def3d02accc6c4224b5d8f8087641dc01cd2fd6e15c","2026-06-07T10:42:00.000","3","DRIVERLESS",,"2214101",,"FORD","ESCAPE","IL","2011","NONE","PASSENGER","PERSONAL","E","PARKED",,,"0",,,,,,,,,,"Y","Y","Y",,,"Y","Y","Y","REAR",,,,,,,,,,,,,,,,,,,,,,,,,,,,,,,,,
"2321433","8350c2e27bd9eee108f65775c66708c7bc5f9f1232753ca8c5c0795328c681ab75afa2b1ca33d534319e0def3d02accc6c4224b5d8f8087641dc01cd2fd6e15c","2026-06-07T10:42:00.000","4","DRIVERLESS",,"2214104",,"SUBARU","CROSSTREK","IL","2019","NONE","PASSENGER","PERSONAL","E","PARKED",,,"0",,,,,,,,,,"Y","Y","N",,,,,"Y","REAR",,,,,,,,,,,,,,,,,,,,,,,,,,,,,,,,,
"2321408","281ed45f3306b9ced1249b588e98859f5869e232bfdc3af4af5cd7ddb4697f492154965a6c349226976101ccfc5974941fd1faf1d6a89641832b70a39160b6ec","2026-06-07T10:32:00.000","1","DRIVER",,"2214065",,"HYUNDAI","TUCSON","IL","2010","UNKNOWN","PASSENGER","PERSONAL","E","STRAIGHT AHEAD",,,"1",,,,,,,,,,,,,,,"Y","Y",,"FRONT-LEFT-CORNER",,,,,,,,,,,,,,,,,,,,,,,,,,,,,,,,,
"2321409","281ed45f3306b9ced1249b588e98859f5869e232bfdc3af4af5cd7ddb4697f492154965a6c349226976101ccfc5974941fd1faf1d6a89641832b70a39160b6ec","2026-06-07T10:32:00.000","2","DRIVER",,"2214070",,"BMW","OTHER (EXPLAIN IN NARRATIVE)","IL","2024","UNKNOWN","PASSENGER","PERSONAL","W","STRAIGHT AHEAD",,,"1",,,,,,,,,,,,,,,"Y",,,"FRONT-LEFT-CORNER",,,,,,,,,,,,,,,,,,,,,,,,,,,,,,,,,
"2321581","5a2de77075e916a44c096ba74efad24678b8380e4e4f6c9cbba179d5b7fb2190a7ccbc09e151a4d7d48edefa87578224cd02227e6587449b13411ee6908bdb66","2026-06-07T10:27:00.000","1","DRIVER",,"2214232",,"VOLKSWAGEN","JETTA","IL","2018","UNKNOWN","PASSENGER","UNKNOWN/NA","S","STRAIGHT AHEAD",,,"1",,,,,,,,,,,,,,,,"Y",,"FRONT",,,,,,,,,,,,,,,,,,,,,,,,,,,,,,,,,
"2321582","5a2de77075e916a44c096ba74efad24678b8380e4e4f6c9cbba179d5b7fb2190a7ccbc09e151a4d7d48edefa87578224cd02227e6587449b13411ee6908bdb66","2026-06-07T10:27:00.000","2","DRIVER",,"2214233",,"CHEVROLET","COLORADO","IL","2012","NONE","PICKUP","PERSONAL","E","STRAIGHT AHEAD",,,"1",,,,,,,,,,,,,,,,"Y",,"FRONT",,,,,,,,,,,,,,,,,,,,,,,,,,,,,,,,,
"2321338","12ae48ea08a3067ea0fd6ce6e761c0b34523de29ad0d5d4197ea5ea44756d0e824a9fd81e9c953ac40c4760b6f98e058894ba2ee6c8040e8b41ae06431685841","2026-06-07T10:25:00.000","1","DRIVER",,"2214001",,"NISSAN","OTHER (EXPLAIN IN NARRATIVE)","FL","2023","UNKNOWN","PASSENGER","OTHER","E","CHANGING LANES",,,"1",,,,,,,,,,,,"Y","Y",,,,,"SIDE-LEFT",,,,,,,,,,,,,,,,,,,,,,,,,,,,,,,,,
"2321339","12ae48ea08a3067ea0fd6ce6e761c0b34523de29ad0d5d4197ea5ea44756d0e824a9fd81e9c953ac40c4760b6f98e058894ba2ee6c8040e8b41ae06431685841","2026-06-07T10:25:00.000","2","DRIVER","2","2214003",,"SUBARU","FORESTER","IL","2019","UNKNOWN","SPORT UTILITY VEHICLE (SUV)","PERSONAL","E","STRAIGHT AHEAD",,,"3",,,,,"Y","Y",,,,,,,,,,,,"FRONT-RIGHT-CORNER",,,,,,,,,,,,,,,,,,,,,,,,,,,,,,,,,
"2321374","2b1ec6c7b9b275142b6f899828730de480e6a5aab8eaa52fd4d2951bd6e40765bbcfaf564a45364ae96f0191758b00f8b4b1867a98698ee560f391b1da32bda1","2026-06-07T10:22:00.000","1","DRIVER",,"2214029",,"HYUNDAI","ACCENT","IL","2013","NONE","PASSENGER","PERSONAL","N","TURNING RIGHT",,,"1",,,,,,,"N","Y",,,,,,,,,,"SIDE-RIGHT-REAR",,,,,,,,,,,,,,,,,,,,,,,,,,,,,,,,,
"2321375","2b1ec6c7b9b275142b6f899828730de480e6a5aab8eaa52fd4d2951bd6e40765bbcfaf564a45364ae96f0191758b00f8b4b1867a98698ee560f391b1da32bda1","2026-06-07T10:22:00.000","2","DRIVER",,"2214034",,"NOVA BUS","LFS","IL",,"NONE","BUS OVER 15 PASS.","CTA","N","STRAIGHT AHEAD",,,"1",,,,,,,,,,,,,,,"Y",,,"FRONT-LEFT-CORNER",,,,,,,,,,,,,,,,,,,,,,,,,,,,,,,,,
"2321364","19685df89aa96c75f54a0bebba6434f2d60701b8f643ba0f5bcf5128a3cc6c0ed58d88bcc066b77ed019f3cbf050b1788254ee681052038d1e82b0a3a97d470a","2026-06-07T10:00:00.000","1","DRIVER",,"2214018",,"FORD","ECONOLINE E350","IL","1990","NONE","VAN/MINI-VAN","UNKNOWN/NA","N","PASSING/OVERTAKING",,,"1",,,,,"Y",,,,,,,,,,"Y","Y",,"SIDE-RIGHT",,,,,,,,,,,,,,,,,,,,,,,,,,,,,,,,,
"2321365","19685df89aa96c75f54a0bebba6434f2d60701b8f643ba0f5bcf5128a3cc6c0ed58d88bcc066b77ed019f3cbf050b1788254ee681052038d1e82b0a3a97d470a","2026-06-07T10:00:00.000","2","DRIVER","1","2214026",,"FORD","F450","IL","2020","NONE","BUS UP TO 15 PASS.","OTHER","N","SLOW/STOP IN TRAFFIC",,,"2",,,,,,,,,,,"Y","Y","Y",,,,,"SIDE-LEFT",,,,,,,,,,,,,,,,,,,,,,,,,,,,,,,,,
"2321369","2c3fd56dcde8a103d1b66e6a8b3224b30cac7ca81e1b929aa427110cf09fa10a6260003ff6223c0613ccbb1223b0e051eaa27afd6f93f87d3b3ae35f65f811d6","2026-06-07T10:00:00.000","1","DRIVER",,"2214028",,"FORD","F150","IL","2007","NONE","PICKUP","PERSONAL","UNKNOWN","ENTERING TRAFFIC LANE FROM PARKING",,,"1",,,,,,,,,,,,,,,,"Y",,"FRONT",,,,,,,,,,,,,,,,,,,,,,,,,,,,,,,,,
"2321370","2c3fd56dcde8a103d1b66e6a8b3224b30cac7ca81e1b929aa427110cf09fa10a6260003ff6223c0613ccbb1223b0e051eaa27afd6f93f87d3b3ae35f65f811d6","2026-06-07T10:00:00.000","2","DRIVER",,"2214031",,"LEXUS","GS350","IL","2007","NONE","PASSENGER","PERSONAL","UNKNOWN","STRAIGHT AHEAD",,,"1",,,,,,"Y","Y","Y","Y",,,,,,,,,"SIDE-RIGHT",,,,,,,,,,,,,,,,,,,,,,,,,,,,,,,,,
"2321782","31ab84b996cf837e61fc576b9e8f644d3397f90aa4499853572afe81b517d50e1471efff585c2359d8e5a727c6e2681ed5dea39f1226675ab754c7150f25c28e","2026-06-07T10:00:00.000","2","PARKED",,"2214448",,"CHEVROLET","EQUINOX","IL","2021","NONE","PASSENGER","PERSONAL","E","PARKED","Y",,"0",,"OWNER","OWNER",,,,,,,,"Y","Y","Y",,,,,"REAR-LEFT-CORNER",,,,,,,,,,,,,,,,,,,,,,,,,,,,,,,,,
"2321813","31ab84b996cf837e61fc576b9e8f644d3397f90aa4499853572afe81b517d50e1471efff585c2359d8e5a727c6e2681ed5dea39f1226675ab754c7150f25c28e","2026-06-07T10:00:00.000","1","DRIVER",,"2214455",,"UNKNOWN","OTHER (EXPLAIN IN NARRATIVE)",,,"UNKNOWN","UNKNOWN/NA","UNKNOWN/NA","E","UNKNOWN/NA",,,"1",,,,,,,,,,,,,,,,,"Y","UNKNOWN",,,,,,,,,,,,,,,,,,,,,,,,,,,,,,,,,
"2321334","391f0a088cd939871850ac2235ca3a457914e6a9a8a6ef1b1133644c4da6b5abab50452e46d97d6f02f4822b2d5b3de4290748b70cad9014d723b7bad9475f19","2026-06-07T10:00:00.000","1","DRIVER",,"2213997",,"AUDI","SQ5","IL","2022","UNKNOWN","SPORT UTILITY VEHICLE (SUV)","UNKNOWN/NA","W","STRAIGHT AHEAD",,,"1",,,,,,,,,,,,,,"Y","Y",,,"FRONT-LEFT-CORNER",,,,,,,,,,,,,,,,,,,,,,,,,,,,,,,,,
"2321335","391f0a088cd939871850ac2235ca3a457914e6a9a8a6ef1b1133644c4da6b5abab50452e46d97d6f02f4822b2d5b3de4290748b70cad9014d723b7bad9475f19","2026-06-07T10:00:00.000","2","DRIVER",,"2214000",,"MITSUBISHI","ECLIPSE","GA","2025","NONE","SPORT UTILITY VEHICLE (SUV)","PERSONAL","W","SLOW/STOP IN TRAFFIC",,,"1",,,,,,,,"Y","Y","Y",,,,,,,,"REAR-RIGHT-CORNER",,,,,,,,,,,,,,,,,,,,,,,,,,,,,,,,,
"2321479","c4781fcf0c5ca21ee04b2382a392a73914565283f8e377cc882c97f5c9aceedbf1728c5574e2e0214902f131ec46cde9145e9a87c1824fca333bd9d8b21845ba","2026-06-07T10:00:00.000","1","DRIVER",,"2214134",,"LEXUS","OTHER (EXPLAIN IN NARRATIVE)",,"2025","UNKNOWN","PASSENGER","PERSONAL","SE","TURNING RIGHT",,,"1",,,,,,,,,,,,,,,"Y","Y",,"FRONT",,,,,,,,,,,,,,,,,,,,,,,,,,,,,,,,,
"2321480","c4781fcf0c5ca21ee04b2382a392a73914565283f8e377cc882c97f5c9aceedbf1728c5574e2e0214902f131ec46cde9145e9a87c1824fca333bd9d8b21845ba","2026-06-07T10:00:00.000","2","DRIVER",,"2214129",,"MERCEDES-BENZ","GLE","IL","2020","NONE","PASSENGER","PERSONAL","SE","TURNING RIGHT",,,"1",,,,,,"Y","Y","Y",,,,,,,,,,"SIDE-RIGHT",,,,,,,,,,,,,,,,,,,,,,,,,,,,,,,,,
"2321733","2b353236d3fe437faacc07299d41a4cec3b0cc9161b4ea48b01988b82e4c15b1aa584d940161d972709a7e381ee1f97fc2f71717ec4daf0780b73c520c9cf6b0","2026-06-07T09:30:00.000","1","DRIVER",,"2214383",,"FORD","EXPLORER","IL","2011","UNKNOWN","SPORT UTILITY VEHICLE (SUV)","UNKNOWN/NA","UNKNOWN","UNKNOWN/NA",,,"1",,,,,,,,,,,,,,,,,"Y","UNKNOWN",,,,,,,,,,,,,,,,,,,,,,,,,,,,,,,,,
"2321734","2b353236d3fe437faacc07299d41a4cec3b0cc9161b4ea48b01988b82e4c15b1aa584d940161d972709a7e381ee1f97fc2f71717ec4daf0780b73c520c9cf6b0","2026-06-07T09:30:00.000","2","DRIVER",,"2214389",,"CHEVROLET","EQUINOX","IL","2012","UNKNOWN","SPORT UTILITY VEHICLE (SUV)","PERSONAL","UNKNOWN","UNKNOWN/NA",,,"1",,,,,,,,,,,,,,"Y","Y",,,"UNKNOWN",,,,,,,,,,,,,,,,,,,,,,,,,,,,,,,,,
"2321352","781f9f8c416e2b569bb6224a32f69430cc66f3cd5682c192188d36bf8dea0a17fa62c21b2f54d60bbcda9a9fb8ca9392a6b0318d3aac252d218db0fc7fdaf96a","2026-06-07T09:29:00.000","1","DRIVER",,"2214022",,"DODGE","RAM 1500 PU","OK","2019","UNKNOWN","PICKUP","UNKNOWN/NA","S","TURNING LEFT",,,"1",,,,,"Y",,,,,,,,,,"Y","Y",,"FRONT",,,,,,,,,,,,,,,,,,,,,,,,,,,,,,,,,
"2321353","781f9f8c416e2b569bb6224a32f69430cc66f3cd5682c192188d36bf8dea0a17fa62c21b2f54d60bbcda9a9fb8ca9392a6b0318d3aac252d218db0fc7fdaf96a","2026-06-07T09:29:00.000","2","DRIVER",,"2214039",,"PORSCHE","CAYENNE","IL","2013","UNKNOWN","PASSENGER","UNKNOWN/NA","E","TURNING LEFT",,,"1",,,,,,,,,,,,"Y","Y","Y",,,,"SIDE-LEFT-FRONT",,,,,,,,,,,,,,,,,,,,,,,,,,,,,,,,,
"2321342","9c8380940c112d0483ed1a23db98133b0d4a308dca2f596f1b42e0b97202e6d7bba9328563ff2140ff6ad0f2e3a2cac8000936c74254185dd280a02a0b3a365a","2026-06-07T09:29:00.000","1","DRIVER",,"2214015",,"PORSCHE","CAYENNE","IL","2013","NONE","PASSENGER","UNKNOWN/NA","W","STRAIGHT AHEAD",,,"1",,,,,,,,,,,,"Y","Y","Y",,,,"SIDE-LEFT",,,,,,,,,,,,,,,,,,,,,,,,,,,,,,,,,
"2321343","9c8380940c112d0483ed1a23db98133b0d4a308dca2f596f1b42e0b97202e6d7bba9328563ff2140ff6ad0f2e3a2cac8000936c74254185dd280a02a0b3a365a","2026-06-07T09:29:00.000","2","DRIVER",,"2214005",,"DODGE","RAM 1500 PU","OK","2019","NONE","PASSENGER","PERSONAL","N","TURNING LEFT",,,"1",,,,,"Y",,,,,,,,,,"Y","Y",,"FRONT",,,,,,,,,,,,,,,,,,,,,,,,,,,,,,,,,
"2321332","9afac83dcbb00841526e77419e7f2c8690b3640611bb5ceba53c55c160596dcb9d0810b9aea8783e48f31b6ed82b4395327de3def192fa5c1cf6d2ffc923ac12","2026-06-07T09:07:00.000","1","DRIVER",,"2213999",,"HONDA","ODYSSEY","IL","2014","UNKNOWN","VAN/MINI-VAN","UNKNOWN/NA","S","TURNING RIGHT",,,"1",,,,,,"Y","Y","Y",,,,,,,,,,"SIDE-RIGHT",,,,,,,,,,,,,,,,,,,,,,,,,,,,,,,,,
"2321333","9afac83dcbb00841526e77419e7f2c8690b3640611bb5ceba53c55c160596dcb9d0810b9aea8783e48f31b6ed82b4395327de3def192fa5c1cf6d2ffc923ac12","2026-06-07T09:07:00.000","2","DRIVER","1","2214006",,"NOVA BUS","LFS","IL","2023","UNKNOWN","BUS OVER 15 PASS.","CTA","S","STRAIGHT AHEAD","N",,"2",,,,,,,,,,,,,,"Y","Y","Y",,"FRONT-LEFT-CORNER",,,,,,,,,,,,,,,,,,,,,,,,,,,,,,,,,
"2321317","3da3536fd75fe1efffb5ab56eb33ce8e82bb4562f7b8c8f99c08ed6267554693c56f561e50e2b4d807472efd8d587e24b1656e8067743e86adf4464440a0613d","2026-06-07T09:00:00.000","1","DRIVER",,"2213983",,"FREIGHTLINER CORPORATION","FREIGHTLINER CORP.","OH",,"NONE","TRUCK - SINGLE UNIT","OTHER","E","BACKING",,,"1",,,,"Y",,,,,,,,,,,,,,"FRONT-RIGHT-CORNER",,,,,,,,,,,,,,,,,,,,,,,,,,,,,,,,,
"2321499","b04122230a305871b7880f1af3895715a4fd24f1ba8b1aed5a50f76264bce376042943b9af776d1278df4144c62348ef5493993d0e9651aaa1fbcba684299203","2026-06-07T09:00:00.000","1","DRIVER",,"2214151",,"UNKNOWN","OTHER (EXPLAIN IN NARRATIVE)","IL",,"UNKNOWN","UNKNOWN/NA","UNKNOWN/NA","UNKNOWN","UNKNOWN/NA",,,"1",,,,,,,,,,,,,,,,,"Y","UNKNOWN",,,,,,,,,,,,,,,,,,,,,,,,,,,,,,,,,
"2321500","b04122230a305871b7880f1af3895715a4fd24f1ba8b1aed5a50f76264bce376042943b9af776d1278df4144c62348ef5493993d0e9651aaa1fbcba684299203","2026-06-07T09:00:00.000","2","PARKED",,"2214152",,"HONDA","CR-V","IL","2008","NONE","SPORT UTILITY VEHICLE (SUV)","PERSONAL","W","PARKED","Y",,"0",,"chicago northwest","2643 haymond river grove",,"Y",,,,,,,,,,"Y","Y",,"FRONT",,,,,,,,,,,,,,,,,,,,,,,,,,,,,,,,,
"2321328","fb5fed2fd187cd5d37341fb1f067db4bea386b71349cf4239f8ae09b95f8b11ffda4bf38b965c86806432bf40e0c68d7446914846d77c28138c2e39c15a5331d","2026-06-07T08:58:00.000","1","DRIVER",,"2214004",,"UNKNOWN","OTHER (EXPLAIN IN NARRATIVE)",,,"UNKNOWN","PASSENGER","PERSONAL","N","STRAIGHT AHEAD",,,"1",,,,,,,,,,,,,,,,,,"UNKNOWN",,,,,,,,,,,,,,,,,,,,,,,,,,,,,,,,,
"2321331","fb5fed2fd187cd5d37341fb1f067db4bea386b71349cf4239f8ae09b95f8b11ffda4bf38b965c86806432bf40e0c68d7446914846d77c28138c2e39c15a5331d","2026-06-07T08:58:00.000","2","BICYCLE",,,,,,,,,,,,,,,,,,,,,,,,,,,,,,,,,,,,,,,,,,,,,,,,,,,,,,,,,,,,,,,,,,
"2321346","ae2cdbae16e764d36b9a635228cd6ee86207d52b3113bdad23949cd9377b428a8de8ba6da4fbf4ac6541f420bd26e6333a25e8de84a4362dc3203278e77d327a","2026-06-07T08:40:00.000","1","DRIVER",,"2214025",,"CHEVROLET","CRUZE","IL","2017","UNKNOWN","UNKNOWN/NA","UNKNOWN/NA","E","STRAIGHT AHEAD",,,"1",,,,,,,,,,,,,,,,,"Y","UNKNOWN",,,,,,,,,,,,,,,,,,,,,,,,,,,,,,,,,
"2321347","ae2cdbae16e764d36b9a635228cd6ee86207d52b3113bdad23949cd9377b428a8de8ba6da4fbf4ac6541f420bd26e6333a25e8de84a4362dc3203278e77d327a","2026-06-07T08:40:00.000","2","DRIVER","2","2214008",,"TESLA","MODEL Y","IL","2023","NONE","PASSENGER","PERSONAL","E","STRAIGHT AHEAD",,,"3",,,,,,,,,"Y","Y","Y",,,,,,,"REAR",,,,,,,,,,,,,,,,,,,,,,,,,,,,,,,,,
"2321303","ce9c8fa0a42a1d8fcf0724255c4f5458b111729e47abf2a9706558f3a4f925c8bbc8b1376330198ff0ef3ac3b9b4f612d4c7d2b2eefbce73110f061b50198345","2026-06-07T08:20:00.000","1","DRIVER","2","2213967",,"LEXUS","RX350","IL","2012","NONE","PASSENGER","PERSONAL","S","STRAIGHT AHEAD",,,"3",,,,,,,,,,,,,,,"Y",,,"FRONT-LEFT-CORNER",,,,,,,,,,,,,,,,,,,,,,,,,,,,,,,,,
"2321304","ce9c8fa0a42a1d8fcf0724255c4f5458b111729e47abf2a9706558f3a4f925c8bbc8b1376330198ff0ef3ac3b9b4f612d4c7d2b2eefbce73110f061b50198345","2026-06-07T08:20:00.000","2","DRIVER",,"2213972",,"TOYOTA","COROLLA","IL","2019","NONE","PASSENGER","RIDESHARE SERVICE","S","STRAIGHT AHEAD",,,"1",,,,,,,,,"Y",,,,,,,,,"REAR-RIGHT-CORNER",,,,,,,,,,,,,,,,,,,,,,,,,,,,,,,,,
"2321289","57852fb5a70fa8feb67161b3c090460da17b6d2235236d0cb3786d5d7ed3187779eaa6dc6961bdf4d7be3a20255b0b843cfe46493993a878fe182460b5e08a0a","2026-06-07T08:09:00.000","1","DRIVER",,"2213954",,"HONDA","CIVIC","IL",,"UNKNOWN","UNKNOWN/NA","UNKNOWN/NA","N","STRAIGHT AHEAD",,,"1",,,,,,,,,,,"Y","Y","Y","Y","Y",,,"FRONT-RIGHT-CORNER",,,,,,,,,,,,,,,,,,,,,,,,,,,,,,,,,
"2321290","57852fb5a70fa8feb67161b3c090460da17b6d2235236d0cb3786d5d7ed3187779eaa6dc6961bdf4d7be3a20255b0b843cfe46493993a878fe182460b5e08a0a","2026-06-07T08:09:00.000","2","PARKED",,"2213958","N","CHRYSLER","VOYAGER","KS","2024","UNKNOWN","VAN/MINI-VAN","PERSONAL","N","PARKED",,,"0",,,,,,,,,,,"Y","Y","Y",,,,,"REAR-LEFT-CORNER",,,,,,,,,,,,,,,,,,,,,,,,,,,,,,,,,
"2321449","0c1e6a7a3c807d0cad5244b8d6687ea7b5d60068121ff633f0a48ffe6463dd9c4fc5bebd00cb2de385bfb4f6ea0f57832d2e411361ee37c529648a99d50c699d","2026-06-07T08:00:00.000","1","DRIVER",,"2214098",,"KIA","SORENTO","IL","2019","NONE","SPORT UTILITY VEHICLE (SUV)","PERSONAL","N","BACKING",,,"1",,,,,"Y","Y",,"N","N",,,,,,,,,"FRONT-RIGHT-CORNER",,,,,,,,,,,,,,,,,,,,,,,,,,,,,,,,,
"2321450","0c1e6a7a3c807d0cad5244b8d6687ea7b5d60068121ff633f0a48ffe6463dd9c4fc5bebd00cb2de385bfb4f6ea0f57832d2e411361ee37c529648a99d50c699d","2026-06-07T08:00:00.000","2","PARKED",,"2214103",,"TOYOTA","PRIUS","IL","2010","NONE","PASSENGER","PERSONAL","S","PARKED",,,"0",,,,,,,,,,,"Y","Y",,,,,,"SIDE-LEFT-REAR",,,,,,,,,,,,,,,,,,,,,,,,,,,,,,,,,
"2321322","12c9b24200a7dfb8479fece21d94080f5a85f231c845099a8bf36b9f0dcd072ed67ae7ca2ffec762c868d2f7e2e2353404a1e66017da4f88629f7ddc480fa369","2026-06-07T08:00:00.000","1","DRIVER",,"2213991",,"UNKNOWN","OTHER (EXPLAIN IN NARRATIVE)",,,"UNKNOWN","UNKNOWN/NA","UNKNOWN/NA","UNKNOWN","UNKNOWN/NA",,,"1",,,,,,,,,,,,,,,,,"Y","UNKNOWN",,,,,,,,,,,,,,,,,,,,,,,,,,,,,,,,,
"2321323","12c9b24200a7dfb8479fece21d94080f5a85f231c845099a8bf36b9f0dcd072ed67ae7ca2ffec762c868d2f7e2e2353404a1e66017da4f88629f7ddc480fa369","2026-06-07T08:00:00.000","2","PARKED",,"2213987",,"CADILLAC","CTS","IL","2016","NONE","PASSENGER","UNKNOWN/NA","W","PARKED","Y",,"0",,"LONE STAR TOWING & RECOVERY","4500 W 72ND ST CHGO IL",,,,,,,,,,,"Y","Y","Y",,"SIDE-LEFT",,,,,,,,,,,,,,,,,,,,,,,,,,,,,,,,,
"2321291","8675526cfd54db259455e11dfe24d14fe2d1a8d36e6ba3c7670795e2724e41991fefaa93ff77ee1f10ac06755a12a6965db24d51897e616e724a0153fb6cae7e","2026-06-07T08:00:00.000","1","DRIVER",,"2213965",,"HYUNDAI","SONATA","IL","2011","UNKNOWN","PASSENGER","UNKNOWN/NA","S","OTHER",,,"1",,,,,,,,,,,,,"Y",,,,,"SIDE-LEFT",,,,,,,,,,,,,,,,,,,,,,,,,,,,,,,,,
"2321292","8675526cfd54db259455e11dfe24d14fe2d1a8d36e6ba3c7670795e2724e41991fefaa93ff77ee1f10ac06755a12a6965db24d51897e616e724a0153fb6cae7e","2026-06-07T08:00:00.000","2","DRIVER",,"2213969",,"UNKNOWN","MOTORIZED",,,"UNKNOWN","PASSENGER","UNKNOWN/NA","S","STRAIGHT AHEAD",,,"1",,,,,,,,,,,,,,,,,"Y","FRONT",,,,,,,,,,,,,,,,,,,,,,,,,,,,,,,,,
"2321296","f613666a54e7f4d17c3688bcbe156385a8f647f090b5781293109038b284fe7ea73bf69cfe4f75bae38b5e4d0efeb1e5ecbd51360aea9f6b891432be5aa8ffb8","2026-06-07T07:45:00.000","1","DRIVER",,"2213963",,"TOYOTA","PRIUS","IL","2011","NONE","PASSENGER","PERSONAL","S","STRAIGHT AHEAD",,,"1",,,,,"Y",,,,,,,,,,,"Y",,"FRONT-RIGHT-CORNER",,,,,,,,,,,,,,,,,,,,,,,,,,,,,,,,,
"2321297","f613666a54e7f4d17c3688bcbe156385a8f647f090b5781293109038b284fe7ea73bf69cfe4f75bae38b5e4d0efeb1e5ecbd51360aea9f6b891432be5aa8ffb8","2026-06-07T07:45:00.000","2","PARKED",,"2213966",,"FORD","ECONOLINE E450","AZ","2025","UNKNOWN","TRUCK - SINGLE UNIT","UNKNOWN/NA","S","PARKED",,,"0",,,,,,,,,,,"Y",,,,,,,"REAR-LEFT-CORNER",,,,,,,,,,,,,,,,,,,,,,,,,,,,,,,,,
"2321314","1cf1d2e22fe9695ccf4cae51e95057d562863ad5623a94b938b534b6bb6c829934a808ab2f7b810f8ae5394cda3cf994efcbe3f79f0cbcd9a1a4228ad6ce4f4b","2026-06-07T07:42:00.000","2","BICYCLE",,,,,,,,,,,,,,,,,,,,,,,,,,,,,,,,,,,,,,,,,,,,,,,,,,,,,,,,,,,,,,,,,,
"2321371","1cf1d2e22fe9695ccf4cae51e95057d562863ad5623a94b938b534b6bb6c829934a808ab2f7b810f8ae5394cda3cf994efcbe3f79f0cbcd9a1a4228ad6ce4f4b","2026-06-07T07:42:00.000","1","DRIVER",,"2214023",,"UNKNOWN","OTHER (EXPLAIN IN NARRATIVE)","IL",,"UNKNOWN","PASSENGER","UNKNOWN/NA","S","STRAIGHT AHEAD",,,"1",,,,,,,,,,,,,,"Y","Y",,,"SIDE-LEFT",,,,,,,,,,,,,,,,,,,,,,,,,,,,,,,,,
"2321279","5f254fc24866e4ac489febbfbca26db1b6df404dc467a94dd33069599befed373feda66c7428b467ac93eb1cc820eafdc5e83e503a94ed6925a2a7cb7d2abef5","2026-06-07T07:40:00.000","1","DRIVER",,"2213947",,"HONDA","CR-V",,,"UNKNOWN","SPORT UTILITY VEHICLE (SUV)","PERSONAL","S","TURNING LEFT",,,"1",,,,,,,,,,,,"Y","Y","Y",,,,"SIDE-LEFT",,,,,,,,,,,,,,,,,,,,,,,,,,,,,,,,,