"crash_unit_id","crash_record_id","crash_date","unit_no","unit_type","num_passengers","vehicle_id","cmrc_veh_i","make","model","lic_plate_state","vehicle_year","vehicle_defect","vehicle_type","vehicle_use","travel_direction","maneuver","towed_i","fire_i","occupant_cnt","exceed_speed_limit_i","towed_by","towed_to","area_00_i","area_01_i","area_02_i","area_03_i","area_04_i","area_05_i","area_06_i","area_07_i","area_08_i","area_09_i","area_10_i","area_11_i","area_12_i","area_99_i","first_contact_point","cmv_id","usdot_no","ccmc_no","ilcc_no","commercial_src","gvwr","carrier_name","carrier_state","carrier_city","hazmat_placards_i","hazmat_name","un_no","hazmat_present_i","hazmat_report_i","hazmat_report_no","mcs_report_i","mcs_report_no","hazmat_vio_cause_crash_i","mcs_vio_cause_crash_i","idot_permit_no","wide_load_i","trailer1_width","trailer2_width","trailer1_length","trailer2_length","total_vehicle_length","axle_cnt","vehicle_config","cargo_body_type","load_type","hazmat_out_of_service_i","mcs_out_of_service_i","hazmat_class"
"2321280","5f254fc24866e4ac489febbfbca26db1b6df404dc467a94dd33069599befed373feda66c7428b467ac93eb1cc820eafdc5e83e503a94ed6925a2a7cb7d2abef5","2026-06-07T07:40:00.000","2","DRIVER",,"2213949",,"BMW","330I","IL","2024","NONE","PASSENGER","PERSONAL","S","STRAIGHT AHEAD",,,"1",,,,,"Y",,,,,,,,,,,"Y",,"FRONT-RIGHT-CORNER",,,,,,,,,,,,,,,,,,,,,,,,,,,,,,,,,
"2321348","d8cc23b3364545990346df59ec84e63c15a296e0558603d406ff74330e0bf5798f110b6d3baa3eca9e265c5a56749b1d213dc0b0d0a0661aa98d43ec0f383cf1","2026-06-07T07:34:00.000","1","DRIVER","1","2214014",,"NISSAN","KICKS","IL","2019","UNKNOWN","SPORT UTILITY VEHICLE (SUV)","UNKNOWN/NA","E","STRAIGHT AHEAD","Y",,"2",,"city of chicago","northerly island",,"Y",,,,,,,,,"Y","Y","Y",,"FRONT-LEFT-CORNER",,,,,,,,,,,,,,,,,,,,,,,,,,,,,,,,,
"2321349","d8cc23b3364545990346df59ec84e63c15a296e0558603d406ff74330e0bf5798f110b6d3baa3eca9e265c5a56749b1d213dc0b0d0a0661aa98d43ec0f383cf1","2026-06-07T07:34:00.000","2","DRIVER",,"2214024",,"NISSAN","KICKS","IL","2026","UNKNOWN","SPORT UTILITY VEHICLE (SUV)","RIDESHARE SERVICE","S","STRAIGHT AHEAD",,,"1",,,,,"Y","Y",,,,,,,,"N","Y","Y",,"FRONT-RIGHT-CORNER",,,,,,,,,,,,,,,,,,,,,,,,,,,,,,,,,
"2321362","b343090625ca88e2c4d35554d14d61b524cf626d930ac6812bb6a9addc2bc43d45f6eee51ebe9fb171797196d02b86e0c29b23259ebfb8cb1b7c1e6faf4a4f58","2026-06-07T07:30:00.000","1","DRIVER",,"2214019",,"FORD","TAURUS","IL","2011","NONE","PASSENGER","PERSONAL","S","STRAIGHT AHEAD",,,"1",,,,,,,,,,,,,,,,"Y",,"FRONT",,,,,,,,,,,,,,,,,,,,,,,,,,,,,,,,,
"2321363","b343090625ca88e2c4d35554d14d61b524cf626d930ac6812bb6a9addc2bc43d45f6eee51ebe9fb171797196d02b86e0c29b23259ebfb8cb1b7c1e6faf4a4f58","2026-06-07T07:30:00.000","2","DRIVER",,"2214016",,"TOYOTA","RAV4","IL","2024","NONE","PASSENGER","PERSONAL","S","STRAIGHT AHEAD",,,"1",,,,,,,,,,"Y",,,,,,,,"REAR",,,,,,,,,,,,,,,,,,,,,,,,,,,,,,,,,
"2321309","78cc1e67ef7df2a732be892a7af021f0c1f53dec0e2700817c96f781b12a3105945d3829017d738b74b8ffeb0ee87b77fba9241fd0bfc0118d3056f79a3a833a","2026-06-07T07:09:00.000","1","DRIVER",,"2213975",,"CHEVROLET","CAMARO","IL","2014","NONE","PASSENGER","PERSONAL","W","LEAVING TRAFFIC LANE TO PARK","Y",,"1",,"CITY OF CHICAGO","POUND 6",,"Y","Y","Y",,,,,,,,,"Y",,"FRONT-RIGHT-CORNER",,,,,,,,,,,,,,,,,,,,,,,,,,,,,,,,,
"2321310","78cc1e67ef7df2a732be892a7af021f0c1f53dec0e2700817c96f781b12a3105945d3829017d738b74b8ffeb0ee87b77fba9241fd0bfc0118d3056f79a3a833a","2026-06-07T07:09:00.000","2","PARKED",,"2213981",,"HUMMER","H3","IL","2006","UNKNOWN","PICKUP","NOT IN USE","N","PARKED",,,"0",,,,,,,,,,,"Y","Y",,,,,,"REAR-LEFT-CORNER",,,,,,,,,,,,,,,,,,,,,,,,,,,,,,,,,
"2321301","2347828b4fe2f7be314e7571153179b0cab6347a621bb252f5837612b8002ba70f8e42d77a99d09d791074e2f1393e3ef0997d109d975063e07cea958b29f0c6","2026-06-07T07:00:00.000","1","DRIVER",,"2213968",,"FORD","F150","IL","2013","UNKNOWN","PICKUP","PERSONAL","S","TURNING LEFT",,,"1",,,,,,,,,,,,,,,,"Y",,"FRONT-RIGHT-CORNER",,,,,,,,,,,,,,,,,,,,,,,,,,,,,,,,,
"2321302","2347828b4fe2f7be314e7571153179b0cab6347a621bb252f5837612b8002ba70f8e42d77a99d09d791074e2f1393e3ef0997d109d975063e07cea958b29f0c6","2026-06-07T07:00:00.000","2","DRIVER",,"2213973",,"HYUNDAI","GENESIS","IL","2018","NONE","PASSENGER","PERSONAL","E","STRAIGHT AHEAD",,,"1",,,,,,,,,,,"Y",,"Y","Y","Y",,,"SIDE-LEFT",,,,,,,,,,,,,,,,,,,,,,,,,,,,,,,,,
"2321318","7b86d16cd11f0be0db9f2b55b3a078129a24ecda3ab015069db9e26561ff996c2d6cd47dd4eac5078d0789a99036c026061cc4fdd68b57d26e558bdfec63f300","2026-06-07T07:00:00.000","1","DRIVER",,"2213984",,"UNKNOWN","OTHER (EXPLAIN IN NARRATIVE)",,,"UNKNOWN","UNKNOWN/NA","UNKNOWN/NA","S","STRAIGHT AHEAD",,,"1",,,,,"Y","Y",,,,,,,,,,"Y",,"FRONT-RIGHT-CORNER",,,,,,,,,,,,,,,,,,,,,,,,,,,,,,,,,
"2321319","7b86d16cd11f0be0db9f2b55b3a078129a24ecda3ab015069db9e26561ff996c2d6cd47dd4eac5078d0789a99036c026061cc4fdd68b57d26e558bdfec63f300","2026-06-07T07:00:00.000","2","PARKED",,"2213985",,"TOYOTA","RAV4","IL","2017","NONE","PASSENGER","PERSONAL","S","PARKED",,,"0",,,,,,,,,,,,,"Y","Y","Y",,,"FRONT-LEFT-CORNER",,,,,,,,,,,,,,,,,,,,,,,,,,,,,,,,,
"2321307","7e84ec356fa0857780043139c9b7ee2c048ebc6885c6600516f139ebd9547969cb04867ff5087bf70d7aee354d749f6327121861ecaebee75fe960781a347641","2026-06-07T06:59:00.000","1","DRIVER",,"2213974",,"CHEVROLET","CAMARO","IL","2014","UNKNOWN","PASSENGER","PERSONAL","E","UNKNOWN/NA","Y",,"1",,"CITY OF CHICAGO","701 N SACRAMENTO (POUND 6)",,"Y","Y","Y","Y",,,,,,,,,,"UNKNOWN",,,,,,,,,,,,,,,,,,,,,,,,,,,,,,,,,
"2321308","7e84ec356fa0857780043139c9b7ee2c048ebc6885c6600516f139ebd9547969cb04867ff5087bf70d7aee354d749f6327121861ecaebee75fe960781a347641","2026-06-07T06:59:00.000","2","PARKED",,"2213982",,"AUDI","A4","WA","2006","UNKNOWN","PASSENGER","UNKNOWN/NA","UNKNOWN","PARKED",,,"0",,,,,,,,,,,"Y","Y","Y","Y","Y",,,"REAR-LEFT-CORNER",,,,,,,,,,,,,,,,,,,,,,,,,,,,,,,,,
"2321260","bc2f4c90f90b470d4b9219666df012a0cda0c55901f411bcc5710ef4429e94ef308fd8ec99548a512e51224cd912c501bfb12c3cd7d18084f0b614914f7a99b7","2026-06-07T06:42:00.000","1","DRIVER",,"2213929",,"UNKNOWN","OTHER (EXPLAIN IN NARRATIVE)","IL",,"UNKNOWN","UNKNOWN/NA","UNKNOWN/NA","UNKNOWN","UNKNOWN/NA",,,"1",,,,,,,,,,,,,,,,,"Y","UNKNOWN",,,,,,,,,,,,,,,,,,,,,,,,,,,,,,,,,
"2321261","bc2f4c90f90b470d4b9219666df012a0cda0c55901f411bcc5710ef4429e94ef308fd8ec99548a512e51224cd912c501bfb12c3cd7d18084f0b614914f7a99b7","2026-06-07T06:42:00.000","2","PEDESTRIAN",,,,,,,,,,,,,,,,,,,,,,,,,,,,,,,,,,,,,,,,,,,,,,,,,,,,,,,,,,,,,,,,,,
"2321320","049a136afc0fcf419af9254f7c3302fc1763bfdeb9d35307e14531d3385d5e2b427113d518d98b38f04df14b64a587bee26c8c14af9d419c9d1d5e4dcceb67bc","2026-06-07T06:30:00.000","1","DRIVER",,"2213986",,"UNKNOWN","OTHER (EXPLAIN IN NARRATIVE)","IL",,"UNKNOWN","UNKNOWN/NA","UNKNOWN/NA","UNKNOWN","UNKNOWN/NA",,,"1",,,,,,,,,,,,,,,,,"Y","UNKNOWN",,,,,,,,,,,,,,,,,,,,,,,,,,,,,,,,,
"2321321","049a136afc0fcf419af9254f7c3302fc1763bfdeb9d35307e14531d3385d5e2b427113d518d98b38f04df14b64a587bee26c8c14af9d419c9d1d5e4dcceb67bc","2026-06-07T06:30:00.000","2","PARKED",,"2213993",,"MAZDA","CX-30","IL","2022","NONE","SPORT UTILITY VEHICLE (SUV)","PERSONAL","S","PARKED",,,"0",,,,,,,,,,"Y",,,,,,,,"REAR",,,,,,,,,,,,,,,,,,,,,,,,,,,,,,,,,
"2321270","0ad10e755db73d0231f2b3f7af09b890dbe4f3c703280bcfc6e235f0d74f027199b0cf9dd3078f9229821f42a355b4b95e7c35b3aec2deb9337563bd81577793","2026-06-07T06:30:00.000","1","DRIVER",,"2213939",,"JEEP","PATRIOT","IL","2010","UNKNOWN","SPORT UTILITY VEHICLE (SUV)","UNKNOWN/NA","N","STRAIGHT AHEAD",,,"1",,,,,"Y","Y",,,,,,,,,,,,"FRONT-RIGHT-CORNER",,,,,,,,,,,,,,,,,,,,,,,,,,,,,,,,,
"2321271","0ad10e755db73d0231f2b3f7af09b890dbe4f3c703280bcfc6e235f0d74f027199b0cf9dd3078f9229821f42a355b4b95e7c35b3aec2deb9337563bd81577793","2026-06-07T06:30:00.000","2","PARKED",,"2213940",,"ACURA","RLX","IL","2013","NONE","SPORT UTILITY VEHICLE (SUV)","NOT IN USE","N","PARKED",,,"0",,,,,,,,,,,"Y","Y",,,,,,"REAR-LEFT-CORNER",,,,,,,,,,,,,,,,,,,,,,,,,,,,,,,,,
"2321272","0ad10e755db73d0231f2b3f7af09b890dbe4f3c703280bcfc6e235f0d74f027199b0cf9dd3078f9229821f42a355b4b95e7c35b3aec2deb9337563bd81577793","2026-06-07T06:30:00.000","3","PARKED",,"2213941",,"ACURA","TLX","IL","2022","NONE","PASSENGER","NOT IN USE","N","PARKED",,,"0",,,,,,,,,,"Y",,,,,,,,"REAR",,,,,,,,,,,,,,,,,,,,,,,,,,,,,,,,,
"2321425","53a3d7ed98a0ac893845b7e0a72c5b8e6a7bed11ac5d59fa4406287666c410773bbc1b04fcb9493443e298bf39651cf677da2c79309320abd7985755e10e7ba2","2026-06-07T06:30:00.000","1","DRIVER",,"2214079",,"DODGE","DURANGO","IL","2017","NONE","PASSENGER","PERSONAL","S","STRAIGHT AHEAD","Y",,"1",,"PRIVATE TOW","220 e 72ND",,"Y","Y",,,,,,,,"Y","Y","Y",,"FRONT-RIGHT-CORNER",,,,,,,,,,,,,,,,,,,,,,,,,,,,,,,,,
"2321275","631e63b9e1dac4f04c403c2221e7ea76044be83d855058cfba01e917edb25fa71029f0602403b1cf1f960c5b19f989495e991fb63be8b5f0a63b5bc48802b1d6","2026-06-07T06:30:00.000","1","DRIVER",,"2213943",,"CHRYSLER","CARAVAN","IL","2008","UNKNOWN","PASSENGER","PERSONAL","N","STRAIGHT AHEAD",,,"1",,,,,,,,,,,,,,,,"Y",,"FRONT",,,,,,,,,,,,,,,,,,,,,,,,,,,,,,,,,
"2321276","631e63b9e1dac4f04c403c2221e7ea76044be83d855058cfba01e917edb25fa71029f0602403b1cf1f960c5b19f989495e991fb63be8b5f0a63b5bc48802b1d6","2026-06-07T06:30:00.000","2","DRIVER",,"2213945",,"LINCOLN","MKZ","IL","2014","NONE","PASSENGER","PERSONAL","N","SLOW/STOP IN TRAFFIC",,,"1",,,,,,,,,,"Y",,,,,,,,"REAR",,,,,,,,,,,,,,,,,,,,,,,,,,,,,,,,,
"2321294","d504cc4737e88faadaa9b1decc6023a12a859f6fcd48433ac61d57a5e2f4d836b27e5697b80b1246e785f3c90d0f095797fbf95fa0f72b8f2d5dd87143cd6ef5","2026-06-07T06:30:00.000","2","PARKED",,"2213960",,"CHEVROLET","OTHER (EXPLAIN IN NARRATIVE)","IL","2026","NONE","PASSENGER","PERSONAL","N","PARKED",,,"0",,,,,,,,,,"Y","Y","Y",,,,,,"REAR-LEFT-CORNER",,,,,,,,,,,,,,,,,,,,,,,,,,,,,,,,,
"2321295","d504cc4737e88faadaa9b1decc6023a12a859f6fcd48433ac61d57a5e2f4d836b27e5697b80b1246e785f3c90d0f095797fbf95fa0f72b8f2d5dd87143cd6ef5","2026-06-07T06:30:00.000","3","PARKED",,"2213962",,"VOLKSWAGEN","OTHER (EXPLAIN IN NARRATIVE)","IL","2021","NONE","PASSENGER","PERSONAL","W","PARKED",,,"0",,,,,,,,,"Y","Y","Y",,,,,,,"REAR",,,,,,,,,,,,,,,,,,,,,,,,,,,,,,,,,
"2321300","d504cc4737e88faadaa9b1decc6023a12a859f6fcd48433ac61d57a5e2f4d836b27e5697b80b1246e785f3c90d0f095797fbf95fa0f72b8f2d5dd87143cd6ef5","2026-06-07T06:30:00.000","1","DRIVER",,"2213959",,"NISSAN","MAXIMA","IL","2022","UNKNOWN","PASSENGER","PERSONAL","N","STRAIGHT AHEAD","Y",,"1",,,"auto pound",,"Y",,,,"Y","Y","Y","Y","Y","Y","Y","Y",,"UNKNOWN",,,,,,,,,,,,,,,,,,,,,,,,,,,,,,,,,
"2321262","dbdff346c0342e192082a34b82a26bb8b7a74cf7be5f9d49a6e8a7b3e59a6239cea12d592205854e95f2959d11ee7ecb78696f0c5627510e22bb93f65164cc37","2026-06-07T06:20:00.000","1","DRIVER",,"2213933",,"HONDA","PILOT","IL","2014","UNKNOWN","PASSENGER","UNKNOWN/NA","N","STRAIGHT AHEAD",,,"1",,,,,,,,,,,,"N","N",,,,"Y","UNKNOWN",,,,,,,,,,,,,,,,,,,,,,,,,,,,,,,,,
"2321263","dbdff346c0342e192082a34b82a26bb8b7a74cf7be5f9d49a6e8a7b3e59a6239cea12d592205854e95f2959d11ee7ecb78696f0c5627510e22bb93f65164cc37","2026-06-07T06:20:00.000","2","DRIVER",,"2213938",,"HONDA","CIVIC","IL","2025","UNKNOWN","PASSENGER","PERSONAL","N","STRAIGHT AHEAD",,,"1",,,,,,,,,,,,"Y","Y",,,,"Y","UNKNOWN",,,,,,,,,,,,,,,,,,,,,,,,,,,,,,,,,
"2321283","66484e156654e76e0754cb7891ce9a8405da111cd68db6182ea798b79c10184f7569d75e3b84b80928bfb4718b65718a0f83be6b9d861f179aec7c5f82c7ff19","2026-06-07T06:19:00.000","1","DRIVER",,"2213952",,"HONDA","ACCORD","IL","2008","UNKNOWN","PASSENGER","UNKNOWN/NA","S","STRAIGHT AHEAD",,,"1",,,,,"Y",,,,,,,,,,"Y","Y",,"FRONT-LEFT-CORNER",,,,,,,,,,,,,,,,,,,,,,,,,,,,,,,,,
"2321284","66484e156654e76e0754cb7891ce9a8405da111cd68db6182ea798b79c10184f7569d75e3b84b80928bfb4718b65718a0f83be6b9d861f179aec7c5f82c7ff19","2026-06-07T06:19:00.000","2","PARKED",,"2213953",,"CADILLAC","SRX","IL","2012","NONE","PASSENGER","PERSONAL","S","PARKED",,,"0",,,,,"Y",,,"Y","Y","Y",,,,,,"Y",,"REAR-RIGHT-CORNER",,,,,,,,,,,,,,,,,,,,,,,,,,,,,,,,,
"2321285","66484e156654e76e0754cb7891ce9a8405da111cd68db6182ea798b79c10184f7569d75e3b84b80928bfb4718b65718a0f83be6b9d861f179aec7c5f82c7ff19","2026-06-07T06:19:00.000","3","PARKED",,"2213957",,"BMW","X3","IL","2024","NONE","PASSENGER","PERSONAL","S","PARKED",,,"0",,,,,,,,,"Y",,,,,,,,,"REAR-RIGHT-CORNER",,,,,,,,,,,,,,,,,,,,,,,,,,,,,,,,,
"2321273","a3860e2bd63fa4c609fff10f543022ae03be811c4db9529f4b7db9c0eb221d92579a33f99a7c735f31e8b6ba7e7cb51f3498c78bc62a6c04f3843a436a2d4f76","2026-06-07T05:45:00.000","1","DRIVER",,"2213942",,"HONDA","CIVIC","IL","2024","NONE","PASSENGER","PERSONAL","S","STRAIGHT AHEAD",,,"1",,,,,"Y","Y",,,,,,,,,,,,"FRONT-RIGHT-CORNER",,,,,,,,,,,,,,,,,,,,,,,,,,,,,,,,,
"2321274","a3860e2bd63fa4c609fff10f543022ae03be811c4db9529f4b7db9c0eb221d92579a33f99a7c735f31e8b6ba7e7cb51f3498c78bc62a6c04f3843a436a2d4f76","2026-06-07T05:45:00.000","2","DRIVER",,"2213944",,"LEXUS","ES350","IL","2014","NONE","PASSENGER","PERSONAL","S","SLOW/STOP IN TRAFFIC",,,"1",,,,,,,,,,,"Y","Y",,,,,,"REAR-LEFT-CORNER",,,,,,,,,,,,,,,,,,,,,,,,,,,,,,,,,
"2321847","793196c0af95948fe70c6474be4cdb6a9f8bca567b538ac0503822ed345432c7a9393c50b78ad85ba2c183490166639f8fcadab49ef062c7f81e35588b17fd50","2026-06-07T05:29:00.000","1","DRIVER",,"2214490",,"NISSAN","MURANO","IL","2009","UNKNOWN","PASSENGER","UNKNOWN/NA","W","UNKNOWN/NA","Y",,"1",,,"CITY POUND",,"Y","Y",,,,,,,,"Y","Y","Y",,"FRONT",,,,,,,,,,,,,,,,,,,,,,,,,,,,,,,,,
"2321247","b18170d755c8d078b7bae32138502762b6ddaf71da4443b1eb15b75a8828837576feb8189ec0a72a01740a9ed41789f90820e59c784dca218596cd99bea1179d","2026-06-07T05:27:00.000","1","DRIVER",,"2213916",,"TOYOTA","CAMRY",,"2012","UNKNOWN","PASSENGER","PERSONAL","E","STRAIGHT AHEAD","Y",,"1",,"CITY OF CHICAGO",,,"Y",,,,,,,,,,"Y","Y",,"FRONT",,,,,,,,,,,,,,,,,,,,,,,,,,,,,,,,,
"2321248","b18170d755c8d078b7bae32138502762b6ddaf71da4443b1eb15b75a8828837576feb8189ec0a72a01740a9ed41789f90820e59c784dca218596cd99bea1179d","2026-06-07T05:27:00.000","2","PARKED",,"2213921",,"HONDA","CIVIC",,"2016","NONE","PASSENGER","NOT IN USE","E","PARKED",,,"0",,,,,"Y",,,,,"Y","Y",,,,"Y","Y",,"REAR-LEFT-CORNER",,,,,,,,,,,,,,,,,,,,,,,,,,,,,,,,,
"2321249","b18170d755c8d078b7bae32138502762b6ddaf71da4443b1eb15b75a8828837576feb8189ec0a72a01740a9ed41789f90820e59c784dca218596cd99bea1179d","2026-06-07T05:27:00.000","3","PARKED",,"2213925",,"TOYOTA","RAV4","IL","2021","NONE","PASSENGER","PERSONAL","E","PARKED",,,"0",,,,,,,,,"Y","Y","Y",,,,,,,"REAR",,,,,,,,,,,,,,,,,,,,,,,,,,,,,,,,,
"2321278","cef2a6177d070091cfeac6dd724e66ca1e6c1888264660f4d6acc66cf5ccd9f9b7339562e4f8e71fab14578c08cab0273e83b54b5cf81ad7c71c757bf9b3329d","2026-06-07T05:26:00.000","1","DRIVER",,"2213946",,"MAZDA","CX-9","IL","2012","UNKNOWN","SPORT UTILITY VEHICLE (SUV)","PERSONAL","SE","OTHER",,,"1",,,,,"Y",,,,,,,,,,"Y","Y","Y","FRONT",,,,,,,,,,,,,,,,,,,,,,,,,,,,,,,,,
"2321268","594e20e6ae6b03219de1d41c035416b611d1f79c8faeda1504ea9ebac00a4fc256f5ea5a4a9503f0e6090fe702a3bdf8e3d4d49732324895ced3759f04a370e5","2026-06-07T05:15:00.000","1","DRIVER",,"2213935",,"UNKNOWN","OTHER (EXPLAIN IN NARRATIVE)",,,"UNKNOWN","PASSENGER","UNKNOWN/NA","W","STRAIGHT AHEAD",,,"1",,,,,"Y",,,,,,,,,,,,,"FRONT-RIGHT-CORNER",,,,,,,,,,,,,,,,,,,,,,,,,,,,,,,,,
"2321269","594e20e6ae6b03219de1d41c035416b611d1f79c8faeda1504ea9ebac00a4fc256f5ea5a4a9503f0e6090fe702a3bdf8e3d4d49732324895ced3759f04a370e5","2026-06-07T05:15:00.000","2","PARKED","1","2213936",,"DODGE","DURANGO","IL","2025","UNKNOWN","SPORT UTILITY VEHICLE (SUV)","UNKNOWN/NA","W","PARKED",,,"1",,,,,,,,,,,,,"Y","Y",,,,"SIDE-LEFT",,,,,,,,,,,,,,,,,,,,,,,,,,,,,,,,,
"2321553","bbbeb450cbcc0d79cd0501b5d120fa45bc7007401334b324ad05f9a3b20a6a8dac4b959769e0aed334e27839aba356b848e6d19c53fd24544efe3b54da161cf5","2026-06-07T05:08:00.000","1","DRIVER",,"2214208",,"NISSAN","MURANO","IL","2010","UNKNOWN","PASSENGER","PERSONAL","S","STRAIGHT AHEAD",,,"1",,,,,"Y",,,,,,,,,,"Y","Y",,"FRONT",,,,,,,,,,,,,,,,,,,,,,,,,,,,,,,,,
"2321554","bbbeb450cbcc0d79cd0501b5d120fa45bc7007401334b324ad05f9a3b20a6a8dac4b959769e0aed334e27839aba356b848e6d19c53fd24544efe3b54da161cf5","2026-06-07T05:08:00.000","2","DRIVER",,"2214220",,"HYUNDAI","TUCSON","IL","2021","UNKNOWN","SPORT UTILITY VEHICLE (SUV)","PERSONAL","S","STRAIGHT AHEAD",,,"1",,,,,,,,,"Y","Y","Y",,,,,,,"REAR",,,,,,,,,,,,,,,,,,,,,,,,,,,,,,,,,
"2321555","bbbeb450cbcc0d79cd0501b5d120fa45bc7007401334b324ad05f9a3b20a6a8dac4b959769e0aed334e27839aba356b848e6d19c53fd24544efe3b54da161cf5","2026-06-07T05:08:00.000","3","DRIVER","1","2214242",,"FORD","FUSION","IL","2008","UNKNOWN","PASSENGER","PERSONAL","S","STRAIGHT AHEAD","N",,"2",,,,,"Y",,,,"Y","Y","Y",,,,"Y","Y",,"REAR",,,,,,,,,,,,,,,,,,,,,,,,,,,,,,,,,
"2321556","bbbeb450cbcc0d79cd0501b5d120fa45bc7007401334b324ad05f9a3b20a6a8dac4b959769e0aed334e27839aba356b848e6d19c53fd24544efe3b54da161cf5","2026-06-07T05:08:00.000","4","DRIVER",,"2214256",,"CHEVROLET","IMPALA","IL","2018","UNKNOWN","PASSENGER","PERSONAL","S","STRAIGHT AHEAD",,,"1",,,,,,,,,"Y","Y","Y",,,,,,,"REAR",,,,,,,,,,,,,,,,,,,,,,,,,,,,,,,,,
"2321441","1b34f58dc881153a6d0fcc7a5df7da20548f0697ecac30305a73e134f16ceac7f5a148a1567b42adf1ce6d1b84f3049ba6392ae248b19fc6dc2cd4094b18a9e8","2026-06-07T05:03:00.000","1","DRIVER",,"2214095",,"HYUNDAI","TUCSON","IL","2018","UNKNOWN","SPORT UTILITY VEHICLE (SUV)","UNKNOWN/NA","E","STRAIGHT AHEAD","Y",,"1",,"PRIVATE","UNK",,"Y","Y",,,,,,,,"Y","Y","Y",,"FRONT",,,,,,,,,,,,,,,,,,,,,,,,,,,,,,,,,
"2321442","1b34f58dc881153a6d0fcc7a5df7da20548f0697ecac30305a73e134f16ceac7f5a148a1567b42adf1ce6d1b84f3049ba6392ae248b19fc6dc2cd4094b18a9e8","2026-06-07T05:03:00.000","2","PARKED",,"2214102",,"GENERAL MOTORS CORPORATION (GMC)","YUKON","IL","2015","UNKNOWN","SPORT UTILITY VEHICLE (SUV)","PERSONAL","W","PARKED",,,"0",,,,,"Y","Y",,,,,,,,"Y","Y","Y",,"FRONT",,,,,,,,,,,,,,,,,,,,,,,,,,,,,,,,,
"2321845","69332175c59977ed345b8b9b73290a49d2902ecf5e70a23013b7186c104041020725aac3ca28f9e685cc4a56d048918d3377b9ae6f2a3fb647de2111786fa193","2026-06-07T05:00:00.000","1","DRIVER",,"2214485",,"UNKNOWN","MOTORIZED","IL",,"UNKNOWN","UNKNOWN/NA","UNKNOWN/NA","E","STRAIGHT AHEAD",,,"1",,,,,"Y",,,,,,,,,,,,,"FRONT-RIGHT-CORNER",,,,,,,,,,,,,,,,,,,,,,,,,,,,,,,,,
"2321846","69332175c59977ed345b8b9b73290a49d2902ecf5e70a23013b7186c104041020725aac3ca28f9e685cc4a56d048918d3377b9ae6f2a3fb647de2111786fa193","2026-06-07T05:00:00.000","2","PARKED",,"2214487",,"BUICK","ENVISION","IL","2020","NONE","PASSENGER","PERSONAL","E","PARKED",,,"0",,,,,,,,,,,"Y",,"Y",,"Y",,,"SIDE-LEFT",,,,,,,,,,,,,,,,,,,,,,,,,,,,,,,,,
"2321286","b6bc75f5784b1d890175c341f8a3d29188e2ff3ce8095c0cf991460743ee0257b50c8e8f41d50a9f924fad9de827a4ce77dc8263e8df3c884f5f4c8134ed9f26","2026-06-07T05:00:00.000","1","DRIVER",,"2213964",,"CHEVROLET","IMPALA","IL","2016","NONE","PASSENGER","PERSONAL","E","STRAIGHT AHEAD",,,"1",,,,,"Y",,,,"Y","Y","Y",,,,"Y","Y",,"TOTAL (ALL AREAS)",,,,,,,,,,,,,,,,,,,,,,,,,,,,,,,,,
"2321287","b6bc75f5784b1d890175c341f8a3d29188e2ff3ce8095c0cf991460743ee0257b50c8e8f41d50a9f924fad9de827a4ce77dc8263e8df3c884f5f4c8134ed9f26","2026-06-07T05:00:00.000","2","PARKED",,"2213955",,"CHEVROLET","BLAZER","IL","2020","NONE","PASSENGER","NOT IN USE","E","PARKED",,,"0",,,,,"Y","Y","Y",,,,,,,,,,,"SIDE-RIGHT-FRONT",,,,,,,,,,,,,,,,,,,,,,,,,,,,,,,,,
"2321288","b6bc75f5784b1d890175c341f8a3d29188e2ff3ce8095c0cf991460743ee0257b50c8e8f41d50a9f924fad9de827a4ce77dc8263e8df3c884f5f4c8134ed9f26","2026-06-07T05:00:00.000","3","PARKED",,"2213956",,"VOLKSWAGEN","TIGUAN","IL","2022","NONE","PASSENGER","NOT IN USE","E","PARKED",,,"0",,,,,"Y","Y","Y",,,,,,,,,,,"SIDE-RIGHT-FRONT",,,,,,,,,,,,,,,,,,,,,,,,,,,,,,,,,
"2321350","d09caa27758ba41c0f9d8ab0781df073bbd2e51e4430f69d2a763c730fbd2e70426b769fe6b3a46fb1fc6c99eee8cee3c0342bd3ad80e91ccac076b5e98d2ebb","2026-06-07T05:00:00.000","1","DRIVER",,"2214007",,"UNKNOWN","OTHER (EXPLAIN IN NARRATIVE)",,,"UNKNOWN","UNKNOWN/NA","UNKNOWN/NA","UNKNOWN","UNKNOWN/NA",,,"1",,,,,,,,,,,,,,,,,"Y","UNKNOWN",,,,,,,,,,,,,,,,,,,,,,,,,,,,,,,,,
"2321351","d09caa27758ba41c0f9d8ab0781df073bbd2e51e4430f69d2a763c730fbd2e70426b769fe6b3a46fb1fc6c99eee8cee3c0342bd3ad80e91ccac076b5e98d2ebb","2026-06-07T05:00:00.000","2","PARKED",,"2214012",,"SUBARU","OUTBACK","OH","2019","UNKNOWN","UNKNOWN/NA","UNKNOWN/NA","E","PARKED",,,"0",,,,,,,,,,,"Y","Y","Y","Y","Y",,,"SIDE-LEFT",,,,,,,,,,,,,,,,,,,,,,,,,,,,,,,,,