"crash_unit_id","crash_record_id","crash_date","unit_no","unit_type","num_passengers","vehicle_id","cmrc_veh_i","make","model","lic_plate_state","vehicle_year","vehicle_defect","vehicle_type","vehicle_use","travel_direction","maneuver","towed_i","fire_i","occupant_cnt","exceed_speed_limit_i","towed_by","towed_to","area_00_i","area_01_i","area_02_i","area_03_i","area_04_i","area_05_i","area_06_i","area_07_i","area_08_i","area_09_i","area_10_i","area_11_i","area_12_i","area_99_i","first_contact_point","cmv_id","usdot_no","ccmc_no","ilcc_no","commercial_src","gvwr","carrier_name","carrier_state","carrier_city","hazmat_placards_i","hazmat_name","un_no","hazmat_present_i","hazmat_report_i","hazmat_report_no","mcs_report_i","mcs_report_no","hazmat_vio_cause_crash_i","mcs_vio_cause_crash_i","idot_permit_no","wide_load_i","trailer1_width","trailer2_width","trailer1_length","trailer2_length","total_vehicle_length","axle_cnt","vehicle_config","cargo_body_type","load_type","hazmat_out_of_service_i","mcs_out_of_service_i","hazmat_class"
"2321236","5355905778a27a9a4f3bf39abdc197754f96d2a3d88c64cc5caae4d8e00573223ee659f28861d4b2b0f89b29daf378cfa6e0f67a9a78b94a8df3e8ae06f391f7","2026-06-07T04:50:00.000","1","DRIVER",,"2213906",,"UNKNOWN","OTHER (EXPLAIN IN NARRATIVE)",,,"NONE","PASSENGER","UNKNOWN/NA","E","PASSING/OVERTAKING",,,"1",,,,,,,,,,,,,,,,,,"UNKNOWN",,,,,,,,,,,,,,,,,,,,,,,,,,,,,,,,,
"2321237","5355905778a27a9a4f3bf39abdc197754f96d2a3d88c64cc5caae4d8e00573223ee659f28861d4b2b0f89b29daf378cfa6e0f67a9a78b94a8df3e8ae06f391f7","2026-06-07T04:50:00.000","2","PARKED",,"2213909",,"TOYOTA","HIGHLANDER","IL","2025","NONE","PASSENGER","PERSONAL","E","PARKED",,,"0",,,,,,,,,,,"Y","Y","Y",,,,,"REAR-LEFT-CORNER",,,,,,,,,,,,,,,,,,,,,,,,,,,,,,,,,
"2321233","7d3de7ae02accf5d6cbed5a64ecb729e134802dad2659e4652cc39b2998cc33d62ec826523602908d7042c59a7b839af582732fceaae59f7b1f4519384da000f","2026-06-07T04:37:00.000","2","DRIVER",,"2213912",,"JEEP","CHEROKEE","IL","2018","UNKNOWN","PASSENGER","PERSONAL","SE","OTHER","N",,"1",,,,,"Y","Y",,,,,,,,"Y","Y","Y",,"FRONT-RIGHT-CORNER",,,,,,,,,,,,,,,,,,,,,,,,,,,,,,,,,
"2321238","7d3de7ae02accf5d6cbed5a64ecb729e134802dad2659e4652cc39b2998cc33d62ec826523602908d7042c59a7b839af582732fceaae59f7b1f4519384da000f","2026-06-07T04:37:00.000","1","DRIVER",,"2213903",,"CHRYSLER","300","IL",,"UNKNOWN","UNKNOWN/NA","PERSONAL","SE","UNKNOWN/NA",,,"1",,,,,"Y","Y",,,,,,,,"Y","Y","Y",,"FRONT-LEFT-CORNER",,,,,,,,,,,,,,,,,,,,,,,,,,,,,,,,,
"2321256","7d3de7ae02accf5d6cbed5a64ecb729e134802dad2659e4652cc39b2998cc33d62ec826523602908d7042c59a7b839af582732fceaae59f7b1f4519384da000f","2026-06-07T04:37:00.000","3","DRIVER",,"2213924",,"TOYOTA","CAMRY","IL",,"UNKNOWN","PASSENGER","PERSONAL","E","STRAIGHT AHEAD",,,"1",,,,,"Y","Y",,,,,,,,"Y","Y","Y",,"UNKNOWN",,,,,,,,,,,,,,,,,,,,,,,,,,,,,,,,,
"2321244","7789ee2106dc24e4a9b159cc6c8bf7115fbf9d0e5463a00c1a6275f18021b18f30320ad2d3c99c59fa885939512efa57b059b132c1bc32c3792cce5074df7b77","2026-06-07T04:29:00.000","1","DRIVER",,"2213908",,"HONDA","CR-V","IL","2018","NONE","SPORT UTILITY VEHICLE (SUV)","PERSONAL","E","STRAIGHT AHEAD","Y",,"1",,"PRIVATE TOW","UNK",,"Y","Y","Y",,,,,,"Y","Y","Y","Y",,"FRONT-RIGHT-CORNER",,,,,,,,,,,,,,,,,,,,,,,,,,,,,,,,,
"2321245","7789ee2106dc24e4a9b159cc6c8bf7115fbf9d0e5463a00c1a6275f18021b18f30320ad2d3c99c59fa885939512efa57b059b132c1bc32c3792cce5074df7b77","2026-06-07T04:29:00.000","2","PARKED",,"2213914",,"HONDA","ACCORD","TN","2010","NONE","PASSENGER","PERSONAL","E","PARKED","Y",,"0",,"PRIVATE TOW","UNK",,,,,,,"Y","Y","Y","Y",,,,,"REAR-LEFT-CORNER",,,,,,,,,,,,,,,,,,,,,,,,,,,,,,,,,
"2321246","7789ee2106dc24e4a9b159cc6c8bf7115fbf9d0e5463a00c1a6275f18021b18f30320ad2d3c99c59fa885939512efa57b059b132c1bc32c3792cce5074df7b77","2026-06-07T04:29:00.000","3","PARKED",,"2213915",,"HONDA","ODYSSEY","IL","2006","NONE","VAN/MINI-VAN","UNKNOWN/NA","W","PARKED","Y",,"0",,"PRIVATE TOW","UNK",,,,,,,,"Y","Y","Y","Y","Y",,,"SIDE-LEFT-REAR",,,,,,,,,,,,,,,,,,,,,,,,,,,,,,,,,
"2321254","e54b0cb30de731cb9b56203bbd773298368965102a1c5cb316574b33446d8b78b8d4823bb139e5a911ecbb8f9787915628461713931575d69c5788d7d49e970e","2026-06-07T04:28:00.000","1","DRIVER",,"2213920",,"TOYOTA","PRIUS","XX",,"UNKNOWN","PASSENGER","UNKNOWN/NA","N","STRAIGHT AHEAD",,,"1",,,,,,,,,,,,,"Y","Y","Y","Y",,"FRONT-LEFT-CORNER",,,,,,,,,,,,,,,,,,,,,,,,,,,,,,,,,
"2321255","e54b0cb30de731cb9b56203bbd773298368965102a1c5cb316574b33446d8b78b8d4823bb139e5a911ecbb8f9787915628461713931575d69c5788d7d49e970e","2026-06-07T04:28:00.000","2","DRIVER",,"2213923",,"TOYOTA","HIGHLANDER","IL","2023","UNKNOWN","PASSENGER","PERSONAL","E","STRAIGHT AHEAD","Y",,"1",,"PRIVATE TOW",,,"Y","Y",,,,,,,,"Y","Y","Y",,"FRONT",,,,,,,,,,,,,,,,,,,,,,,,,,,,,,,,,
"2321229","9ed409e64ff6c264c65297007a46e0a9d3634658efc20d69ae20b35df24d238c04dc09dc8320f9fb17cfda157bd2be2f3ee798ffba41de7602fcd2773ca327da","2026-06-07T04:26:00.000","1","DRIVER",,"2213894",,"NISSAN","MURANO","IL","2015","UNKNOWN","PASSENGER","UNKNOWN/NA","UNKNOWN","UNKNOWN/NA","Y",,"1",,"city of chicago",,,"Y","Y","Y","Y","Y","Y","Y","Y","Y","Y","Y","Y",,"UNKNOWN",,,,,,,,,,,,,,,,,,,,,,,,,,,,,,,,,
"2321250","0f84161044e50a6f94181929c9d7176846862eb357fdf8fcb9f477a2d1dc9267b48a403e78f73b44828cf41f048859e3c10ad7743c65afc4223e7a2c3c01d316","2026-06-07T04:00:00.000","1","DRIVER","3","2213919",,"CHEVROLET","TAHOE","IL","1998","NONE","SPORT UTILITY VEHICLE (SUV)","PERSONAL","S","STRAIGHT AHEAD","N",,"4",,,,"Y",,,,,,,,,,,,,,"FRONT",,,,,,,,,,,,,,,,,,,,,,,,,,,,,,,,,
"2321251","0f84161044e50a6f94181929c9d7176846862eb357fdf8fcb9f477a2d1dc9267b48a403e78f73b44828cf41f048859e3c10ad7743c65afc4223e7a2c3c01d316","2026-06-07T04:00:00.000","2","DRIVER","1","2213926",,"FORD","FOCUS","IL","2009","NONE","PASSENGER","PERSONAL","S","STRAIGHT AHEAD",,,"2",,,,,,,,,"Y","Y","Y",,,,,,,"REAR",,,,,,,,,,,,,,,,,,,,,,,,,,,,,,,,,
"2321226","ba6a30cc536d8d2af7dd7b1b27aff94dceaedae043b20c5d850286daaa5715ef486018079b056f7ff3d50486c3b40fae57e229f207725f27d7aa6efa56e5a8c8","2026-06-07T03:55:00.000","1","DRIVER","2","2213892",,"CHEVROLET","EQUINOX","IL","2022","UNKNOWN","PASSENGER","PERSONAL","E","STRAIGHT AHEAD","Y",,"3",,"PRIVATE","PRIVATE",,,,,,,,,,,"Y","Y","Y",,"FRONT-LEFT-CORNER",,,,,,,,,,,,,,,,,,,,,,,,,,,,,,,,,
"2321227","ba6a30cc536d8d2af7dd7b1b27aff94dceaedae043b20c5d850286daaa5715ef486018079b056f7ff3d50486c3b40fae57e229f207725f27d7aa6efa56e5a8c8","2026-06-07T03:55:00.000","2","PARKED",,"2213897",,"JEEP","CHEROKEE","IL","2012","UNKNOWN","PASSENGER","PERSONAL","E","PARKED",,,"0",,,,,"N","N","N",,,,,,"Y","Y","Y","Y",,"FRONT-LEFT-CORNER",,,,,,,,,,,,,,,,,,,,,,,,,,,,,,,,,
"2321228","ba6a30cc536d8d2af7dd7b1b27aff94dceaedae043b20c5d850286daaa5715ef486018079b056f7ff3d50486c3b40fae57e229f207725f27d7aa6efa56e5a8c8","2026-06-07T03:55:00.000","3","PARKED",,"2213899",,"ACURA","TLX","MO","2021","UNKNOWN","PASSENGER","PERSONAL","E","PARKED",,,"0",,,,,,,,,,,,,,"Y","Y","Y",,"FRONT",,,,,,,,,,,,,,,,,,,,,,,,,,,,,,,,,
"2321219","55d69f6d6bfeb7595f0e6ca13de0a181c2b5b58e4e7262ecbc97045893d8ca15f26a45993006e216e0f354e20bcb9ebd6c431f6499bab375ac8506adc93a5090","2026-06-07T03:46:00.000","1","DRIVER",,"2213884",,"INFINITI","G35","IL","2011","NONE","PASSENGER","PERSONAL","S","STRAIGHT AHEAD","Y",,"1",,"streers& sanitation","10301 S DOTY AVE",,"Y",,,,,,,,,,"Y","Y",,"FRONT",,,,,,,,,,,,,,,,,,,,,,,,,,,,,,,,,
"2321220","55d69f6d6bfeb7595f0e6ca13de0a181c2b5b58e4e7262ecbc97045893d8ca15f26a45993006e216e0f354e20bcb9ebd6c431f6499bab375ac8506adc93a5090","2026-06-07T03:46:00.000","2","DRIVER","1","2213886",,"JAGUAR","F-PACE","IN","2018","NONE","PASSENGER","PERSONAL","N","TURNING LEFT","Y",,"2",,,,,,,,,"Y","Y","Y","Y",,,,,,"REAR",,,,,,,,,,,,,,,,,,,,,,,,,,,,,,,,,
"2321655","47678bca3458c38ce5f694c4ccc20a03d7fd3d1d2d9a483837895b3294ce16ab2b483f6e6919f763fc251f4091b1a372f0053afe3e2df1b37955da0eb9f6142d","2026-06-07T03:30:00.000","1","DRIVER",,"2214300",,"UNKNOWN","MOTORIZED",,,"UNKNOWN","UNKNOWN/NA","UNKNOWN/NA","UNKNOWN","STRAIGHT AHEAD",,,"1",,,,,,,,,,,,,,,,,"Y","UNKNOWN",,,,,,,,,,,,,,,,,,,,,,,,,,,,,,,,,
"2321656","47678bca3458c38ce5f694c4ccc20a03d7fd3d1d2d9a483837895b3294ce16ab2b483f6e6919f763fc251f4091b1a372f0053afe3e2df1b37955da0eb9f6142d","2026-06-07T03:30:00.000","2","PARKED",,"2214303",,"HONDA","ACCORD","IL","2010","NONE","PASSENGER","PERSONAL","UNKNOWN","PARKED",,,"0",,,,,,,,,,,"Y","Y",,,,,,"SIDE-LEFT",,,,,,,,,,,,,,,,,,,,,,,,,,,,,,,,,
"2321217","2677168c64e1b1e827d8255c57074cd5f0743a3e4cc264656518db137a984d2a24ecfe0cc6073fc9cc4f0cc3e8c069b959e8143d961acc44ba17c9d96ecf34af","2026-06-07T03:25:00.000","1","DRIVER",,"2213882",,"NISSAN","ROGUE","IL","2019","UNKNOWN","PASSENGER","UNKNOWN/NA","S","STRAIGHT AHEAD","Y",,"1",,,,,"Y","Y","Y","Y","Y",,,,,"Y","Y","Y",,"FRONT",,,,,,,,,,,,,,,,,,,,,,,,,,,,,,,,,
"2321218","2677168c64e1b1e827d8255c57074cd5f0743a3e4cc264656518db137a984d2a24ecfe0cc6073fc9cc4f0cc3e8c069b959e8143d961acc44ba17c9d96ecf34af","2026-06-07T03:25:00.000","2","PARKED",,"2213883",,"ACURA","ADX","IL","2002","NONE","PASSENGER","NOT IN USE","N","PARKED",,,"0",,,,,,,,,,,,"Y","Y","Y","Y","Y",,"FRONT-LEFT-CORNER",,,,,,,,,,,,,,,,,,,,,,,,,,,,,,,,,
"2321239","2677168c64e1b1e827d8255c57074cd5f0743a3e4cc264656518db137a984d2a24ecfe0cc6073fc9cc4f0cc3e8c069b959e8143d961acc44ba17c9d96ecf34af","2026-06-07T03:25:00.000","3","PARKED",,"2213904",,"TOYOTA","4RUNNER","IL","2025","NONE","PASSENGER","NOT IN USE","S","PARKED",,,"0",,,,,,,,,,,,"Y","Y","Y","Y",,,"SIDE-LEFT",,,,,,,,,,,,,,,,,,,,,,,,,,,,,,,,,
"2321230","d6721548ba70731ff194ac796ef7ed3b64927ff6c1cf54a84e844047125e8e3b7dbc01685b358e4927ca6e98883914f81b8a235935b3dff7cc728e81f4b1e34b","2026-06-07T03:20:00.000","1","DRIVER",,"2213898",,"UNKNOWN","OTHER (EXPLAIN IN NARRATIVE)","IL",,"UNKNOWN","UNKNOWN/NA","UNKNOWN/NA","W","UNKNOWN/NA",,,"1",,,,,"N",,,,,,,,,,"N","N","Y","FRONT",,,,,,,,,,,,,,,,,,,,,,,,,,,,,,,,,
"2321231","d6721548ba70731ff194ac796ef7ed3b64927ff6c1cf54a84e844047125e8e3b7dbc01685b358e4927ca6e98883914f81b8a235935b3dff7cc728e81f4b1e34b","2026-06-07T03:20:00.000","2","PARKED",,"2213901",,"HONDA","CR-V","IL","2015","UNKNOWN","SPORT UTILITY VEHICLE (SUV)","PERSONAL","E","PARKED",,,"0",,,,,"Y","Y",,,,,,,,,,"Y",,"FRONT-RIGHT-CORNER",,,,,,,,,,,,,,,,,,,,,,,,,,,,,,,,,
"2321221","0b51c6e2004149792cc7bb871dbc1af43d58731c254e2d64a6f4037aa2c84cf336b124e027c50cb4db43967b74add6516e488253e76307a2e3c9e89b4f4110b0","2026-06-07T03:15:00.000","1","DRIVER",,"2213888",,"VOLKSWAGEN","JETTA","IL","2020","NONE","PASSENGER","PERSONAL","S","UNKNOWN/NA",,,"1",,,,,"Y",,,,,,,,,,"Y","Y",,"FRONT",,,,,,,,,,,,,,,,,,,,,,,,,,,,,,,,,
"2321222","0b51c6e2004149792cc7bb871dbc1af43d58731c254e2d64a6f4037aa2c84cf336b124e027c50cb4db43967b74add6516e488253e76307a2e3c9e89b4f4110b0","2026-06-07T03:15:00.000","2","DRIVERLESS",,"2213890",,"TOYOTA","SIENNA","IL","2023","NONE","VAN/MINI-VAN","PERSONAL","S","PARKED",,,"0",,,,,"Y",,,,,"Y","Y","Y","Y",,"Y","Y",,"SIDE-LEFT",,,,,,,,,,,,,,,,,,,,,,,,,,,,,,,,,
"2321223","0b51c6e2004149792cc7bb871dbc1af43d58731c254e2d64a6f4037aa2c84cf336b124e027c50cb4db43967b74add6516e488253e76307a2e3c9e89b4f4110b0","2026-06-07T03:15:00.000","3","DRIVERLESS",,"2213896",,"CHEVROLET","EQUINOX","IL","2020","NONE","PASSENGER","NOT IN USE","S","PARKED",,,"0",,,,,,,,,"Y","Y","Y","Y",,,,,,"REAR",,,,,,,,,,,,,,,,,,,,,,,,,,,,,,,,,
"2321240","358fb4685da9ce3bb8b6a61ec17c07b474c53fb38f44c8c2b640e891040a1c1336c2f4d96789b991492af71994206d9aaf6d566b17920c5ddf5a539acf939af7","2026-06-07T03:10:00.000","1","DRIVERLESS",,"2213905",,"UNKNOWN","OTHER (EXPLAIN IN NARRATIVE)",,,"UNKNOWN","UNKNOWN/NA","UNKNOWN/NA","UNKNOWN","UNKNOWN/NA",,,"0",,,,,,,,,,,,,,,,,"Y","UNKNOWN",,,,,,,,,,,,,,,,,,,,,,,,,,,,,,,,,
"2321241","358fb4685da9ce3bb8b6a61ec17c07b474c53fb38f44c8c2b640e891040a1c1336c2f4d96789b991492af71994206d9aaf6d566b17920c5ddf5a539acf939af7","2026-06-07T03:10:00.000","2","PARKED",,"2213910",,"FORD","MUSTANG","IL","1994","NONE","PASSENGER","PERSONAL","UNKNOWN","PARKED",,,"0",,,,,,,,,,,,,,,"Y","Y",,"UNKNOWN",,,,,,,,,,,,,,,,,,,,,,,,,,,,,,,,,
"2321213","ebc3c88a07e7ac388905be3a6f15aae205b42d4e4cbed9f9679e5d5e4b79d574128eb3a26799b1a316ebed461c57b71b833e5f6abc0b11c1555f65481b48f80f","2026-06-07T03:06:00.000","1","DRIVER",,"2213878",,"UNKNOWN","MOTORIZED",,,"UNKNOWN","UNKNOWN/NA","UNKNOWN/NA","UNKNOWN","UNKNOWN/NA",,,"1",,,,,,,,,,,,,,,,"Y",,"UNKNOWN",,,,,,,,,,,,,,,,,,,,,,,,,,,,,,,,,
"2321214","ebc3c88a07e7ac388905be3a6f15aae205b42d4e4cbed9f9679e5d5e4b79d574128eb3a26799b1a316ebed461c57b71b833e5f6abc0b11c1555f65481b48f80f","2026-06-07T03:06:00.000","2","DRIVERLESS",,"2213893",,"NISSAN","MAXIMA","IL","2023","UNKNOWN","PASSENGER","PERSONAL","UNKNOWN","PARKED",,,"0",,,,,,,,,"Y","Y","Y",,,,,,,"REAR",,,,,,,,,,,,,,,,,,,,,,,,,,,,,,,,,
"2321326","22094aa939f68f9c76a5f5e207762be21d8f4a871dbf74d900e76a8d8fcc531a9f417712523a08a98d6ae363f901857b0ba2d85d7719edb7321ff5b1a8bbb095","2026-06-07T03:00:00.000","1","DRIVER",,"2213989",,"UNKNOWN","OTHER (EXPLAIN IN NARRATIVE)",,,"UNKNOWN","UNKNOWN/NA","UNKNOWN/NA","UNKNOWN","UNKNOWN/NA",,,"1",,,,,,,,,,,,,,,,,"Y","UNKNOWN",,,,,,,,,,,,,,,,,,,,,,,,,,,,,,,,,
"2321327","22094aa939f68f9c76a5f5e207762be21d8f4a871dbf74d900e76a8d8fcc531a9f417712523a08a98d6ae363f901857b0ba2d85d7719edb7321ff5b1a8bbb095","2026-06-07T03:00:00.000","2","PARKED",,"2213994",,"MITSUBISHI","MIRAGE","WV","2024","NONE","PASSENGER","OTHER","NW","PARKED",,,"0",,,,,,,,,,,,,,"Y","Y",,,"FRONT-LEFT-CORNER",,,,,,,,,,,,,,,,,,,,,,,,,,,,,,,,,
"2321211","d56b602e51b7fe0da37b3e9b0d4c12957d8d1569a3af32f88a503286ea9892de3ca32066ee017f336bf3cc35c17000167d3e995aadef279e382f86229df2c668","2026-06-07T03:00:00.000","1","DRIVER","2","2213875",,"DODGE","CHARGER","IL","2022","UNKNOWN","PASSENGER","PERSONAL","N","STRAIGHT AHEAD","Y",,"3",,"PERSONAL TOW","UNKNOWN",,"Y",,,,,,,,,,"Y","Y",,"FRONT",,,,,,,,,,,,,,,,,,,,,,,,,,,,,,,,,
"2321212","d56b602e51b7fe0da37b3e9b0d4c12957d8d1569a3af32f88a503286ea9892de3ca32066ee017f336bf3cc35c17000167d3e995aadef279e382f86229df2c668","2026-06-07T03:00:00.000","2","DRIVER",,"2213877",,"JEEP","GRAND CHEROKEE","IL","2025","UNKNOWN","SPORT UTILITY VEHICLE (SUV)","PERSONAL","W","STRAIGHT AHEAD","Y",,"1",,"PERSONAL TOW","UNKNOWN",,,,,,,,"Y","Y","Y","Y",,,,"SIDE-LEFT",,,,,,,,,,,,,,,,,,,,,,,,,,,,,,,,,
"2321210","8479f7e249acd82697f74c5df56737fd77914984db7a09ac26fc72d062de1916c61d66053d88fb1a03074ad0c331c99a63eecf949ce68b1aa16967f092da374d","2026-06-07T02:59:00.000","1","DRIVER",,"2213873",,"INFINITI","Q50","IL","2018","UNKNOWN","PASSENGER","PERSONAL","S","STRAIGHT AHEAD","Y",,"1",,"city o chicago","701n sacramento",,"Y","Y",,,,,,,,"Y","Y","Y",,"FRONT",,,,,,,,,,,,,,,,,,,,,,,,,,,,,,,,,
"2321202","0aa46ca74916dba90869a9223055b0ba989a9a1e1c86f7c1d166523c10f9ab572064addb35a987db5338f8a2436f7c2f521ec8bd8dd89f889cee86ff6161e447","2026-06-07T02:55:00.000","1","DRIVER",,"2213863",,"KIA","SPORTAGE","IL","2019","UNKNOWN","SPORT UTILITY VEHICLE (SUV)","PERSONAL","E","BACKING",,,"1",,,,,,,,,,,,,,,,,"Y","REAR",,,,,,,,,,,,,,,,,,,,,,,,,,,,,,,,,
"2321203","0aa46ca74916dba90869a9223055b0ba989a9a1e1c86f7c1d166523c10f9ab572064addb35a987db5338f8a2436f7c2f521ec8bd8dd89f889cee86ff6161e447","2026-06-07T02:55:00.000","2","PARKED",,"2213865",,"ACURA","ZDX","IL","2024","NONE","SPORT UTILITY VEHICLE (SUV)","PERSONAL","E","PARKED",,,"0",,,,"Y",,,,,,,,,,,,,,"FRONT",,,,,,,,,,,,,,,,,,,,,,,,,,,,,,,,,
"2322213","eda61509a1b5fe50ef8addf3de113ffcb1a28c3eada37869cf3ecccd7b8d42299457d23e03e8c105efcb1a99147da8a40f0b49a8d7833f994f8200444367e27b","2026-06-07T02:50:00.000","1","DRIVER","1","2214814",,"JEEP","CHEROKEE","IL","2017","UNKNOWN","PASSENGER","UNKNOWN/NA","N","TURNING LEFT",,,"2",,,,,,,,,,,,,,,,"Y","Y","FRONT",,,,,,,,,,,,,,,,,,,,,,,,,,,,,,,,,
"2322214","eda61509a1b5fe50ef8addf3de113ffcb1a28c3eada37869cf3ecccd7b8d42299457d23e03e8c105efcb1a99147da8a40f0b49a8d7833f994f8200444367e27b","2026-06-07T02:50:00.000","2","DRIVER",,"2214815",,"FORD","FOCUS","IL","2015","NONE","PASSENGER","PERSONAL","N","STRAIGHT AHEAD",,,"1",,,,,,,,,,,,,,,"Y",,,"FRONT-LEFT-CORNER",,,,,,,,,,,,,,,,,,,,,,,,,,,,,,,,,
"2321372","4ec07785d46cf9763073cf98ad6e3d989219804a499203bd97418934e27dd36579095d91826f3deb1753fe346c58afd87fdbdee924607df1c64a0aa5dea32daf","2026-06-07T02:30:00.000","1","DRIVER",,"2214033",,"JEEP","WRANGLER","IL","2016","UNKNOWN","PASSENGER","PERSONAL","N","STRAIGHT AHEAD",,,"1",,,,,"N","N",,,,,,,,"Y","Y","Y",,"FRONT-LEFT-CORNER",,,,,,,,,,,,,,,,,,,,,,,,,,,,,,,,,
"2321373","4ec07785d46cf9763073cf98ad6e3d989219804a499203bd97418934e27dd36579095d91826f3deb1753fe346c58afd87fdbdee924607df1c64a0aa5dea32daf","2026-06-07T02:30:00.000","2","PARKED",,"2214036",,"VOLKSWAGEN","THE THING","IL","2024","NONE","PASSENGER","PERSONAL","UNKNOWN","PARKED",,,"0",,,,,,,,"Y","Y","Y","Y",,,,,,,"REAR-RIGHT-CORNER",,,,,,,,,,,,,,,,,,,,,,,,,,,,,,,,,
"2321281","b84d86c14cec818bb76751938d801ac13f20294f8e669d6085ffc9e75ac8b290ef873378799bf49d891dd56cdc94e15c6eee598760804b8439ceca05470f5861","2026-06-07T02:30:00.000","1","DRIVER",,"2213948",,"UNKNOWN","OTHER (EXPLAIN IN NARRATIVE)",,,"UNKNOWN","UNKNOWN/NA","UNKNOWN/NA","S","STRAIGHT AHEAD",,,"1",,,,,,,,,,,,,,,,,"Y","UNKNOWN",,,,,,,,,,,,,,,,,,,,,,,,,,,,,,,,,
"2321282","b84d86c14cec818bb76751938d801ac13f20294f8e669d6085ffc9e75ac8b290ef873378799bf49d891dd56cdc94e15c6eee598760804b8439ceca05470f5861","2026-06-07T02:30:00.000","2","PARKED",,"2213950",,"CHEVROLET","MALIBU","WI","2024","UNKNOWN","PASSENGER","PERSONAL","S","PARKED",,,"0",,,,,,,,,,,,,"Y","Y","Y",,,"SIDE-LEFT-FRONT",,,,,,,,,,,,,,,,,,,,,,,,,,,,,,,,,
"2321208","d292164b599bcb23b4682981afeff0d715c2e27072c1c4d23bb88cc6cb6f20ee8ca70985a1e18d5dc11beed57eb13ee201ac967dfaffa6ee873137c898d1148f","2026-06-07T02:10:00.000","1","DRIVER",,"2213870",,"DODGE","DURANGO","IL","2013","UNKNOWN","PASSENGER","PERSONAL","N","STRAIGHT AHEAD",,,"1",,,,,,,,,,,,,,,,,,"FRONT",,,,,,,,,,,,,,,,,,,,,,,,,,,,,,,,,
"2321209","d292164b599bcb23b4682981afeff0d715c2e27072c1c4d23bb88cc6cb6f20ee8ca70985a1e18d5dc11beed57eb13ee201ac967dfaffa6ee873137c898d1148f","2026-06-07T02:10:00.000","2","DRIVER","1","2213874",,"TOYOTA","AVALON","IL","2011","UNKNOWN","PASSENGER","PERSONAL","N","STRAIGHT AHEAD",,,"2",,,,,,,,,,,,,,,,,,"REAR",,,,,,,,,,,,,,,,,,,,,,,,,,,,,,,,,
"2321198","a0e1955a1876a561b99da35ac937753a039bc327bc072cda4c8a602790462280c4f99b052aa5b3bd7fb74e5d0c5002531834efb9b243560a560720dc98bea1d4","2026-06-07T02:04:00.000","1","DRIVER","4","2213864",,"DODGE","DURANGO","IL","2019","NONE","SPORT UTILITY VEHICLE (SUV)","PERSONAL","S","STRAIGHT AHEAD","Y",,"5",,"CITY TOW","POUND 6",,,,,,,,"Y","Y",,,,,"N","REAR-LEFT-CORNER",,,,,,,,,,,,,,,,,,,,,,,,,,,,,,,,,
"2321199","a0e1955a1876a561b99da35ac937753a039bc327bc072cda4c8a602790462280c4f99b052aa5b3bd7fb74e5d0c5002531834efb9b243560a560720dc98bea1d4","2026-06-07T02:04:00.000","2","DRIVER",,"2213867",,"TOYOTA","PRIUS","IL","2012","NONE","PASSENGER","PERSONAL","W","STRAIGHT AHEAD",,,"1",,,,,"Y","N","N",,,,,,,,"Y","Y",,"FRONT",,,,,,,,,,,,,,,,,,,,,,,,,,,,,,,,,
"2322068","f755dc645b6741eafa9d0131439ecc3022f3ad1d527a4f4163e1ebdbe9519c6aea580bd379ca6dc0e43381a1002ae755666778a97d60426cb89e18af45786346","2026-06-07T02:00:00.000","1","DRIVER",,"2214698",,"BMW","OTHER (EXPLAIN IN NARRATIVE)","IL","2013","NONE","SPORT UTILITY VEHICLE (SUV)","OTHER","W","AVOIDING VEHICLES/OBJECTS","Y",,"1",,"private","private",,"Y","Y",,,,,,,,,,,,"FRONT-RIGHT-CORNER",,,,,,,,,,,,,,,,,,,,,,,,,,,,,,,,,
"2321192","7bb087e202c3dfbafcff927206bebab001937ad3c2290928b675194a03c085b417038a7b073eba7ad505fa19e57795fcfbbea07ea42477eb27ba4767885d9674","2026-06-07T01:55:00.000","1","DRIVER",,"2213859",,"TOYOTA","CAMRY","IL","2021","NONE","PASSENGER","PERSONAL","S","STRAIGHT AHEAD","Y",,"1",,"private tow","unknown",,"Y","Y",,,,,,,,"Y","Y","Y",,"FRONT",,,,,,,,,,,,,,,,,,,,,,,,,,,,,,,,,
"2321510","d7d430d3dc81c3c23d1e532aa8e67d67b4b7246cc93c9070f0dfd77810cdb7c9fc8763347da2ee9537b8734f14a986fc2b717d05ed80ed9a1a2d5fa653ea01cd","2026-06-07T01:50:00.000","1","DRIVER",,"2214159",,"DODGE","CHALLENGER","IL","2017","UNKNOWN","PASSENGER","UNKNOWN/NA","W","STRAIGHT AHEAD",,,"1",,,,,"Y",,,,,,,,,,,,,"FRONT-RIGHT-CORNER",,,,,,,,,,,,,,,,,,,,,,,,,,,,,,,,,