"crash_unit_id","crash_record_id","crash_date","unit_no","unit_type","num_passengers","vehicle_id","cmrc_veh_i","make","model","lic_plate_state","vehicle_year","vehicle_defect","vehicle_type","vehicle_use","travel_direction","maneuver","towed_i","fire_i","occupant_cnt","exceed_speed_limit_i","towed_by","towed_to","area_00_i","area_01_i","area_02_i","area_03_i","area_04_i","area_05_i","area_06_i","area_07_i","area_08_i","area_09_i","area_10_i","area_11_i","area_12_i","area_99_i","first_contact_point","cmv_id","usdot_no","ccmc_no","ilcc_no","commercial_src","gvwr","carrier_name","carrier_state","carrier_city","hazmat_placards_i","hazmat_name","un_no","hazmat_present_i","hazmat_report_i","hazmat_report_no","mcs_report_i","mcs_report_no","hazmat_vio_cause_crash_i","mcs_vio_cause_crash_i","idot_permit_no","wide_load_i","trailer1_width","trailer2_width","trailer1_length","trailer2_length","total_vehicle_length","axle_cnt","vehicle_config","cargo_body_type","load_type","hazmat_out_of_service_i","mcs_out_of_service_i","hazmat_class"
"2321511","d7d430d3dc81c3c23d1e532aa8e67d67b4b7246cc93c9070f0dfd77810cdb7c9fc8763347da2ee9537b8734f14a986fc2b717d05ed80ed9a1a2d5fa653ea01cd","2026-06-07T01:50:00.000","2","DRIVER",,"2214174",,"BMW","OTHER (EXPLAIN IN NARRATIVE)","IL","2026","NONE","PASSENGER","PERSONAL","W","TURNING LEFT",,,"1",,,,,,,,,,,,,,,"Y",,,"SIDE-LEFT-FRONT",,,,,,,,,,,,,,,,,,,,,,,,,,,,,,,,,
"2321503","b542d9c8ac89d5abefeae007ccaef431f1d2e56d93c4639f8ad4c3d4de45fe9dfe106ee01ab777e47c9ff7fc7b351d47b0b213b9f2c4f90aa33112471a05d075","2026-06-07T01:45:00.000","1","DRIVER",,"2214153",,"UNKNOWN","OTHER (EXPLAIN IN NARRATIVE)",,,"UNKNOWN","SPORT UTILITY VEHICLE (SUV)","UNKNOWN/NA","S","BACKING",,,"1",,,,,,,,,,,,,,,,,"Y","REAR",,,,,,,,,,,,,,,,,,,,,,,,,,,,,,,,,
"2321504","b542d9c8ac89d5abefeae007ccaef431f1d2e56d93c4639f8ad4c3d4de45fe9dfe106ee01ab777e47c9ff7fc7b351d47b0b213b9f2c4f90aa33112471a05d075","2026-06-07T01:45:00.000","2","PARKED",,"2214154",,"GENERAL MOTORS CORPORATION (GMC)","CANYON","IL","2006","NONE","PICKUP","PERSONAL","UNKNOWN","PARKED",,,"0",,,,,,,"Y","Y","Y",,,,,,,,,"SIDE-RIGHT",,,,,,,,,,,,,,,,,,,,,,,,,,,,,,,,,
"2321188","2e15b885e52ee522fa7a0bbba26597c44159aeb3d70b42ebdf5ee739e02107046da09d4a67623c275c6973d6e6ac87a07ff6cac9bba8a5441b05becea6e2dbdf","2026-06-07T01:33:00.000","1","DRIVER","1","2213856",,"NISSAN","ALTIMA","IL","2024","NONE","PASSENGER","PERSONAL","E","STRAIGHT AHEAD",,,"2",,,,,,,,,,,,,,,,,,"FRONT",,,,,,,,,,,,,,,,,,,,,,,,,,,,,,,,,
"2321189","2e15b885e52ee522fa7a0bbba26597c44159aeb3d70b42ebdf5ee739e02107046da09d4a67623c275c6973d6e6ac87a07ff6cac9bba8a5441b05becea6e2dbdf","2026-06-07T01:33:00.000","2","PEDESTRIAN",,,,,,,,,,,,,,,,,,,,,,,,,,,,,,,,,,,,,,,,,,,,,,,,,,,,,,,,,,,,,,,,,,
"2321182","e630828fe1c0c6ab2aa98f951449332e0de6bc69f48d2f7de6b05b5617742a7f06d05cae692e3451389ffaff72cb4d66a7597084305a7931b978eddbaab43b2b","2026-06-07T01:30:00.000","1","DRIVER",,"2213846",,"TOYOTA","COROLLA","IL","2013","UNKNOWN","PASSENGER","UNKNOWN/NA","E","STRAIGHT AHEAD",,,"1",,,,,,,,,,,,,,,,,,"FRONT",,,,,,,,,,,,,,,,,,,,,,,,,,,,,,,,,
"2321183","e630828fe1c0c6ab2aa98f951449332e0de6bc69f48d2f7de6b05b5617742a7f06d05cae692e3451389ffaff72cb4d66a7597084305a7931b978eddbaab43b2b","2026-06-07T01:30:00.000","2","DRIVER",,"2213849",,"HYUNDAI","ELANTRA","IL","2004","NONE","PASSENGER","PERSONAL","E","SLOW/STOP IN TRAFFIC",,,"1",,,,,,,,,,,,,,,,,,"REAR",,,,,,,,,,,,,,,,,,,,,,,,,,,,,,,,,
"2321200","99dff88cb5d366925f2f513b1e8a6c614d6086fad814d0e169027604378f836716b8cb1e8800edbc160e49706547e721daefdf762b05254e95fc796a33655103","2026-06-07T01:20:00.000","1","BICYCLE",,,,,,,,,,,,,,,,,,,,,,,,,,,,,,,,,,,,,,,,,,,,,,,,,,,,,,,,,,,,,,,,,,
"2321201","99dff88cb5d366925f2f513b1e8a6c614d6086fad814d0e169027604378f836716b8cb1e8800edbc160e49706547e721daefdf762b05254e95fc796a33655103","2026-06-07T01:20:00.000","2","DRIVER",,"2213866",,"TOYOTA","PRIUS","IL","2011","UNKNOWN","PASSENGER","PERSONAL","W","TURNING RIGHT",,,"1",,,,,,,,,,,,,,,,"Y",,"FRONT",,,,,,,,,,,,,,,,,,,,,,,,,,,,,,,,,
"2321178","bac34f8e790f03f4ce00945acb4cd4fc5d3d877ae07268e41bf3bcce97e8e73cf69cfa8e30b7a5b61f660716c4c9b31c1158b69dd30c0587a67bf11413bf41b9","2026-06-07T01:20:00.000","1","DRIVER",,"2213839",,"CHEVROLET","CAMARO","IN","2022","UNKNOWN","PASSENGER","PERSONAL","E","STRAIGHT AHEAD",,,"1",,,,,,,,,,,"Y",,,,,,,"REAR-LEFT-CORNER",,,,,,,,,,,,,,,,,,,,,,,,,,,,,,,,,
"2321179","bac34f8e790f03f4ce00945acb4cd4fc5d3d877ae07268e41bf3bcce97e8e73cf69cfa8e30b7a5b61f660716c4c9b31c1158b69dd30c0587a67bf11413bf41b9","2026-06-07T01:20:00.000","2","BICYCLE",,,,,,,,,,,,,,,,,,,,,,,,,,,,,,,,,,,,,,,,,,,,,,,,,,,,,,,,,,,,,,,,,,
"2321215","ad14001f75135d8ef27f3f4e6b9a9f5a7287442b6ef413e5a83c2bfe1c947d7112f0bbb1e3313135fdb105f42d50266efcf0db4951b37f408c8d5003982095b2","2026-06-07T01:17:00.000","1","DRIVER","1","2213880",,"CHRYSLER","300","IN","2012","NONE","PASSENGER","PERSONAL","N","TURNING RIGHT","Y",,"2",,"self",,,,,,,,,,,,"Y","Y","Y",,"FRONT-LEFT-CORNER",,,,,,,,,,,,,,,,,,,,,,,,,,,,,,,,,
"2321216","ad14001f75135d8ef27f3f4e6b9a9f5a7287442b6ef413e5a83c2bfe1c947d7112f0bbb1e3313135fdb105f42d50266efcf0db4951b37f408c8d5003982095b2","2026-06-07T01:17:00.000","2","DRIVER","3","2213885",,"CHEVROLET","CRUZE","IL","2016","NONE","PASSENGER","PERSONAL","N","TURNING LEFT",,,"4",,,,,"Y",,,,,,,,,,,,,"FRONT-RIGHT-CORNER",,,,,,,,,,,,,,,,,,,,,,,,,,,,,,,,,
"2321643","7d202a277ad9ad000523de000c73dd36f06f93f5dac609e5ab0bbb5cc3a49a903db1eb0b0f509aca118361796b02a0ceef060b198cdec309830d6485a4726900","2026-06-07T01:10:00.000","1","DRIVER",,"2214288",,"SUBARU","OTHER (EXPLAIN IN NARRATIVE)","IL","2014","UNKNOWN","PASSENGER","PERSONAL","S","STRAIGHT AHEAD",,,"1",,,,,,,,,,,,,,,,"Y",,"FRONT",,,,,,,,,,,,,,,,,,,,,,,,,,,,,,,,,
"2321644","7d202a277ad9ad000523de000c73dd36f06f93f5dac609e5ab0bbb5cc3a49a903db1eb0b0f509aca118361796b02a0ceef060b198cdec309830d6485a4726900","2026-06-07T01:10:00.000","2","DRIVER",,"2214295",,"BUICK","ENCLAVE","IL","2026","NONE","SPORT UTILITY VEHICLE (SUV)","PERSONAL","S","SLOW/STOP IN TRAFFIC",,,"1",,,,,,,,,,"Y",,,,,,,,"REAR",,,,,,,,,,,,,,,,,,,,,,,,,,,,,,,,,
"2322059","293c4420bd2a866aa451160f937df3cee509b2e243f06994b927f69f7fc84bbe4388fad7e9fb3311536fa5dfc9bd9d2a32ee4532b7fa9155b27a9d9c11f9ca58","2026-06-07T01:03:00.000","1","DRIVER",,"2214672",,"NISSAN","PATHFINDER","IL","2013","NONE","PASSENGER","PERSONAL","E","STRAIGHT AHEAD",,,"1",,,,,"Y",,,,,,,,,,"Y","Y",,"FRONT",,,,,,,,,,,,,,,,,,,,,,,,,,,,,,,,,
"2322060","293c4420bd2a866aa451160f937df3cee509b2e243f06994b927f69f7fc84bbe4388fad7e9fb3311536fa5dfc9bd9d2a32ee4532b7fa9155b27a9d9c11f9ca58","2026-06-07T01:03:00.000","2","PARKED",,"2214673",,"TOYOTA","RAV4","IL","2018","NONE","PASSENGER","PERSONAL","E","PARKED",,,"0",,,,,"Y","Y",,,,,,,,,,,,"SIDE-RIGHT",,,,,,,,,,,,,,,,,,,,,,,,,,,,,,,,,
"2321174","1778fa172e8fa04bc70a7ce74fcf6dfdadba12407c10d7727e97d3c13d2e684ea16ef69abe43ea99a2dc9beff27f9dc51455c8fca0146f0b0d06d0d3e226b57e","2026-06-07T01:02:00.000","1","DRIVER",,"2213841",,"TOYOTA","CAMRY","IL","2011","UNKNOWN","PASSENGER","PERSONAL","N","UNKNOWN/NA","Y",,"1",,"CITY OF CHICAGO","103RD DOTY POUND#2",,"Y","Y","Y","Y","Y",,,,,,"Y","Y",,"FRONT-RIGHT-CORNER",,,,,,,,,,,,,,,,,,,,,,,,,,,,,,,,,
"2321175","1778fa172e8fa04bc70a7ce74fcf6dfdadba12407c10d7727e97d3c13d2e684ea16ef69abe43ea99a2dc9beff27f9dc51455c8fca0146f0b0d06d0d3e226b57e","2026-06-07T01:02:00.000","2","PARKED",,"2213850",,"LINCOLN","MKS","IL","2009","NONE","PASSENGER","PERSONAL","N","PARKED",,,"0",,,,,,,,,,,,,,,"Y",,,"FRONT-LEFT-CORNER",,,,,,,,,,,,,,,,,,,,,,,,,,,,,,,,,
"2321176","1778fa172e8fa04bc70a7ce74fcf6dfdadba12407c10d7727e97d3c13d2e684ea16ef69abe43ea99a2dc9beff27f9dc51455c8fca0146f0b0d06d0d3e226b57e","2026-06-07T01:02:00.000","3","PARKED",,"2213853",,"CHEVROLET","METRO","IL","2017","UNKNOWN","PASSENGER","PERSONAL","N","PARKED",,,"0",,,,,"Y","Y",,,"Y","N","Y",,,,"N","N",,"REAR-LEFT-CORNER",,,,,,,,,,,,,,,,,,,,,,,,,,,,,,,,,
"2321177","1778fa172e8fa04bc70a7ce74fcf6dfdadba12407c10d7727e97d3c13d2e684ea16ef69abe43ea99a2dc9beff27f9dc51455c8fca0146f0b0d06d0d3e226b57e","2026-06-07T01:02:00.000","4","PARKED",,"2213855",,"HONDA","CR-V","IL","2021","NONE","SPORT UTILITY VEHICLE (SUV)","PERSONAL","N","PARKED",,,"0",,,,,,,,,"N","Y",,,,,,,,"REAR",,,,,,,,,,,,,,,,,,,,,,,,,,,,,,,,,
"2321172","c59954aafadaa5fe7ff3102391b7e4883d9d5ea3e45fe76770f2d6cac5b64da9a3772b5f2302ec1c427d324b50ecfa42e2689cca31e4f5cc875225a056d1d2e6","2026-06-07T00:50:00.000","1","DRIVER",,"2213838",,"TOYOTA","OTHER (EXPLAIN IN NARRATIVE)","IL","2010","UNKNOWN","SPORT UTILITY VEHICLE (SUV)","UNKNOWN/NA","S","STRAIGHT AHEAD",,,"1",,,,,,,,,,,,,"Y","Y","Y",,,"FRONT-LEFT-CORNER",,,,,,,,,,,,,,,,,,,,,,,,,,,,,,,,,
"2321173","c59954aafadaa5fe7ff3102391b7e4883d9d5ea3e45fe76770f2d6cac5b64da9a3772b5f2302ec1c427d324b50ecfa42e2689cca31e4f5cc875225a056d1d2e6","2026-06-07T00:50:00.000","2","DRIVER","3","2213834",,"HYUNDAI","ELANTRA","IL","2013","UNKNOWN","PASSENGER","PERSONAL","S","OTHER",,,"4",,,,,,,,"Y","Y","Y","Y",,,,,,,"REAR",,,,,,,,,,,,,,,,,,,,,,,,,,,,,,,,,
"2321190","ff98fd8e9f0dce50de7918c4a17631d79d5013e9245293aeaf7dfbf1a2517c55fa13d3f8fe970dc0221b68085ec56e358a372006bfe54d99d21fe7e0b2fb0567","2026-06-07T00:45:00.000","1","DRIVER",,"2213857",,"INDIAN","INDIAN","IL","2019","UNKNOWN","UNKNOWN/NA","UNKNOWN/NA","NW","STRAIGHT AHEAD",,,"1",,,,,,,,,,,,,,,,,"Y","UNKNOWN",,,,,,,,,,,,,,,,,,,,,,,,,,,,,,,,,
"2321191","ff98fd8e9f0dce50de7918c4a17631d79d5013e9245293aeaf7dfbf1a2517c55fa13d3f8fe970dc0221b68085ec56e358a372006bfe54d99d21fe7e0b2fb0567","2026-06-07T00:45:00.000","2","DRIVER","2","2213860",,"TOYOTA","SIENNA","IL","2015","NONE","PASSENGER","PERSONAL","NW","SLOW/STOP IN TRAFFIC",,,"3",,,,,,,,,,,"Y",,,,,,,"SIDE-LEFT-REAR",,,,,,,,,,,,,,,,,,,,,,,,,,,,,,,,,
"2321194","b891f4ee5a0e5268eede80a929d9ee0799df35faaea19041e71a1cbc2c1ad0effcc685b31fef899760f6379fe7320b7fb80066425941a75176431279bc095349","2026-06-07T00:44:00.000","1","DRIVER",,"2213868",,"NISSAN","ALTIMA","IL","2003","UNKNOWN","PASSENGER","PERSONAL","S","STRAIGHT AHEAD",,,"1",,,,"Y","Y","Y",,,,,,,,,,,,"FRONT-RIGHT-CORNER",,,,,,,,,,,,,,,,,,,,,,,,,,,,,,,,,
"2321195","b891f4ee5a0e5268eede80a929d9ee0799df35faaea19041e71a1cbc2c1ad0effcc685b31fef899760f6379fe7320b7fb80066425941a75176431279bc095349","2026-06-07T00:44:00.000","2","DRIVER",,"2213881",,"CHEVROLET","SILVERADO","IL","2018","UNKNOWN","TRUCK - SINGLE UNIT","TOW TRUCK","S","SLOW/STOP IN TRAFFIC",,,"1",,,,,,,,,,,"Y",,,,,,,"SIDE-LEFT-REAR",,,,,,,,,,,,,,,,,,,,,,,,,,,,,,,,,
"2321163","d82e9ca31ec1ed92bf4a19a58b8ab3d9750afd086708581d1f56f7d9b0fb058f3f451ab98a7e545222d50fecb530b94a241e3dc0075b7d06304b38d8dc7f1847","2026-06-07T00:37:00.000","1","DRIVER","3","2213852",,"KIA","OPTIMA / K5","IL","2023","NONE","PASSENGER","PERSONAL","N","SLOW/STOP IN TRAFFIC","Y",,"4",,"PRIVATE TOW","HOME",,"Y","Y",,,"Y","Y","Y","N",,,"Y","Y",,"REAR",,,,,,,,,,,,,,,,,,,,,,,,,,,,,,,,,
"2321164","d82e9ca31ec1ed92bf4a19a58b8ab3d9750afd086708581d1f56f7d9b0fb058f3f451ab98a7e545222d50fecb530b94a241e3dc0075b7d06304b38d8dc7f1847","2026-06-07T00:37:00.000","2","DRIVER","2","2213918",,"ACURA","ILX","IL","2024","NONE","PASSENGER","PERSONAL","N","STRAIGHT AHEAD",,,"3",,,,,"Y",,,,,,,,,,"Y","Y",,"FRONT",,,,,,,,,,,,,,,,,,,,,,,,,,,,,,,,,
"2321186","c55b1d477aa785da80e86599a5200b2c4bb907f756d6bea5b6bb460003f4cf11fb6f436866e5c26bbc407c180eaf85472a145ae3eb37613924623f72343ac573","2026-06-07T00:30:00.000","1","DRIVER",,"2213854",,"UNKNOWN","OTHER (EXPLAIN IN NARRATIVE)","IL",,"NONE","OTHER","OTHER","N","OTHER",,,"1",,,,,,,,,,,,,,,,,"Y","SIDE-RIGHT-REAR",,,,,,,,,,,,,,,,,,,,,,,,,,,,,,,,,
"2321187","c55b1d477aa785da80e86599a5200b2c4bb907f756d6bea5b6bb460003f4cf11fb6f436866e5c26bbc407c180eaf85472a145ae3eb37613924623f72343ac573","2026-06-07T00:30:00.000","2","BICYCLE",,,,,,,,,,,,,,,,,,,,,,,,,,,,,,,,,,,,,,,,,,,,,,,,,,,,,,,,,,,,,,,,,,
"2321165","bff5747e4df949f60f951f62403f994ba4292cd94a5f75039f154c24b92c77e4bd82b8b596a13912e1770b2021ed5e1dd982524c9be2f1db58e0a4d4a510cd8f","2026-06-07T00:18:00.000","1","DRIVER",,"2213832",,"CADILLAC","SRX","IL","2014","UNKNOWN","UNKNOWN/NA","UNKNOWN/NA","W","STRAIGHT AHEAD",,,"1",,,,,"Y","Y",,,,,,,,,,,,"FRONT-RIGHT-CORNER",,,,,,,,,,,,,,,,,,,,,,,,,,,,,,,,,
"2321166","bff5747e4df949f60f951f62403f994ba4292cd94a5f75039f154c24b92c77e4bd82b8b596a13912e1770b2021ed5e1dd982524c9be2f1db58e0a4d4a510cd8f","2026-06-07T00:18:00.000","2","DRIVER",,"2213837",,"TOYOTA","PRIUS","IL","2015","UNKNOWN","PASSENGER","PERSONAL","W","STRAIGHT AHEAD",,,"1",,,,,,,,,,,"Y","Y",,,,,,"REAR-LEFT-CORNER",,,,,,,,,,,,,,,,,,,,,,,,,,,,,,,,,
"2321185","2f7a6ce03432914e53e5093df22d2a75d44ba224ec7c7ab72e37fcee72865fc2d907a82aaf5bbde8f8771df2a268c6466ef5c65dc6c5563d8470922400734569","2026-06-07T00:14:00.000","2","DRIVER",,"2213869",,"NOVA BUS","LFS",,,"NONE","BUS OVER 15 PASS.","CTA","N","STRAIGHT AHEAD",,,"1",,,,,,,,,,,,,,,"Y",,,"FRONT-LEFT-CORNER",,,,,,,,,,,,,,,,,,,,,,,,,,,,,,,,,
"2321193","2f7a6ce03432914e53e5093df22d2a75d44ba224ec7c7ab72e37fcee72865fc2d907a82aaf5bbde8f8771df2a268c6466ef5c65dc6c5563d8470922400734569","2026-06-07T00:14:00.000","1","DRIVER",,"2213858",,"CHEVROLET","TRAX","IN","2020","NONE","PASSENGER","PERSONAL","N","STRAIGHT AHEAD",,,"1",,,,,,,,,"Y",,,,,,,,,"REAR-RIGHT-CORNER",,,,,,,,,,,,,,,,,,,,,,,,,,,,,,,,,
"2321169","fd8cfd4c18ecb4a00bad1c72f9bf835354dc960c8923bb4a9a8c9a9b0061c20ef34c502c9bb354d6c7755fedf78bd6d35d55bcca1e5202f87dce2c0a6f945f34","2026-06-07T00:09:00.000","1","DRIVER","1","2213836",,"HYUNDAI","TUCSON","IL","2023","UNKNOWN","PASSENGER","PERSONAL","W","TURNING RIGHT","Y",,"2",,"CITY OF CHICAGO","POUND 2",,"Y","Y",,,,,,,,,,"Y",,"FRONT-RIGHT-CORNER",,,,,,,,,,,,,,,,,,,,,,,,,,,,,,,,,
"2321170","fd8cfd4c18ecb4a00bad1c72f9bf835354dc960c8923bb4a9a8c9a9b0061c20ef34c502c9bb354d6c7755fedf78bd6d35d55bcca1e5202f87dce2c0a6f945f34","2026-06-07T00:09:00.000","2","PARKED",,"2213843",,"CHEVROLET","TRAVERSE","IL","2011","UNKNOWN","PASSENGER","PERSONAL","UNKNOWN","PARKED",,,"0",,,,,,,,,,,"Y","Y","Y","Y","Y",,,"REAR-LEFT-CORNER",,,,,,,,,,,,,,,,,,,,,,,,,,,,,,,,,
"2321171","fd8cfd4c18ecb4a00bad1c72f9bf835354dc960c8923bb4a9a8c9a9b0061c20ef34c502c9bb354d6c7755fedf78bd6d35d55bcca1e5202f87dce2c0a6f945f34","2026-06-07T00:09:00.000","3","PARKED",,"2213848",,"HYUNDAI","ELANTRA","IL","2023","UNKNOWN","PASSENGER","PERSONAL","UNKNOWN","PARKED",,,"0",,,,,,,,,,"Y","Y","Y",,,,,,"SIDE-LEFT-REAR",,,,,,,,,,,,,,,,,,,,,,,,,,,,,,,,,
"2322340","54cfbc0cf708b7ef182539bbbeb4dfc083760395b0546c16a2153d61a68ebf4366dd29311361fd8dc6c9248ff66553ef227ce297b083c589aa01668beebcfc6a","2026-06-07T00:05:00.000","1","DRIVER",,"2214928",,"UNKNOWN","MOTORIZED",,,"UNKNOWN","UNKNOWN/NA","UNKNOWN/NA","E","UNKNOWN/NA",,,"1",,,,,,,,,,,,,,,,,"Y","UNKNOWN",,,,,,,,,,,,,,,,,,,,,,,,,,,,,,,,,
"2322341","54cfbc0cf708b7ef182539bbbeb4dfc083760395b0546c16a2153d61a68ebf4366dd29311361fd8dc6c9248ff66553ef227ce297b083c589aa01668beebcfc6a","2026-06-07T00:05:00.000","2","PARKED",,"2214942",,"RANGE ROVER OF NORTH AMERICA","RANGE ROVER OF NORTH AMERICA","IL","2018","NONE","PASSENGER","PERSONAL","E","PARKED",,,"0",,,,,,,,,,"Y","Y","Y","Y","Y",,,,"SIDE-LEFT",,,,,,,,,,,,,,,,,,,,,,,,,,,,,,,,,
"2321144","962e5c1ff06a184f2437b68bc0d405a1a95bcae8aea3df6d4ca0b9855f4278853c7bf29616602b37f687cc24fb5764a96e408a7bb07653138a2b4523702f44f2","2026-06-07T00:05:00.000","1","DRIVER",,"2213815",,"HYUNDAI","OTHER (EXPLAIN IN NARRATIVE)","IL","2014","NONE","PASSENGER","PERSONAL","NE","BACKING","Y",,"1",,"CITY OF CHICAGO","701 N SACRAMENTO",,,,,,,"Y","Y",,,,,,,"REAR-LEFT-CORNER",,,,,,,,,,,,,,,,,,,,,,,,,,,,,,,,,
"2321145","962e5c1ff06a184f2437b68bc0d405a1a95bcae8aea3df6d4ca0b9855f4278853c7bf29616602b37f687cc24fb5764a96e408a7bb07653138a2b4523702f44f2","2026-06-07T00:05:00.000","2","DRIVER","1","2213819",,"FORD","OTHER (EXPLAIN IN NARRATIVE)","IL","2021","NONE","PASSENGER","POLICE","W","STRAIGHT AHEAD",,,"2",,,,,,,"Y","Y",,,,,,,,,,"SIDE-RIGHT",,,,,,,,,,,,,,,,,,,,,,,,,,,,,,,,,
"2321132","b731f0ead50280d73f360642def000996a21eb02cdd02ef30589dad6515802ec9a20fcf605ef980860f3aa5f1ba67e0a73c250539da8acf94b63206081035799","2026-06-07T00:03:00.000","1","DRIVER",,"2213833",,"HONDA","CIVIC","IL","2016","UNKNOWN","PASSENGER","UNKNOWN/NA","E","STRAIGHT AHEAD",,,"1",,,,,,,,,,,,,,,,"Y",,"FRONT",,,,,,,,,,,,,,,,,,,,,,,,,,,,,,,,,
"2321133","b731f0ead50280d73f360642def000996a21eb02cdd02ef30589dad6515802ec9a20fcf605ef980860f3aa5f1ba67e0a73c250539da8acf94b63206081035799","2026-06-07T00:03:00.000","2","DRIVER",,"2213840",,"HONDA","OTHER (EXPLAIN IN NARRATIVE)","IL","2021","NONE","PASSENGER","NOT IN USE","E","SLOW/STOP IN TRAFFIC",,,"1",,,,,,,,,"Y","Y","Y",,,,,,,"REAR",,,,,,,,,,,,,,,,,,,,,,,,,,,,,,,,,
"2322516","ef273262b8dd11b723715e75d4f4e588cf3c29e606272628ad05eac40249b3943fa52c4ac689033329a7986ded647490d94b75f93451a4fa167a5b80c46bd2c5","2026-06-07T00:00:00.000","1","DRIVER",,"2215116",,"UNKNOWN","OTHER (EXPLAIN IN NARRATIVE)","IL",,"UNKNOWN","UNKNOWN/NA","UNKNOWN/NA","N","AVOIDING VEHICLES/OBJECTS",,,"1",,,,,,,,,,,,,,,,,"Y","UNKNOWN",,,,,,,,,,,,,,,,,,,,,,,,,,,,,,,,,
"2322517","ef273262b8dd11b723715e75d4f4e588cf3c29e606272628ad05eac40249b3943fa52c4ac689033329a7986ded647490d94b75f93451a4fa167a5b80c46bd2c5","2026-06-07T00:00:00.000","2","DRIVER",,"2215115",,"FORD","ESCAPE","IL","2021","UNKNOWN","PASSENGER","PERSONAL","N","SLOW/STOP IN TRAFFIC",,,"1",,,,,,,,,"Y","Y","Y",,,,,,,"REAR",,,,,,,,,,,,,,,,,,,,,,,,,,,,,,,,,
"2321130","49284810a08a45e226e1af4fde41e8c1a35336f3faf0e5fc126e05d763bb844e40ea9f50e602bd9335f8569b73e00775d11370a3d413e254fbb8a1149cd0de07","2026-06-06T23:53:00.000","1","DRIVER","1","2213803",,"MERCURY","SABLE","IL","2008","UNKNOWN","PASSENGER","UNKNOWN/NA","SE","TURNING LEFT",,,"2",,,,,,,,,,,"Y",,,,,,,"SIDE-LEFT-REAR",,,,,,,,,,,,,,,,,,,,,,,,,,,,,,,,,
"2321131","49284810a08a45e226e1af4fde41e8c1a35336f3faf0e5fc126e05d763bb844e40ea9f50e602bd9335f8569b73e00775d11370a3d413e254fbb8a1149cd0de07","2026-06-06T23:53:00.000","2","DRIVER","1","2213813",,"FORD","EXPLORER","IL","2024","UNKNOWN","PASSENGER","POLICE","SW","STRAIGHT AHEAD",,,"2",,,,,,,,,,,,,,,,"Y",,"FRONT",,,,,,,,,,,,,,,,,,,,,,,,,,,,,,,,,
"2321152","0119331aa30a5011b4ec4263a0244dd83fff635c77055d3eaa7b04e7671d43f6615843140e47660cc9c991ac201d364bc0f7e9bf8f2e53e4ad526637fd257143","2026-06-06T23:50:00.000","1","DRIVER",,"2213847",,"UNKNOWN","OTHER (EXPLAIN IN NARRATIVE)",,,"UNKNOWN","UNKNOWN/NA","UNKNOWN/NA","NE","U-TURN",,,"1",,,,,,,,,,,,,,,,,"Y","UNKNOWN",,,,,,,,,,,,,,,,,,,,,,,,,,,,,,,,,
"2321153","0119331aa30a5011b4ec4263a0244dd83fff635c77055d3eaa7b04e7671d43f6615843140e47660cc9c991ac201d364bc0f7e9bf8f2e53e4ad526637fd257143","2026-06-06T23:50:00.000","2","DRIVER",,"2213817",,"TOYOTA","COROLLA","IL","2010","NONE","PASSENGER","UNKNOWN/NA","E","AVOIDING VEHICLES/OBJECTS","N",,"1",,,,,"Y","Y","Y","Y","Y",,,,,,,,,"FRONT-RIGHT-CORNER",,,,,,,,,,,,,,,,,,,,,,,,,,,,,,,,,
"2321154","0119331aa30a5011b4ec4263a0244dd83fff635c77055d3eaa7b04e7671d43f6615843140e47660cc9c991ac201d364bc0f7e9bf8f2e53e4ad526637fd257143","2026-06-06T23:50:00.000","3","DRIVER",,"2213825",,"KIA","OPTIMA / K5","TN","2026","NONE","PASSENGER","OTHER","E","STRAIGHT AHEAD","Y",,"1",,,,,"Y","Y",,,,,"Y","Y","Y","Y","Y","Y",,"REAR-LEFT-CORNER",,,,,,,,,,,,,,,,,,,,,,,,,,,,,,,,,
"2321155","0119331aa30a5011b4ec4263a0244dd83fff635c77055d3eaa7b04e7671d43f6615843140e47660cc9c991ac201d364bc0f7e9bf8f2e53e4ad526637fd257143","2026-06-06T23:50:00.000","4","PARKED",,"2213827",,"MAZDA","CX-9","IL","2021","NONE","PASSENGER","UNKNOWN/NA","E","PARKED",,,"0",,,,,,,,,,,"Y","Y","Y","Y","Y",,,"REAR-LEFT-CORNER",,,,,,,,,,,,,,,,,,,,,,,,,,,,,,,,,
"2321156","0119331aa30a5011b4ec4263a0244dd83fff635c77055d3eaa7b04e7671d43f6615843140e47660cc9c991ac201d364bc0f7e9bf8f2e53e4ad526637fd257143","2026-06-06T23:50:00.000","5","PARKED",,"2213829",,"HONDA","PILOT","IL","2014","UNKNOWN","UNKNOWN/NA","UNKNOWN/NA","E","PARKED",,,"0",,,,,,,,,,,"Y","Y","Y","Y","Y",,,"REAR-LEFT-CORNER",,,,,,,,,,,,,,,,,,,,,,,,,,,,,,,,,
"2321159","94d7803b8ac52b218262debeeb72bf6847128a153399611963f3afa489e13c2bef0babc5f43ddf495e905275838f801ac564a5521bbeec0f3f43bc3ca0da57f3","2026-06-06T23:48:00.000","1","DRIVER",,"2213820",,"HONDA","CIVIC","IL","2009","NONE","PASSENGER","PERSONAL","W","STRAIGHT AHEAD",,,"1",,,,,,,,,,,,,,,"Y",,,"FRONT-LEFT-CORNER",,,,,,,,,,,,,,,,,,,,,,,,,,,,,,,,,